{
"type": "FeatureCollection",
"name": "clean_routing_network",
"crs": { "type": "name", "properties": { "name": "urn:ogc:def:crs:OGC:1.3:CRS84" } },
"features": [
{ "type": "Feature", "properties": { }, "geometry": { "type": "LineString", "coordinates": [ [ -47.862283, -3.700745 ], [ -47.862373, -3.700745 ] ] } },
{ "type": "Feature", "properties": { }, "geometry": { "type": "LineString", "coordinates": [ [ -47.862283, -3.700745 ], [ -47.861744, -3.700745 ], [ -47.861654, -3.700655 ] ] } },
{ "type": "Feature", "properties": { }, "geometry": { "type": "LineString", "coordinates": [ [ -47.90657, -3.704158 ], [ -47.906756, -3.704056 ], [ -47.906872, -3.703995 ], [ -47.906993, -3.703935 ], [ -47.907108, -3.703881 ], [ -47.907289, -3.703799 ] ] } },
{ "type": "Feature", "properties": { }, "geometry": { "type": "LineString", "coordinates": [ [ -47.893006, -3.680712 ], [ -47.893006, -3.680622 ] ] } },
{ "type": "Feature", "properties": { }, "geometry": { "type": "LineString", "coordinates": [ [ -47.98652, -3.716106 ], [ -47.98661, -3.716106 ] ] } },
{ "type": "Feature", "properties": { }, "geometry": { "type": "LineString", "coordinates": [ [ -47.996761, -3.720777 ], [ -47.996838, -3.720581 ], [ -47.996888, -3.720461 ], [ -47.996941, -3.720341 ], [ -47.997031, -3.720148 ] ] } },
{ "type": "Feature", "properties": { }, "geometry": { "type": "LineString", "coordinates": [ [ -47.909899, -3.672018 ], [ -47.909694, -3.671989 ], [ -47.909458, -3.671957 ], [ -47.909085, -3.671909 ] ] } },
{ "type": "Feature", "properties": { }, "geometry": { "type": "LineString", "coordinates": [ [ -47.952384, -3.723023 ], [ -47.952474, -3.722933 ] ] } },
{ "type": "Feature", "properties": { }, "geometry": { "type": "LineString", "coordinates": [ [ -47.910343, -3.706134 ], [ -47.910343, -3.705955 ], [ -47.910523, -3.705775 ] ] } },
{ "type": "Feature", "properties": { }, "geometry": { "type": "LineString", "coordinates": [ [ -47.983915, -3.678197 ], [ -47.984005, -3.678015 ], [ -47.984122, -3.677941 ], [ -47.984252, -3.677775 ], [ -47.984388, -3.677597 ], [ -47.984523, -3.677415 ], [ -47.98465, -3.677238 ], [ -47.984767, -3.67707 ], [ -47.984873, -3.676913 ], [ -47.98497, -3.676765 ], [ -47.985063, -3.676624 ], [ -47.985156, -3.676483 ], [ -47.985252, -3.67634 ], [ -47.985353, -3.676192 ], [ -47.985457, -3.676042 ], [ -47.985557, -3.6759 ], [ -47.985712, -3.675682 ] ] } },
{ "type": "Feature", "properties": { }, "geometry": { "type": "LineString", "coordinates": [ [ -47.878812, -3.717992 ], [ -47.878812, -3.717902 ] ] } },
{ "type": "Feature", "properties": { }, "geometry": { "type": "LineString", "coordinates": [ [ -47.906121, -3.689246 ], [ -47.906168, -3.687614 ], [ -47.906197, -3.686423 ], [ -47.906227, -3.685001 ], [ -47.906256, -3.683454 ], [ -47.906301, -3.680712 ] ] } },
{ "type": "Feature", "properties": { }, "geometry": { "type": "LineString", "coordinates": [ [ -47.921662, -3.701733 ], [ -47.921752, -3.701733 ] ] } },
{ "type": "Feature", "properties": { }, "geometry": { "type": "LineString", "coordinates": [ [ -47.884292, -3.717902 ], [ -47.884292, -3.717813 ] ] } },
{ "type": "Feature", "properties": { }, "geometry": { "type": "LineString", "coordinates": [ [ -47.904953, -3.702901 ], [ -47.904979, -3.702583 ], [ -47.904974, -3.702397 ], [ -47.904947, -3.702218 ], [ -47.904896, -3.702056 ], [ -47.904826, -3.70192 ], [ -47.904684, -3.701733 ] ] } },
{ "type": "Feature", "properties": { }, "geometry": { "type": "LineString", "coordinates": [ [ -47.904953, -3.702901 ], [ -47.904814, -3.702796 ], [ -47.904732, -3.702735 ], [ -47.904594, -3.702631 ] ] } },
{ "type": "Feature", "properties": { }, "geometry": { "type": "LineString", "coordinates": [ [ -47.921482, -3.685294 ], [ -47.921572, -3.685294 ] ] } },
{ "type": "Feature", "properties": { }, "geometry": { "type": "LineString", "coordinates": [ [ -47.921482, -3.685294 ], [ -47.920783, -3.685295 ], [ -47.920334, -3.685287 ], [ -47.919848, -3.685268 ], [ -47.919347, -3.685234 ], [ -47.918853, -3.685179 ], [ -47.918392, -3.685103 ], [ -47.91799, -3.685006 ], [ -47.917667, -3.684891 ], [ -47.917431, -3.684763 ], [ -47.91728, -3.684626 ], [ -47.917201, -3.684483 ], [ -47.917177, -3.684336 ], [ -47.917194, -3.684182 ], [ -47.91724, -3.684018 ], [ -47.917308, -3.683836 ], [ -47.917394, -3.683633 ], [ -47.917493, -3.683406 ], [ -47.917604, -3.683156 ], [ -47.917722, -3.682894 ], [ -47.917845, -3.68264 ], [ -47.918069, -3.682239 ] ] } },
{ "type": "Feature", "properties": { }, "geometry": { "type": "LineString", "coordinates": [ [ -47.945987, -3.729956 ], [ -47.946101, -3.729863 ], [ -47.946344, -3.729604 ], [ -47.94675, -3.729334 ], [ -47.947002, -3.729134 ], [ -47.947429, -3.728792 ], [ -47.947002, -3.729134 ], [ -47.94675, -3.729334 ], [ -47.946448, -3.729578 ], [ -47.946101, -3.729863 ], [ -47.945987, -3.729956 ] ] } },
{ "type": "Feature", "properties": { }, "geometry": { "type": "LineString", "coordinates": [ [ -47.945987, -3.729956 ], [ -47.945721, -3.730159 ], [ -47.945313, -3.730505 ], [ -47.944905, -3.730827 ], [ -47.944513, -3.73112 ], [ -47.944149, -3.731369 ], [ -47.94382, -3.731566 ], [ -47.943526, -3.731707 ], [ -47.943262, -3.731798 ], [ -47.943021, -3.731846 ], [ -47.942798, -3.731862 ], [ -47.942589, -3.731854 ], [ -47.942393, -3.731829 ], [ -47.942241, -3.731885 ], [ -47.942045, -3.731753 ], [ -47.94186, -3.731739 ], [ -47.941754, -3.731656 ], [ -47.941624, -3.731601 ], [ -47.94153, -3.731585 ], [ -47.941383, -3.731479 ], [ -47.941264, -3.73141 ], [ -47.941142, -3.731337 ], [ -47.941012, -3.731259 ], [ -47.940869, -3.731179 ], [ -47.940705, -3.731099 ], [ -47.940503, -3.731021 ], [ -47.940244, -3.730949 ], [ -47.939903, -3.730884 ], [ -47.939452, -3.73083 ], [ -47.938869, -3.730785 ], [ -47.938687, -3.730649 ], [ -47.93814, -3.730749 ], [ -47.937713, -3.730678 ], [ -47.937264, -3.73072 ], [ -47.93625, -3.730695 ], [ -47.935647, -3.7307 ], [ -47.935113, -3.730673 ], [ -47.93432, -3.730678 ], [ -47.93387, -3.730651 ], [ -47.932536, -3.730631 ], [ -47.931125, -3.730613 ], [ -47.929895, -3.730569 ], [ -47.92966, -3.730601 ], [ -47.928175, -3.730597 ], [ -47.926718, -3.730602 ], [ -47.925953, -3.730517 ], [ -47.925352, -3.730616 ], [ -47.92417, -3.730633 ], [ -47.922956, -3.730576 ], [ -47.92256, -3.730658 ] ] } },
{ "type": "Feature", "properties": { }, "geometry": { "type": "LineString", "coordinates": [ [ -47.945987, -3.729956 ], [ -47.945721, -3.730159 ], [ -47.945313, -3.730505 ], [ -47.944905, -3.730827 ], [ -47.944513, -3.73112 ], [ -47.944149, -3.731369 ], [ -47.94382, -3.731566 ], [ -47.943526, -3.731707 ], [ -47.943262, -3.731798 ], [ -47.943021, -3.731846 ], [ -47.942798, -3.731862 ], [ -47.942589, -3.731854 ], [ -47.942393, -3.731829 ], [ -47.942241, -3.731885 ], [ -47.942045, -3.731753 ], [ -47.94186, -3.731739 ], [ -47.941754, -3.731656 ], [ -47.941624, -3.731601 ], [ -47.94153, -3.731585 ], [ -47.941383, -3.731479 ], [ -47.941264, -3.73141 ], [ -47.941142, -3.731337 ], [ -47.941012, -3.731259 ], [ -47.940869, -3.731179 ], [ -47.940705, -3.731099 ], [ -47.940503, -3.731021 ], [ -47.940244, -3.730949 ], [ -47.939903, -3.730884 ], [ -47.939452, -3.73083 ], [ -47.938869, -3.730785 ], [ -47.938687, -3.730649 ], [ -47.93814, -3.730749 ], [ -47.937713, -3.730678 ], [ -47.937264, -3.73072 ], [ -47.93625, -3.730695 ], [ -47.935647, -3.7307 ], [ -47.935113, -3.730673 ], [ -47.93432, -3.730678 ], [ -47.93387, -3.730651 ], [ -47.932536, -3.730631 ], [ -47.931125, -3.730613 ], [ -47.929895, -3.730569 ], [ -47.92966, -3.730601 ], [ -47.928175, -3.730597 ], [ -47.926718, -3.730602 ], [ -47.925953, -3.730517 ], [ -47.925352, -3.730616 ], [ -47.92417, -3.730633 ], [ -47.922956, -3.730576 ], [ -47.92256, -3.730658 ] ] } },
{ "type": "Feature", "properties": { }, "geometry": { "type": "LineString", "coordinates": [ [ -47.980861, -3.694816 ], [ -47.980861, -3.694726 ] ] } },
{ "type": "Feature", "properties": { }, "geometry": { "type": "LineString", "coordinates": [ [ -47.990114, -3.707841 ], [ -47.990114, -3.707751 ] ] } },
{ "type": "Feature", "properties": { }, "geometry": { "type": "LineString", "coordinates": [ [ -47.906121, -3.689336 ], [ -47.906211, -3.689336 ] ] } },
{ "type": "Feature", "properties": { }, "geometry": { "type": "LineString", "coordinates": [ [ -47.906121, -3.689336 ], [ -47.906121, -3.689246 ] ] } },
{ "type": "Feature", "properties": { }, "geometry": { "type": "LineString", "coordinates": [ [ -47.944659, -3.701104 ], [ -47.944659, -3.701014 ] ] } },
{ "type": "Feature", "properties": { }, "geometry": { "type": "LineString", "coordinates": [ [ -47.910523, -3.705775 ], [ -47.910374, -3.705673 ], [ -47.910284, -3.705612 ], [ -47.910194, -3.705552 ], [ -47.91011, -3.705498 ], [ -47.909984, -3.705416 ] ] } },
{ "type": "Feature", "properties": { }, "geometry": { "type": "LineString", "coordinates": [ [ -47.989934, -3.68709 ], [ -47.990003, -3.68686 ], [ -47.990046, -3.686703 ], [ -47.990092, -3.686523 ], [ -47.990138, -3.686323 ], [ -47.990184, -3.686112 ], [ -47.990227, -3.685902 ], [ -47.990293, -3.685563 ] ] } },
{ "type": "Feature", "properties": { }, "geometry": { "type": "LineString", "coordinates": [ [ -47.967117, -3.728772 ], [ -47.966855, -3.728674 ], [ -47.966684, -3.728617 ], [ -47.966493, -3.728562 ], [ -47.966285, -3.728514 ], [ -47.966057, -3.728475 ], [ -47.965811, -3.728444 ], [ -47.965548, -3.728423 ], [ -47.965277, -3.728412 ], [ -47.965015, -3.728408 ], [ -47.964601, -3.728413 ] ] } },
{ "type": "Feature", "properties": { }, "geometry": { "type": "LineString", "coordinates": [ [ -47.98113, -3.679634 ], [ -47.98113, -3.679544 ] ] } },
{ "type": "Feature", "properties": { }, "geometry": { "type": "LineString", "coordinates": [ [ -47.915194, -3.693828 ], [ -47.915204, -3.693549 ], [ -47.915207, -3.693367 ], [ -47.915207, -3.693172 ], [ -47.915204, -3.692977 ], [ -47.915194, -3.69266 ] ] } },
{ "type": "Feature", "properties": { }, "geometry": { "type": "LineString", "coordinates": [ [ -47.879172, -3.720777 ], [ -47.879261, -3.720777 ] ] } },
{ "type": "Feature", "properties": { }, "geometry": { "type": "LineString", "coordinates": [ [ -47.989036, -3.695804 ], [ -47.989168, -3.695559 ], [ -47.989246, -3.695403 ], [ -47.989323, -3.695233 ], [ -47.989397, -3.695054 ], [ -47.989467, -3.694863 ], [ -47.989536, -3.694661 ], [ -47.989605, -3.694451 ], [ -47.989674, -3.694236 ], [ -47.989742, -3.694022 ], [ -47.989809, -3.693814 ], [ -47.989872, -3.693618 ], [ -47.989932, -3.693432 ], [ -47.989987, -3.693257 ], [ -47.990039, -3.693089 ], [ -47.990088, -3.692923 ], [ -47.990135, -3.692756 ], [ -47.990181, -3.692583 ], [ -47.990225, -3.692398 ], [ -47.990268, -3.692202 ], [ -47.990307, -3.691997 ], [ -47.990341, -3.691798 ], [ -47.990383, -3.691492 ] ] } },
{ "type": "Feature", "properties": { }, "geometry": { "type": "LineString", "coordinates": [ [ -47.989036, -3.695804 ], [ -47.988578, -3.695757 ], [ -47.988313, -3.695728 ], [ -47.988057, -3.695698 ], [ -47.987832, -3.695669 ], [ -47.987508, -3.695624 ] ] } },
{ "type": "Feature", "properties": { }, "geometry": { "type": "LineString", "coordinates": [ [ -47.864799, -3.697331 ], [ -47.864869, -3.696951 ], [ -47.864912, -3.696724 ], [ -47.864957, -3.696498 ], [ -47.865, -3.696292 ], [ -47.865068, -3.695983 ] ] } },
{ "type": "Feature", "properties": { }, "geometry": { "type": "LineString", "coordinates": [ [ -47.86381, -3.698858 ], [ -47.86391, -3.698666 ], [ -47.863969, -3.698544 ], [ -47.864028, -3.698414 ], [ -47.864085, -3.69828 ], [ -47.864139, -3.698147 ], [ -47.864192, -3.698018 ], [ -47.864246, -3.697895 ], [ -47.864303, -3.697781 ], [ -47.864365, -3.697678 ], [ -47.864433, -3.697587 ], [ -47.864508, -3.697508 ], [ -47.864589, -3.697443 ], [ -47.864669, -3.697391 ], [ -47.864799, -3.697331 ] ] } },
{ "type": "Feature", "properties": { }, "geometry": { "type": "LineString", "coordinates": [ [ -47.906301, -3.680532 ], [ -47.906336, -3.677189 ], [ -47.906356, -3.675276 ], [ -47.906391, -3.672088 ] ] } },
{ "type": "Feature", "properties": { }, "geometry": { "type": "LineString", "coordinates": [ [ -47.975291, -3.70829 ], [ -47.975141, -3.70818 ], [ -47.975054, -3.708112 ], [ -47.97497, -3.708043 ], [ -47.974842, -3.707931 ] ] } },
{ "type": "Feature", "properties": { }, "geometry": { "type": "LineString", "coordinates": [ [ -47.934508, -3.700206 ], [ -47.934517, -3.698317 ], [ -47.93452, -3.69726 ], [ -47.93452, -3.696287 ], [ -47.934517, -3.69547 ], [ -47.934508, -3.694367 ] ] } },
{ "type": "Feature", "properties": { }, "geometry": { "type": "LineString", "coordinates": [ [ -47.88555, -3.733084 ], [ -47.885729, -3.732904 ] ] } },
{ "type": "Feature", "properties": { }, "geometry": { "type": "LineString", "coordinates": [ [ -47.874231, -3.70874 ], [ -47.874177, -3.708236 ], [ -47.874143, -3.70795 ], [ -47.874109, -3.707688 ], [ -47.874051, -3.707302 ] ] } },
{ "type": "Feature", "properties": { }, "geometry": { "type": "LineString", "coordinates": [ [ -47.950228, -3.720777 ], [ -47.950138, -3.720687 ] ] } },
{ "type": "Feature", "properties": { }, "geometry": { "type": "LineString", "coordinates": [ [ -47.950228, -3.720777 ], [ -47.950138, -3.720867 ], [ -47.950049, -3.720777 ] ] } },
{ "type": "Feature", "properties": { }, "geometry": { "type": "LineString", "coordinates": [ [ -47.936664, -3.705775 ], [ -47.9361, -3.705722 ], [ -47.935771, -3.705687 ], [ -47.935454, -3.705649 ], [ -47.935168, -3.705608 ], [ -47.934927, -3.705569 ], [ -47.934598, -3.705506 ] ] } },
{ "type": "Feature", "properties": { }, "geometry": { "type": "LineString", "coordinates": [ [ -47.984724, -3.721226 ], [ -47.984724, -3.721136 ] ] } },
{ "type": "Feature", "properties": { }, "geometry": { "type": "LineString", "coordinates": [ [ -47.948432, -3.723652 ], [ -47.948531, -3.7234 ], [ -47.948591, -3.723237 ], [ -47.94865, -3.723059 ], [ -47.948706, -3.722874 ], [ -47.948758, -3.722688 ], [ -47.948808, -3.722506 ], [ -47.948856, -3.722332 ], [ -47.948902, -3.722167 ], [ -47.948947, -3.722009 ], [ -47.94899, -3.721856 ], [ -47.949031, -3.721707 ], [ -47.94907, -3.721561 ], [ -47.949104, -3.721427 ], [ -47.94915, -3.721226 ] ] } },
{ "type": "Feature", "properties": { }, "geometry": { "type": "LineString", "coordinates": [ [ -47.834256, -3.692031 ], [ -47.834346, -3.692031 ] ] } },
{ "type": "Feature", "properties": { }, "geometry": { "type": "LineString", "coordinates": [ [ -47.834256, -3.692031 ], [ -47.834164, -3.691576 ], [ -47.834123, -3.6913 ], [ -47.8341, -3.691019 ], [ -47.8341, -3.690752 ], [ -47.834125, -3.690509 ], [ -47.834172, -3.690295 ], [ -47.834236, -3.690114 ], [ -47.834308, -3.689969 ], [ -47.834435, -3.689785 ] ] } },
{ "type": "Feature", "properties": { }, "geometry": { "type": "LineString", "coordinates": [ [ -47.947665, -3.729956 ], [ -47.947638, -3.729783 ], [ -47.947533, -3.729131 ] ] } },
{ "type": "Feature", "properties": { }, "geometry": { "type": "LineString", "coordinates": [ [ -47.940077, -3.679904 ], [ -47.940218, -3.679833 ], [ -47.9403, -3.679792 ], [ -47.940437, -3.679724 ] ] } },
{ "type": "Feature", "properties": { }, "geometry": { "type": "LineString", "coordinates": [ [ -47.940077, -3.679904 ], [ -47.939977, -3.679751 ], [ -47.939918, -3.679657 ], [ -47.93986, -3.679558 ], [ -47.939804, -3.679456 ], [ -47.939752, -3.679352 ], [ -47.939705, -3.679245 ], [ -47.939661, -3.679134 ], [ -47.939621, -3.679021 ], [ -47.939587, -3.678911 ], [ -47.939538, -3.678736 ] ] } },
{ "type": "Feature", "properties": { }, "geometry": { "type": "LineString", "coordinates": [ [ -47.921774, -3.736073 ], [ -47.921729, -3.736431 ] ] } },
{ "type": "Feature", "properties": { }, "geometry": { "type": "LineString", "coordinates": [ [ -47.987149, -3.673346 ], [ -47.987239, -3.673346 ] ] } },
{ "type": "Feature", "properties": { }, "geometry": { "type": "LineString", "coordinates": [ [ -47.987149, -3.673346 ], [ -47.987149, -3.673256 ] ] } },
{ "type": "Feature", "properties": { }, "geometry": { "type": "LineString", "coordinates": [ [ -47.835513, -3.693109 ], [ -47.835573, -3.692996 ], [ -47.835608, -3.692927 ], [ -47.835642, -3.692859 ], [ -47.835693, -3.69275 ] ] } },
{ "type": "Feature", "properties": { }, "geometry": { "type": "LineString", "coordinates": [ [ -47.978615, -3.69266 ], [ -47.978667, -3.692347 ], [ -47.978701, -3.692155 ], [ -47.978738, -3.691957 ], [ -47.978778, -3.691758 ], [ -47.97882, -3.691559 ], [ -47.978863, -3.691358 ], [ -47.978907, -3.691152 ], [ -47.978952, -3.690939 ], [ -47.978997, -3.690719 ], [ -47.979042, -3.690492 ], [ -47.979087, -3.690257 ], [ -47.979132, -3.690016 ], [ -47.979177, -3.68977 ], [ -47.979222, -3.689518 ], [ -47.979266, -3.689259 ], [ -47.97931, -3.688991 ], [ -47.979354, -3.68871 ], [ -47.979395, -3.688416 ], [ -47.979434, -3.688112 ], [ -47.979468, -3.687819 ], [ -47.979513, -3.68736 ] ] } },
{ "type": "Feature", "properties": { }, "geometry": { "type": "LineString", "coordinates": [ [ -47.953013, -3.720507 ], [ -47.953103, -3.720507 ] ] } },
{ "type": "Feature", "properties": { }, "geometry": { "type": "LineString", "coordinates": [ [ -47.953013, -3.720507 ], [ -47.953013, -3.720418 ] ] } },
{ "type": "Feature", "properties": { }, "geometry": { "type": "LineString", "coordinates": [ [ -47.903606, -3.706943 ], [ -47.903696, -3.706943 ] ] } },
{ "type": "Feature", "properties": { }, "geometry": { "type": "LineString", "coordinates": [ [ -47.915643, -3.674424 ], [ -47.915378, -3.674192 ], [ -47.915208, -3.674037 ], [ -47.915026, -3.673861 ], [ -47.91484, -3.673668 ], [ -47.914659, -3.673459 ], [ -47.914488, -3.673237 ], [ -47.914333, -3.673005 ], [ -47.914197, -3.672768 ], [ -47.914085, -3.67254 ], [ -47.913936, -3.672178 ] ] } },
{ "type": "Feature", "properties": { }, "geometry": { "type": "LineString", "coordinates": [ [ -47.893006, -3.696972 ], [ -47.893545, -3.696972 ] ] } },
{ "type": "Feature", "properties": { }, "geometry": { "type": "LineString", "coordinates": [ [ -47.948162, -3.723562 ], [ -47.948032, -3.723472 ], [ -47.947948, -3.723419 ], [ -47.947861, -3.723369 ], [ -47.947713, -3.723292 ] ] } },
{ "type": "Feature", "properties": { }, "geometry": { "type": "LineString", "coordinates": [ [ -47.985442, -3.672717 ], [ -47.985442, -3.672537 ], [ -47.985622, -3.672358 ] ] } },
{ "type": "Feature", "properties": { }, "geometry": { "type": "LineString", "coordinates": [ [ -47.939538, -3.678646 ], [ -47.939628, -3.678556 ], [ -47.940347, -3.678556 ] ] } },
{ "type": "Feature", "properties": { }, "geometry": { "type": "LineString", "coordinates": [ [ -47.859049, -3.689156 ], [ -47.859003, -3.688807 ], [ -47.858973, -3.688582 ], [ -47.858943, -3.688341 ], [ -47.858915, -3.688104 ], [ -47.85887, -3.687719 ] ] } },
{ "type": "Feature", "properties": { }, "geometry": { "type": "LineString", "coordinates": [ [ -47.881956, -3.723382 ], [ -47.882046, -3.723382 ] ] } },
{ "type": "Feature", "properties": { }, "geometry": { "type": "LineString", "coordinates": [ [ -47.881956, -3.723382 ], [ -47.881687, -3.723113 ], [ -47.881687, -3.721046 ] ] } },
{ "type": "Feature", "properties": { }, "geometry": { "type": "LineString", "coordinates": [ [ -47.951666, -3.717992 ], [ -47.951893, -3.717892 ], [ -47.952042, -3.717833 ], [ -47.952209, -3.717774 ], [ -47.95239, -3.717718 ], [ -47.95258, -3.717666 ], [ -47.952774, -3.717616 ], [ -47.952967, -3.717569 ], [ -47.953154, -3.717525 ], [ -47.953329, -3.717483 ], [ -47.953489, -3.717445 ], [ -47.953627, -3.717411 ], [ -47.953822, -3.717363 ] ] } },
{ "type": "Feature", "properties": { }, "geometry": { "type": "LineString", "coordinates": [ [ -47.951666, -3.717992 ], [ -47.951454, -3.717746 ], [ -47.951332, -3.717603 ], [ -47.951127, -3.717363 ] ] } },
{ "type": "Feature", "properties": { }, "geometry": { "type": "LineString", "coordinates": [ [ -47.884382, -3.719519 ], [ -47.884472, -3.719519 ] ] } },
{ "type": "Feature", "properties": { }, "geometry": { "type": "LineString", "coordinates": [ [ -47.884382, -3.719519 ], [ -47.884382, -3.71943 ] ] } },
{ "type": "Feature", "properties": { }, "geometry": { "type": "LineString", "coordinates": [ [ -47.861475, -3.69239 ], [ -47.861565, -3.69239 ] ] } },
{ "type": "Feature", "properties": { }, "geometry": { "type": "LineString", "coordinates": [ [ -47.940616, -3.684126 ], [ -47.940548, -3.68391 ], [ -47.940504, -3.683774 ], [ -47.940455, -3.683626 ], [ -47.940405, -3.683468 ], [ -47.940355, -3.683299 ], [ -47.940306, -3.683118 ], [ -47.940261, -3.682926 ], [ -47.940222, -3.682735 ], [ -47.940167, -3.682419 ] ] } },
{ "type": "Feature", "properties": { }, "geometry": { "type": "LineString", "coordinates": [ [ -47.951755, -3.724819 ], [ -47.951809, -3.724686 ], [ -47.951846, -3.724599 ], [ -47.951888, -3.724502 ], [ -47.951935, -3.724396 ], [ -47.951987, -3.724283 ], [ -47.952044, -3.724162 ], [ -47.952103, -3.724035 ], [ -47.952164, -3.723903 ], [ -47.952221, -3.723768 ], [ -47.952273, -3.723633 ], [ -47.952316, -3.723501 ], [ -47.952348, -3.723377 ], [ -47.952369, -3.723268 ], [ -47.952384, -3.723113 ] ] } },
{ "type": "Feature", "properties": { }, "geometry": { "type": "LineString", "coordinates": [ [ -47.923548, -3.69275 ], [ -47.923567, -3.692298 ], [ -47.923578, -3.692002 ], [ -47.923588, -3.691673 ], [ -47.923599, -3.691321 ], [ -47.92361, -3.69096 ], [ -47.923621, -3.69061 ], [ -47.923638, -3.690055 ] ] } },
{ "type": "Feature", "properties": { }, "geometry": { "type": "LineString", "coordinates": [ [ -47.990473, -3.673885 ], [ -47.990541, -3.67363 ], [ -47.990584, -3.673465 ], [ -47.990629, -3.673284 ], [ -47.990674, -3.673091 ], [ -47.990719, -3.672886 ], [ -47.990764, -3.67267 ], [ -47.990808, -3.672441 ], [ -47.990851, -3.672201 ], [ -47.990892, -3.671952 ], [ -47.99093, -3.671702 ], [ -47.990964, -3.671466 ], [ -47.991012, -3.6711 ] ] } },
{ "type": "Feature", "properties": { }, "geometry": { "type": "LineString", "coordinates": [ [ -47.938011, -3.703529 ], [ -47.937798, -3.703429 ], [ -47.937663, -3.70337 ], [ -47.937517, -3.703309 ], [ -47.937369, -3.703249 ], [ -47.937224, -3.70319 ], [ -47.937085, -3.703129 ], [ -47.936957, -3.703063 ], [ -47.936841, -3.702992 ], [ -47.936739, -3.702912 ], [ -47.936649, -3.702823 ], [ -47.936569, -3.702727 ], [ -47.936498, -3.702622 ], [ -47.936434, -3.702511 ], [ -47.936374, -3.702396 ], [ -47.93632, -3.702279 ], [ -47.936274, -3.70217 ], [ -47.936215, -3.702002 ] ] } },
{ "type": "Feature", "properties": { }, "geometry": { "type": "LineString", "coordinates": [ [ -47.926064, -3.685294 ], [ -47.926064, -3.685204 ] ] } },
{ "type": "Feature", "properties": { }, "geometry": { "type": "LineString", "coordinates": [ [ -47.931723, -3.70308 ], [ -47.931777, -3.702967 ], [ -47.93181, -3.702898 ], [ -47.931845, -3.70283 ], [ -47.931903, -3.702721 ] ] } },
{ "type": "Feature", "properties": { }, "geometry": { "type": "LineString", "coordinates": [ [ -47.980232, -3.695804 ], [ -47.980301, -3.695633 ], [ -47.980345, -3.695524 ], [ -47.98039, -3.695409 ], [ -47.980437, -3.695292 ], [ -47.980482, -3.695176 ], [ -47.980525, -3.695069 ], [ -47.980591, -3.694906 ] ] } },
{ "type": "Feature", "properties": { }, "geometry": { "type": "LineString", "coordinates": [ [ -47.980502, -3.67137 ], [ -47.980591, -3.67137 ] ] } },
{ "type": "Feature", "properties": { }, "geometry": { "type": "LineString", "coordinates": [ [ -47.980502, -3.67137 ], [ -47.980412, -3.67128 ] ] } },
{ "type": "Feature", "properties": { }, "geometry": { "type": "LineString", "coordinates": [ [ -47.881238, -3.725269 ], [ -47.881328, -3.725269 ] ] } },
{ "type": "Feature", "properties": { }, "geometry": { "type": "LineString", "coordinates": [ [ -47.881238, -3.725269 ], [ -47.881067, -3.725105 ], [ -47.880964, -3.725003 ], [ -47.880862, -3.724899 ], [ -47.880699, -3.72473 ] ] } },
{ "type": "Feature", "properties": { }, "geometry": { "type": "LineString", "coordinates": [ [ -47.880519, -3.71359 ], [ -47.880519, -3.713501 ] ] } },
{ "type": "Feature", "properties": { }, "geometry": { "type": "LineString", "coordinates": [ [ -47.980591, -3.694906 ], [ -47.980681, -3.694816 ], [ -47.980771, -3.694816 ] ] } },
{ "type": "Feature", "properties": { }, "geometry": { "type": "LineString", "coordinates": [ [ -47.980591, -3.694906 ], [ -47.980502, -3.694816 ], [ -47.980232, -3.694816 ] ] } },
{ "type": "Feature", "properties": { }, "geometry": { "type": "LineString", "coordinates": [ [ -47.924896, -3.672537 ], [ -47.924645, -3.672254 ], [ -47.924448, -3.672101 ], [ -47.924192, -3.671968 ], [ -47.923875, -3.671865 ], [ -47.923501, -3.671793 ], [ -47.923079, -3.671748 ], [ -47.922631, -3.671725 ], [ -47.92219, -3.671718 ], [ -47.921482, -3.671729 ] ] } },
{ "type": "Feature", "properties": { }, "geometry": { "type": "LineString", "coordinates": [ [ -47.980322, -3.728772 ], [ -47.980302, -3.72843 ], [ -47.980299, -3.728217 ], [ -47.980306, -3.727993 ], [ -47.980325, -3.727772 ], [ -47.980353, -3.727564 ], [ -47.980412, -3.727245 ] ] } },
{ "type": "Feature", "properties": { }, "geometry": { "type": "LineString", "coordinates": [ [ -47.980232, -3.71368 ], [ -47.980322, -3.71359 ], [ -47.980681, -3.71359 ] ] } },
{ "type": "Feature", "properties": { }, "geometry": { "type": "LineString", "coordinates": [ [ -47.983107, -3.684126 ], [ -47.983196, -3.684126 ] ] } },
{ "type": "Feature", "properties": { }, "geometry": { "type": "LineString", "coordinates": [ [ -47.983107, -3.684126 ], [ -47.983107, -3.684036 ] ] } },
{ "type": "Feature", "properties": { }, "geometry": { "type": "LineString", "coordinates": [ [ -47.980502, -3.697061 ], [ -47.980681, -3.696882 ], [ -47.980951, -3.696882 ] ] } },
{ "type": "Feature", "properties": { }, "geometry": { "type": "LineString", "coordinates": [ [ -47.980502, -3.697061 ], [ -47.980052, -3.697061 ], [ -47.980014, -3.696965 ] ] } },
{ "type": "Feature", "properties": { }, "geometry": { "type": "LineString", "coordinates": [ [ -47.900102, -3.688168 ], [ -47.900102, -3.688078 ] ] } },
{ "type": "Feature", "properties": { }, "geometry": { "type": "LineString", "coordinates": [ [ -47.881328, -3.725269 ], [ -47.881777, -3.724819 ] ] } },
{ "type": "Feature", "properties": { }, "geometry": { "type": "LineString", "coordinates": [ [ -47.930825, -3.703799 ], [ -47.930915, -3.703799 ] ] } },
{ "type": "Feature", "properties": { }, "geometry": { "type": "LineString", "coordinates": [ [ -47.930825, -3.703799 ], [ -47.930735, -3.703709 ], [ -47.930645, -3.703709 ] ] } },
{ "type": "Feature", "properties": { }, "geometry": { "type": "LineString", "coordinates": [ [ -47.957864, -3.720597 ], [ -47.957933, -3.720477 ], [ -47.957977, -3.720399 ], [ -47.958024, -3.720314 ], [ -47.958074, -3.720224 ], [ -47.958127, -3.720129 ], [ -47.958184, -3.720029 ], [ -47.958246, -3.719923 ], [ -47.958314, -3.71981 ], [ -47.958387, -3.719693 ], [ -47.958465, -3.71957 ], [ -47.958547, -3.719443 ], [ -47.958631, -3.719313 ], [ -47.958718, -3.719183 ], [ -47.958804, -3.719052 ], [ -47.958888, -3.718925 ], [ -47.95897, -3.718801 ], [ -47.959048, -3.718685 ], [ -47.959116, -3.718583 ], [ -47.959211, -3.718441 ] ] } },
{ "type": "Feature", "properties": { }, "geometry": { "type": "LineString", "coordinates": [ [ -47.957864, -3.720597 ], [ -47.957653, -3.720545 ], [ -47.957524, -3.720512 ], [ -47.957389, -3.720475 ], [ -47.957254, -3.720436 ], [ -47.957118, -3.720397 ], [ -47.956981, -3.720358 ], [ -47.956846, -3.720321 ], [ -47.956717, -3.720287 ], [ -47.956517, -3.720238 ] ] } },
{ "type": "Feature", "properties": { }, "geometry": { "type": "LineString", "coordinates": [ [ -47.998648, -3.720328 ], [ -47.998737, -3.720328 ] ] } },
{ "type": "Feature", "properties": { }, "geometry": { "type": "LineString", "coordinates": [ [ -47.983107, -3.684036 ], [ -47.983158, -3.683562 ], [ -47.983192, -3.683278 ], [ -47.98323, -3.68299 ], [ -47.98327, -3.682711 ], [ -47.983312, -3.682443 ], [ -47.983355, -3.682186 ], [ -47.983399, -3.681938 ], [ -47.983444, -3.681695 ], [ -47.983488, -3.681456 ], [ -47.983533, -3.681219 ], [ -47.983578, -3.680983 ], [ -47.983624, -3.680745 ], [ -47.983669, -3.680504 ], [ -47.983715, -3.680257 ], [ -47.983761, -3.680004 ], [ -47.983808, -3.679745 ], [ -47.983855, -3.679483 ], [ -47.983901, -3.679225 ], [ -47.98394, -3.679021 ], [ -47.984005, -3.678646 ] ] } },
{ "type": "Feature", "properties": { }, "geometry": { "type": "LineString", "coordinates": [ [ -47.872434, -3.708021 ], [ -47.872524, -3.708021 ] ] } },
{ "type": "Feature", "properties": { }, "geometry": { "type": "LineString", "coordinates": [ [ -47.872434, -3.708021 ], [ -47.872344, -3.707931 ] ] } },
{ "type": "Feature", "properties": { }, "geometry": { "type": "LineString", "coordinates": [ [ -47.985622, -3.672358 ], [ -47.985673, -3.672099 ], [ -47.985705, -3.67194 ], [ -47.98574, -3.671776 ], [ -47.985776, -3.671614 ], [ -47.985811, -3.671458 ], [ -47.985843, -3.671315 ], [ -47.985891, -3.6711 ] ] } },
{ "type": "Feature", "properties": { }, "geometry": { "type": "LineString", "coordinates": [ [ -47.86929, -3.706134 ], [ -47.86938, -3.706134 ] ] } },
{ "type": "Feature", "properties": { }, "geometry": { "type": "LineString", "coordinates": [ [ -47.86929, -3.706134 ], [ -47.8692, -3.706045 ] ] } },
{ "type": "Feature", "properties": { }, "geometry": { "type": "LineString", "coordinates": [ [ -47.905762, -3.709368 ], [ -47.905797, -3.707323 ], [ -47.905817, -3.706142 ], [ -47.905852, -3.704158 ] ] } },
{ "type": "Feature", "properties": { }, "geometry": { "type": "LineString", "coordinates": [ [ -47.905762, -3.709368 ], [ -47.905409, -3.709372 ], [ -47.905206, -3.709372 ], [ -47.904863, -3.709368 ] ] } },
{ "type": "Feature", "properties": { }, "geometry": { "type": "LineString", "coordinates": [ [ -47.917619, -3.67631 ], [ -47.917799, -3.676131 ] ] } },
{ "type": "Feature", "properties": { }, "geometry": { "type": "LineString", "coordinates": [ [ -47.834525, -3.688168 ], [ -47.83453, -3.687687 ], [ -47.834539, -3.687392 ], [ -47.834554, -3.687087 ], [ -47.834575, -3.686787 ], [ -47.834601, -3.686501 ], [ -47.834629, -3.686234 ], [ -47.834658, -3.685997 ], [ -47.834705, -3.685653 ] ] } },
{ "type": "Feature", "properties": { }, "geometry": { "type": "LineString", "coordinates": [ [ -47.913936, -3.705326 ], [ -47.914143, -3.705226 ], [ -47.914266, -3.705167 ], [ -47.91439, -3.705108 ], [ -47.91451, -3.705052 ], [ -47.914622, -3.704999 ], [ -47.914729, -3.704949 ], [ -47.914832, -3.704902 ], [ -47.914933, -3.704855 ], [ -47.915032, -3.70481 ], [ -47.915133, -3.704764 ], [ -47.915234, -3.70472 ], [ -47.915334, -3.704675 ], [ -47.915435, -3.70463 ], [ -47.915534, -3.704585 ], [ -47.915631, -3.70454 ], [ -47.915726, -3.704495 ], [ -47.915819, -3.70445 ], [ -47.915911, -3.704405 ], [ -47.916002, -3.70436 ], [ -47.916092, -3.704315 ], [ -47.916182, -3.70427 ], [ -47.916272, -3.704226 ], [ -47.916362, -3.704181 ], [ -47.916452, -3.704136 ], [ -47.916543, -3.704091 ], [ -47.916635, -3.704046 ], [ -47.916728, -3.704001 ], [ -47.916823, -3.703956 ], [ -47.916921, -3.703911 ], [ -47.917019, -3.703866 ], [ -47.91712, -3.703821 ], [ -47.917221, -3.703776 ], [ -47.917321, -3.703731 ], [ -47.91742, -3.703687 ], [ -47.917517, -3.703642 ], [ -47.917612, -3.703597 ], [ -47.917706, -3.703552 ], [ -47.917797, -3.703507 ], [ -47.917888, -3.703462 ], [ -47.917979, -3.703417 ], [ -47.918069, -3.703372 ], [ -47.918159, -3.703327 ], [ -47.918248, -3.703282 ], [ -47.918338, -3.703237 ], [ -47.918428, -3.703192 ], [ -47.918518, -3.703148 ], [ -47.918608, -3.703103 ], [ -47.918698, -3.703058 ], [ -47.918789, -3.703013 ], [ -47.918881, -3.702968 ], [ -47.918974, -3.702923 ], [ -47.919069, -3.702878 ], [ -47.919166, -3.702833 ], [ -47.919265, -3.702788 ], [ -47.919366, -3.702743 ], [ -47.919467, -3.702698 ], [ -47.919567, -3.702653 ], [ -47.919666, -3.702609 ], [ -47.919763, -3.702564 ], [ -47.919858, -3.702519 ], [ -47.919951, -3.702474 ], [ -47.920043, -3.702429 ], [ -47.920134, -3.702384 ], [ -47.920224, -3.702339 ], [ -47.920314, -3.702294 ], [ -47.920404, -3.702249 ], [ -47.920494, -3.702204 ], [ -47.920584, -3.702159 ], [ -47.920675, -3.702114 ], [ -47.920768, -3.702068 ], [ -47.920863, -3.702022 ], [ -47.920963, -3.701976 ], [ -47.921069, -3.701929 ], [ -47.921182, -3.701882 ], [ -47.921303, -3.701835 ], [ -47.921426, -3.701792 ], [ -47.921533, -3.701759 ], [ -47.921662, -3.701733 ] ] } },
{ "type": "Feature", "properties": { }, "geometry": { "type": "LineString", "coordinates": [ [ -47.995953, -3.723652 ], [ -47.996042, -3.723652 ] ] } },
{ "type": "Feature", "properties": { }, "geometry": { "type": "LineString", "coordinates": [ [ -47.995953, -3.723652 ], [ -47.995953, -3.723562 ] ] } },
{ "type": "Feature", "properties": { }, "geometry": { "type": "LineString", "coordinates": [ [ -47.983825, -3.678287 ], [ -47.983915, -3.678197 ] ] } },
{ "type": "Feature", "properties": { }, "geometry": { "type": "LineString", "coordinates": [ [ -47.983825, -3.678287 ], [ -47.983857, -3.678248 ], [ -47.983878, -3.678228 ], [ -47.983915, -3.678197 ] ] } },
{ "type": "Feature", "properties": { }, "geometry": { "type": "LineString", "coordinates": [ [ -47.892467, -3.68197 ], [ -47.892513, -3.681612 ], [ -47.892554, -3.681401 ], [ -47.892612, -3.681194 ], [ -47.892685, -3.681006 ], [ -47.892768, -3.680845 ], [ -47.892916, -3.680622 ] ] } },
{ "type": "Feature", "properties": { }, "geometry": { "type": "LineString", "coordinates": [ [ -47.940077, -3.684485 ], [ -47.940167, -3.684485 ], [ -47.940257, -3.684395 ] ] } },
{ "type": "Feature", "properties": { }, "geometry": { "type": "LineString", "coordinates": [ [ -47.871716, -3.695355 ], [ -47.871776, -3.695199 ], [ -47.871809, -3.695091 ], [ -47.87184, -3.694967 ], [ -47.871864, -3.694827 ], [ -47.871881, -3.694676 ], [ -47.871891, -3.694525 ], [ -47.871895, -3.694277 ] ] } },
{ "type": "Feature", "properties": { }, "geometry": { "type": "LineString", "coordinates": [ [ -47.88025, -3.713321 ], [ -47.880444, -3.713067 ], [ -47.880576, -3.7129 ], [ -47.880718, -3.712725 ], [ -47.880968, -3.712423 ] ] } },
{ "type": "Feature", "properties": { }, "geometry": { "type": "LineString", "coordinates": [ [ -47.952564, -3.72994 ], [ -47.952384, -3.72994 ], [ -47.952294, -3.72985 ] ] } },
{ "type": "Feature", "properties": { }, "geometry": { "type": "LineString", "coordinates": [ [ -47.999546, -3.722035 ], [ -47.999636, -3.722035 ] ] } },
{ "type": "Feature", "properties": { }, "geometry": { "type": "LineString", "coordinates": [ [ -47.999546, -3.722035 ], [ -47.999394, -3.721983 ], [ -47.999301, -3.721949 ], [ -47.999204, -3.721911 ], [ -47.999108, -3.72187 ], [ -47.999013, -3.721826 ], [ -47.998919, -3.721778 ], [ -47.998826, -3.721726 ], [ -47.998734, -3.721666 ], [ -47.998644, -3.721598 ], [ -47.998557, -3.72152 ], [ -47.998474, -3.721431 ], [ -47.998397, -3.721333 ], [ -47.998329, -3.721227 ], [ -47.998272, -3.721124 ], [ -47.998198, -3.720957 ] ] } },
{ "type": "Feature", "properties": { }, "geometry": { "type": "LineString", "coordinates": [ [ -47.903696, -3.698319 ], [ -47.903834, -3.698183 ], [ -47.903916, -3.698097 ], [ -47.903998, -3.698005 ], [ -47.904075, -3.697912 ], [ -47.904141, -3.697825 ], [ -47.904235, -3.69769 ] ] } },
{ "type": "Feature", "properties": { }, "geometry": { "type": "LineString", "coordinates": [ [ -47.902348, -3.694007 ], [ -47.902572, -3.693905 ], [ -47.902709, -3.69384 ], [ -47.902851, -3.69377 ], [ -47.902991, -3.693697 ], [ -47.903126, -3.693626 ], [ -47.903253, -3.693556 ], [ -47.903372, -3.693491 ], [ -47.903483, -3.69343 ], [ -47.903587, -3.693373 ], [ -47.903686, -3.69332 ], [ -47.903783, -3.693269 ], [ -47.903877, -3.693219 ], [ -47.903972, -3.69317 ], [ -47.904068, -3.693118 ], [ -47.904167, -3.693065 ], [ -47.904268, -3.693007 ], [ -47.904373, -3.692946 ], [ -47.904481, -3.69288 ], [ -47.904591, -3.692808 ], [ -47.904702, -3.692729 ], [ -47.904813, -3.692643 ], [ -47.904921, -3.69255 ], [ -47.905022, -3.692452 ], [ -47.905109, -3.692358 ], [ -47.905223, -3.692211 ] ] } },
{ "type": "Feature", "properties": { }, "geometry": { "type": "LineString", "coordinates": [ [ -47.947623, -3.728413 ], [ -47.947799, -3.728328 ], [ -47.947916, -3.728266 ], [ -47.948048, -3.728192 ], [ -47.948193, -3.728103 ], [ -47.94835, -3.728001 ], [ -47.948518, -3.727886 ], [ -47.948695, -3.727758 ], [ -47.948879, -3.727621 ], [ -47.949011, -3.727585 ], [ -47.949252, -3.727331 ], [ -47.949425, -3.727192 ], [ -47.949663, -3.727088 ] ] } },
{ "type": "Feature", "properties": { }, "geometry": { "type": "LineString", "coordinates": [ [ -47.947623, -3.728413 ], [ -47.94763, -3.72723 ], [ -47.947639, -3.726483 ], [ -47.947654, -3.7257 ], [ -47.947674, -3.724943 ], [ -47.947713, -3.723741 ] ] } },
{ "type": "Feature", "properties": { }, "geometry": { "type": "LineString", "coordinates": [ [ -47.900731, -3.695175 ], [ -47.900892, -3.695031 ], [ -47.900999, -3.694946 ], [ -47.901118, -3.694863 ], [ -47.901246, -3.694788 ], [ -47.901381, -3.694723 ], [ -47.90152, -3.694672 ], [ -47.901658, -3.694636 ], [ -47.901792, -3.694616 ], [ -47.901918, -3.694612 ], [ -47.902034, -3.694621 ], [ -47.902138, -3.694641 ], [ -47.902227, -3.694669 ], [ -47.902348, -3.694726 ] ] } },
{ "type": "Feature", "properties": { }, "geometry": { "type": "LineString", "coordinates": [ [ -47.92256, -3.730658 ], [ -47.922518, -3.731236 ] ] } },
{ "type": "Feature", "properties": { }, "geometry": { "type": "LineString", "coordinates": [ [ -47.92256, -3.730658 ], [ -47.9202, -3.730597 ], [ -47.918702, -3.730562 ], [ -47.917107, -3.730528 ], [ -47.915827, -3.730503 ], [ -47.915484, -3.730497 ], [ -47.913869, -3.73047 ], [ -47.912295, -3.73043 ], [ -47.910573, -3.730444 ], [ -47.909899, -3.730411 ] ] } },
{ "type": "Feature", "properties": { }, "geometry": { "type": "LineString", "coordinates": [ [ -47.92256, -3.730658 ], [ -47.9202, -3.730597 ], [ -47.918702, -3.730562 ], [ -47.917107, -3.730528 ], [ -47.915827, -3.730503 ], [ -47.915484, -3.730497 ], [ -47.913869, -3.73047 ], [ -47.912295, -3.73043 ], [ -47.910573, -3.730444 ], [ -47.909899, -3.730411 ] ] } },
{ "type": "Feature", "properties": { }, "geometry": { "type": "LineString", "coordinates": [ [ -47.959635, -3.72673 ], [ -47.95967, -3.726281 ], [ -47.959662, -3.726079 ], [ -47.959635, -3.725875 ], [ -47.959588, -3.725677 ], [ -47.959521, -3.72549 ], [ -47.959437, -3.725313 ], [ -47.959343, -3.725147 ], [ -47.959243, -3.724988 ], [ -47.959143, -3.724833 ], [ -47.959043, -3.724678 ], [ -47.958944, -3.724519 ], [ -47.958844, -3.724353 ], [ -47.958741, -3.724179 ], [ -47.958636, -3.724001 ], [ -47.95853, -3.723823 ], [ -47.958427, -3.72365 ], [ -47.958331, -3.723486 ], [ -47.958241, -3.723331 ], [ -47.95816, -3.723185 ], [ -47.958085, -3.723045 ], [ -47.958015, -3.722908 ], [ -47.957951, -3.722775 ], [ -47.957891, -3.722648 ], [ -47.95784, -3.722539 ], [ -47.957774, -3.722394 ] ] } },
{ "type": "Feature", "properties": { }, "geometry": { "type": "LineString", "coordinates": [ [ -47.959635, -3.72673 ], [ -47.959247, -3.726606 ], [ -47.959082, -3.726569 ], [ -47.958917, -3.726555 ], [ -47.9587, -3.726542 ], [ -47.9585, -3.726547 ], [ -47.95828, -3.726518 ], [ -47.957826, -3.726555 ], [ -47.957415, -3.726477 ], [ -47.957019, -3.72646 ], [ -47.956427, -3.726436 ] ] } },
{ "type": "Feature", "properties": { }, "geometry": { "type": "LineString", "coordinates": [ [ -47.939089, -3.706494 ], [ -47.939179, -3.706494 ] ] } },
{ "type": "Feature", "properties": { }, "geometry": { "type": "LineString", "coordinates": [ [ -47.833358, -3.685473 ], [ -47.833447, -3.685473 ] ] } },
{ "type": "Feature", "properties": { }, "geometry": { "type": "LineString", "coordinates": [ [ -47.893365, -3.688707 ], [ -47.893433, -3.688443 ], [ -47.893483, -3.68828 ], [ -47.893542, -3.688111 ], [ -47.893611, -3.687941 ], [ -47.893688, -3.687773 ], [ -47.893772, -3.687608 ], [ -47.893858, -3.687449 ], [ -47.893943, -3.687297 ], [ -47.894024, -3.687153 ], [ -47.894097, -3.687019 ], [ -47.894164, -3.686893 ], [ -47.894223, -3.686776 ], [ -47.894277, -3.686667 ], [ -47.894327, -3.686563 ], [ -47.894373, -3.686464 ], [ -47.894416, -3.68637 ], [ -47.894456, -3.686281 ], [ -47.894489, -3.686204 ], [ -47.894533, -3.686102 ] ] } },
{ "type": "Feature", "properties": { }, "geometry": { "type": "LineString", "coordinates": [ [ -47.894263, -3.688797 ], [ -47.894353, -3.688797 ] ] } },
{ "type": "Feature", "properties": { }, "geometry": { "type": "LineString", "coordinates": [ [ -47.894263, -3.688797 ], [ -47.893455, -3.688797 ], [ -47.893365, -3.688707 ] ] } },
{ "type": "Feature", "properties": { }, "geometry": { "type": "LineString", "coordinates": [ [ -47.923548, -3.700655 ], [ -47.923729, -3.700596 ], [ -47.923842, -3.700557 ], [ -47.923961, -3.700512 ], [ -47.924082, -3.700462 ], [ -47.924203, -3.700408 ], [ -47.924324, -3.700352 ], [ -47.924445, -3.700294 ], [ -47.924566, -3.700235 ], [ -47.924686, -3.700176 ], [ -47.924805, -3.700117 ], [ -47.924924, -3.700058 ], [ -47.925042, -3.7 ], [ -47.925157, -3.699943 ], [ -47.925271, -3.699889 ], [ -47.925382, -3.699836 ], [ -47.92549, -3.699786 ], [ -47.925595, -3.699738 ], [ -47.925698, -3.69969 ], [ -47.925801, -3.699643 ], [ -47.925904, -3.699596 ], [ -47.926008, -3.699547 ], [ -47.926115, -3.699497 ], [ -47.926223, -3.699445 ], [ -47.926333, -3.699391 ], [ -47.926443, -3.699335 ], [ -47.926551, -3.699279 ], [ -47.926657, -3.699224 ], [ -47.926761, -3.69917 ], [ -47.926862, -3.699118 ], [ -47.926961, -3.699067 ], [ -47.92706, -3.699019 ], [ -47.92716, -3.698972 ], [ -47.92726, -3.698926 ], [ -47.927361, -3.698881 ], [ -47.927462, -3.698836 ], [ -47.927562, -3.698791 ], [ -47.927661, -3.698746 ], [ -47.927758, -3.698701 ], [ -47.927853, -3.698656 ], [ -47.927946, -3.698611 ], [ -47.928038, -3.698566 ], [ -47.928129, -3.698521 ], [ -47.928219, -3.698476 ], [ -47.928309, -3.698431 ], [ -47.928399, -3.698387 ], [ -47.928489, -3.698342 ], [ -47.928579, -3.698297 ], [ -47.928669, -3.698252 ], [ -47.928761, -3.698206 ], [ -47.928854, -3.698161 ], [ -47.928951, -3.698115 ], [ -47.929051, -3.698067 ], [ -47.929158, -3.698019 ], [ -47.929272, -3.697969 ], [ -47.929391, -3.697919 ], [ -47.92951, -3.69787 ], [ -47.929615, -3.697828 ], [ -47.929747, -3.69778 ] ] } },
{ "type": "Feature", "properties": { }, "geometry": { "type": "LineString", "coordinates": [ [ -47.881956, -3.723472 ], [ -47.882046, -3.723472 ] ] } },
{ "type": "Feature", "properties": { }, "geometry": { "type": "LineString", "coordinates": [ [ -47.881956, -3.723472 ], [ -47.881956, -3.723382 ] ] } },
{ "type": "Feature", "properties": { }, "geometry": { "type": "LineString", "coordinates": [ [ -47.834705, -3.685653 ], [ -47.834705, -3.685563 ] ] } },
{ "type": "Feature", "properties": { }, "geometry": { "type": "LineString", "coordinates": [ [ -47.877105, -3.711704 ], [ -47.876929, -3.711634 ], [ -47.876827, -3.711593 ], [ -47.876656, -3.711524 ] ] } },
{ "type": "Feature", "properties": { }, "geometry": { "type": "LineString", "coordinates": [ [ -47.921392, -3.680712 ], [ -47.921482, -3.680712 ] ] } },
{ "type": "Feature", "properties": { }, "geometry": { "type": "LineString", "coordinates": [ [ -47.921392, -3.680712 ], [ -47.921034, -3.680719 ], [ -47.920824, -3.68072 ], [ -47.920623, -3.680719 ], [ -47.920314, -3.680712 ] ] } },
{ "type": "Feature", "properties": { }, "geometry": { "type": "LineString", "coordinates": [ [ -47.922134, -3.733608 ], [ -47.922089, -3.733846 ] ] } },
{ "type": "Feature", "properties": { }, "geometry": { "type": "LineString", "coordinates": [ [ -47.896689, -3.688977 ], [ -47.896671, -3.688591 ], [ -47.896663, -3.688343 ], [ -47.89666, -3.688073 ], [ -47.896661, -3.687784 ], [ -47.89667, -3.687477 ], [ -47.896685, -3.687154 ], [ -47.896707, -3.686825 ], [ -47.896732, -3.686509 ], [ -47.896779, -3.686012 ] ] } },
{ "type": "Feature", "properties": { }, "geometry": { "type": "LineString", "coordinates": [ [ -47.896689, -3.688977 ], [ -47.896182, -3.68897 ], [ -47.895873, -3.688961 ], [ -47.895558, -3.688944 ], [ -47.895254, -3.688919 ], [ -47.89497, -3.688889 ], [ -47.894718, -3.688855 ], [ -47.894353, -3.688797 ] ] } },
{ "type": "Feature", "properties": { }, "geometry": { "type": "LineString", "coordinates": [ [ -47.950498, -3.721136 ], [ -47.952564, -3.721136 ] ] } },
{ "type": "Feature", "properties": { }, "geometry": { "type": "LineString", "coordinates": [ [ -47.950498, -3.721136 ], [ -47.950394, -3.720997 ], [ -47.950333, -3.720916 ], [ -47.950228, -3.720777 ] ] } },
{ "type": "Feature", "properties": { }, "geometry": { "type": "LineString", "coordinates": [ [ -47.987329, -3.675502 ], [ -47.987508, -3.675322 ], [ -47.988137, -3.675322 ] ] } },
{ "type": "Feature", "properties": { }, "geometry": { "type": "LineString", "coordinates": [ [ -47.987329, -3.675502 ], [ -47.987239, -3.675412 ] ] } },
{ "type": "Feature", "properties": { }, "geometry": { "type": "LineString", "coordinates": [ [ -47.982388, -3.70847 ], [ -47.982388, -3.70838 ] ] } },
{ "type": "Feature", "properties": { }, "geometry": { "type": "LineString", "coordinates": [ [ -47.93316, -3.682868 ], [ -47.93325, -3.682868 ] ] } },
{ "type": "Feature", "properties": { }, "geometry": { "type": "LineString", "coordinates": [ [ -47.93316, -3.682868 ], [ -47.93316, -3.682778 ] ] } },
{ "type": "Feature", "properties": { }, "geometry": { "type": "LineString", "coordinates": [ [ -47.98661, -3.721136 ], [ -47.986515, -3.720909 ], [ -47.986449, -3.720763 ], [ -47.986373, -3.720607 ], [ -47.986291, -3.720449 ], [ -47.986208, -3.720297 ], [ -47.986071, -3.720058 ] ] } },
{ "type": "Feature", "properties": { }, "geometry": { "type": "LineString", "coordinates": [ [ -47.98661, -3.721136 ], [ -47.986412, -3.721205 ], [ -47.986286, -3.721247 ], [ -47.986153, -3.72129 ], [ -47.986015, -3.721331 ], [ -47.985874, -3.721368 ], [ -47.985731, -3.721398 ], [ -47.985585, -3.721418 ], [ -47.985437, -3.721426 ], [ -47.98529, -3.721419 ], [ -47.985146, -3.721396 ], [ -47.98501, -3.72136 ], [ -47.984891, -3.721314 ], [ -47.984724, -3.721226 ] ] } },
{ "type": "Feature", "properties": { }, "geometry": { "type": "LineString", "coordinates": [ [ -47.983556, -3.701823 ], [ -47.983556, -3.701733 ] ] } },
{ "type": "Feature", "properties": { }, "geometry": { "type": "LineString", "coordinates": [ [ -47.98113, -3.701643 ], [ -47.981128, -3.701424 ], [ -47.981131, -3.701281 ], [ -47.981141, -3.701122 ], [ -47.981159, -3.700952 ], [ -47.981185, -3.700774 ], [ -47.981217, -3.700591 ], [ -47.981254, -3.70041 ], [ -47.981295, -3.700236 ], [ -47.981335, -3.700078 ], [ -47.9814, -3.699846 ] ] } },
{ "type": "Feature", "properties": { }, "geometry": { "type": "LineString", "coordinates": [ [ -47.855636, -3.698319 ], [ -47.855843, -3.698219 ], [ -47.855975, -3.69816 ], [ -47.856117, -3.698101 ], [ -47.856264, -3.698045 ], [ -47.856414, -3.697992 ], [ -47.856566, -3.697943 ], [ -47.856718, -3.697896 ], [ -47.856871, -3.697852 ], [ -47.857024, -3.69781 ], [ -47.857174, -3.697771 ], [ -47.857312, -3.697738 ], [ -47.857522, -3.69769 ] ] } },
{ "type": "Feature", "properties": { }, "geometry": { "type": "LineString", "coordinates": [ [ -47.855636, -3.698319 ], [ -47.855434, -3.698322 ], [ -47.855293, -3.698328 ], [ -47.855125, -3.698338 ], [ -47.854927, -3.698352 ], [ -47.854695, -3.698367 ], [ -47.854428, -3.698382 ], [ -47.854131, -3.698393 ], [ -47.853824, -3.698401 ], [ -47.8533, -3.698409 ] ] } },
{ "type": "Feature", "properties": { }, "geometry": { "type": "LineString", "coordinates": [ [ -47.857971, -3.683587 ], [ -47.857784, -3.683353 ], [ -47.857668, -3.683207 ], [ -47.857547, -3.683057 ], [ -47.857515, -3.682905 ], [ -47.857387, -3.68283 ], [ -47.857231, -3.68279 ] ] } },
{ "type": "Feature", "properties": { }, "geometry": { "type": "LineString", "coordinates": [ [ -47.914565, -3.685653 ], [ -47.914655, -3.685653 ] ] } },
{ "type": "Feature", "properties": { }, "geometry": { "type": "LineString", "coordinates": [ [ -47.943132, -3.700834 ], [ -47.943221, -3.700834 ] ] } },
{ "type": "Feature", "properties": { }, "geometry": { "type": "LineString", "coordinates": [ [ -47.943132, -3.700834 ], [ -47.943132, -3.700745 ] ] } },
{ "type": "Feature", "properties": { }, "geometry": { "type": "LineString", "coordinates": [ [ -47.9814, -3.705595 ], [ -47.98147, -3.70523 ], [ -47.981505, -3.705003 ], [ -47.981531, -3.704767 ], [ -47.981544, -3.704535 ], [ -47.981546, -3.704316 ], [ -47.981538, -3.704117 ], [ -47.981523, -3.703947 ], [ -47.98149, -3.703709 ] ] } },
{ "type": "Feature", "properties": { }, "geometry": { "type": "LineString", "coordinates": [ [ -47.98122, -3.679544 ], [ -47.98131, -3.679544 ] ] } },
{ "type": "Feature", "properties": { }, "geometry": { "type": "LineString", "coordinates": [ [ -47.898485, -3.702541 ], [ -47.898485, -3.702272 ] ] } },
{ "type": "Feature", "properties": { }, "geometry": { "type": "LineString", "coordinates": [ [ -47.905133, -3.70335 ], [ -47.905062, -3.703173 ], [ -47.905022, -3.703072 ], [ -47.904953, -3.702901 ] ] } },
{ "type": "Feature", "properties": { }, "geometry": { "type": "LineString", "coordinates": [ [ -47.909535, -3.695624 ], [ -47.909624, -3.695624 ] ] } },
{ "type": "Feature", "properties": { }, "geometry": { "type": "LineString", "coordinates": [ [ -47.931723, -3.70317 ], [ -47.931723, -3.70308 ] ] } },
{ "type": "Feature", "properties": { }, "geometry": { "type": "LineString", "coordinates": [ [ -47.94421, -3.711614 ], [ -47.944376, -3.711555 ], [ -47.944479, -3.71152 ], [ -47.944582, -3.711486 ], [ -47.944749, -3.711435 ] ] } },
{ "type": "Feature", "properties": { }, "geometry": { "type": "LineString", "coordinates": [ [ -47.983735, -3.707392 ], [ -47.983825, -3.707392 ] ] } },
{ "type": "Feature", "properties": { }, "geometry": { "type": "LineString", "coordinates": [ [ -47.983735, -3.707392 ], [ -47.983735, -3.707302 ] ] } },
{ "type": "Feature", "properties": { }, "geometry": { "type": "LineString", "coordinates": [ [ -47.9814, -3.698948 ], [ -47.981315, -3.698795 ], [ -47.981258, -3.698694 ], [ -47.981192, -3.698579 ], [ -47.981118, -3.698455 ], [ -47.981035, -3.698321 ], [ -47.980944, -3.698182 ], [ -47.980847, -3.69804 ], [ -47.98075, -3.697904 ], [ -47.980591, -3.69769 ] ] } },
{ "type": "Feature", "properties": { }, "geometry": { "type": "LineString", "coordinates": [ [ -47.981849, -3.70326 ], [ -47.982208, -3.70326 ] ] } },
{ "type": "Feature", "properties": { }, "geometry": { "type": "LineString", "coordinates": [ [ -47.981849, -3.70326 ], [ -47.981772, -3.702989 ], [ -47.981721, -3.702822 ], [ -47.981662, -3.702647 ], [ -47.981596, -3.702473 ], [ -47.981522, -3.702303 ], [ -47.981441, -3.70214 ], [ -47.981354, -3.701986 ], [ -47.981269, -3.701847 ], [ -47.98113, -3.701643 ] ] } },
{ "type": "Feature", "properties": { }, "geometry": { "type": "LineString", "coordinates": [ [ -47.859588, -3.695894 ], [ -47.859678, -3.695894 ] ] } },
{ "type": "Feature", "properties": { }, "geometry": { "type": "LineString", "coordinates": [ [ -47.859588, -3.695894 ], [ -47.859588, -3.695804 ] ] } },
{ "type": "Feature", "properties": { }, "geometry": { "type": "LineString", "coordinates": [ [ -47.877105, -3.706404 ], [ -47.876779, -3.706128 ], [ -47.876569, -3.70595 ], [ -47.876339, -3.705755 ], [ -47.876096, -3.705548 ], [ -47.875847, -3.705334 ], [ -47.875605, -3.705125 ], [ -47.875219, -3.704787 ] ] } },
{ "type": "Feature", "properties": { }, "geometry": { "type": "LineString", "coordinates": [ [ -47.892646, -3.674963 ], [ -47.892598, -3.674418 ], [ -47.892577, -3.674096 ], [ -47.89257, -3.673776 ], [ -47.892592, -3.673469 ], [ -47.892662, -3.673179 ], [ -47.892802, -3.672907 ], [ -47.893033, -3.672658 ], [ -47.893368, -3.672441 ], [ -47.893808, -3.672263 ], [ -47.894335, -3.672129 ], [ -47.894914, -3.672038 ], [ -47.895502, -3.671987 ], [ -47.896048, -3.67197 ], [ -47.896868, -3.671998 ] ] } },
{ "type": "Feature", "properties": { }, "geometry": { "type": "LineString", "coordinates": [ [ -47.98158, -3.678287 ], [ -47.982478, -3.678287 ] ] } },
{ "type": "Feature", "properties": { }, "geometry": { "type": "LineString", "coordinates": [ [ -47.98158, -3.678287 ], [ -47.9814, -3.678107 ] ] } },
{ "type": "Feature", "properties": { }, "geometry": { "type": "LineString", "coordinates": [ [ -47.964512, -3.71386 ], [ -47.964512, -3.71377 ] ] } },
{ "type": "Feature", "properties": { }, "geometry": { "type": "LineString", "coordinates": [ [ -47.905223, -3.692211 ], [ -47.905313, -3.692121 ], [ -47.905941, -3.692121 ] ] } },
{ "type": "Feature", "properties": { }, "geometry": { "type": "LineString", "coordinates": [ [ -47.905223, -3.692211 ], [ -47.903811, -3.692118 ], [ -47.902939, -3.692065 ], [ -47.902065, -3.692015 ], [ -47.900641, -3.691941 ] ] } },
{ "type": "Feature", "properties": { }, "geometry": { "type": "LineString", "coordinates": [ [ -47.984634, -3.727874 ], [ -47.984634, -3.727784 ] ] } },
{ "type": "Feature", "properties": { }, "geometry": { "type": "LineString", "coordinates": [ [ -47.9814, -3.703619 ], [ -47.98149, -3.703619 ] ] } },
{ "type": "Feature", "properties": { }, "geometry": { "type": "LineString", "coordinates": [ [ -47.9814, -3.703619 ], [ -47.981201, -3.703566 ], [ -47.98108, -3.703532 ], [ -47.980961, -3.703497 ], [ -47.980771, -3.70344 ] ] } },
{ "type": "Feature", "properties": { }, "geometry": { "type": "LineString", "coordinates": [ [ -47.947713, -3.731018 ], [ -47.947803, -3.730928 ] ] } },
{ "type": "Feature", "properties": { }, "geometry": { "type": "LineString", "coordinates": [ [ -47.952744, -3.721765 ], [ -47.952737, -3.721601 ], [ -47.952728, -3.721499 ], [ -47.952713, -3.721394 ], [ -47.952693, -3.721294 ], [ -47.952654, -3.721136 ] ] } },
{ "type": "Feature", "properties": { }, "geometry": { "type": "LineString", "coordinates": [ [ -47.983646, -3.710806 ], [ -47.983646, -3.710716 ] ] } },
{ "type": "Feature", "properties": { }, "geometry": { "type": "LineString", "coordinates": [ [ -47.987329, -3.680173 ], [ -47.987181, -3.680126 ], [ -47.987085, -3.680097 ], [ -47.98698, -3.680067 ], [ -47.986875, -3.680038 ], [ -47.9867, -3.679993 ] ] } },
{ "type": "Feature", "properties": { }, "geometry": { "type": "LineString", "coordinates": [ [ -47.909894, -3.698499 ], [ -47.909817, -3.69762 ], [ -47.909767, -3.697075 ], [ -47.909714, -3.696524 ], [ -47.909624, -3.695624 ] ] } },
{ "type": "Feature", "properties": { }, "geometry": { "type": "LineString", "coordinates": [ [ -47.943132, -3.700745 ], [ -47.943132, -3.700385 ] ] } },
{ "type": "Feature", "properties": { }, "geometry": { "type": "LineString", "coordinates": [ [ -47.871626, -3.701643 ], [ -47.87206, -3.701156 ], [ -47.872333, -3.700849 ], [ -47.872621, -3.700524 ], [ -47.87291, -3.700196 ], [ -47.873191, -3.699873 ], [ -47.873458, -3.699564 ], [ -47.873705, -3.699275 ], [ -47.873928, -3.699012 ], [ -47.874124, -3.698778 ], [ -47.874286, -3.698582 ], [ -47.8745, -3.698319 ] ] } },
{ "type": "Feature", "properties": { }, "geometry": { "type": "LineString", "coordinates": [ [ -47.893634, -3.693828 ], [ -47.893329, -3.692946 ], [ -47.893145, -3.692458 ], [ -47.892826, -3.691672 ] ] } },
{ "type": "Feature", "properties": { }, "geometry": { "type": "LineString", "coordinates": [ [ -47.986341, -3.704428 ], [ -47.985436, -3.70357 ], [ -47.98493, -3.703093 ], [ -47.984466, -3.702659 ], [ -47.984078, -3.7023 ], [ -47.983556, -3.701823 ] ] } },
{ "type": "Feature", "properties": { }, "geometry": { "type": "LineString", "coordinates": [ [ -47.909899, -3.692325 ], [ -47.909435, -3.692297 ], [ -47.908835, -3.692266 ], [ -47.908206, -3.692242 ], [ -47.90758, -3.692225 ], [ -47.907, -3.692215 ], [ -47.906121, -3.692211 ] ] } },
{ "type": "Feature", "properties": { }, "geometry": { "type": "LineString", "coordinates": [ [ -47.877016, -3.715297 ], [ -47.876876, -3.715262 ], [ -47.876795, -3.715242 ], [ -47.876656, -3.715207 ] ] } },
{ "type": "Feature", "properties": { }, "geometry": { "type": "LineString", "coordinates": [ [ -47.925794, -3.682688 ], [ -47.925845, -3.682013 ], [ -47.925878, -3.681624 ], [ -47.925912, -3.681248 ], [ -47.925948, -3.680907 ], [ -47.925983, -3.680606 ], [ -47.926015, -3.68035 ], [ -47.926064, -3.679993 ] ] } },
{ "type": "Feature", "properties": { }, "geometry": { "type": "LineString", "coordinates": [ [ -47.894443, -3.696972 ], [ -47.894533, -3.696972 ] ] } },
{ "type": "Feature", "properties": { }, "geometry": { "type": "LineString", "coordinates": [ [ -47.921662, -3.692929 ], [ -47.922144, -3.692905 ], [ -47.922446, -3.692891 ], [ -47.922762, -3.692876 ], [ -47.923067, -3.692862 ], [ -47.923548, -3.692839 ] ] } },
{ "type": "Feature", "properties": { }, "geometry": { "type": "LineString", "coordinates": [ [ -47.868302, -3.698589 ], [ -47.868302, -3.698499 ] ] } },
{ "type": "Feature", "properties": { }, "geometry": { "type": "LineString", "coordinates": [ [ -47.982298, -3.70874 ], [ -47.982388, -3.70865 ], [ -47.982388, -3.70847 ] ] } },
{ "type": "Feature", "properties": { }, "geometry": { "type": "LineString", "coordinates": [ [ -47.982298, -3.70874 ], [ -47.982084, -3.708792 ], [ -47.981956, -3.708826 ], [ -47.981829, -3.708863 ], [ -47.981707, -3.708902 ], [ -47.981589, -3.708941 ], [ -47.981471, -3.70898 ], [ -47.98135, -3.709015 ], [ -47.981222, -3.709046 ], [ -47.981087, -3.70907 ], [ -47.980946, -3.709087 ], [ -47.980809, -3.709096 ], [ -47.980591, -3.709099 ] ] } },
{ "type": "Feature", "properties": { }, "geometry": { "type": "LineString", "coordinates": [ [ -47.879082, -3.719609 ], [ -47.879435, -3.719477 ], [ -47.879673, -3.7194 ], [ -47.879942, -3.719325 ], [ -47.880232, -3.719257 ], [ -47.880532, -3.719199 ], [ -47.880828, -3.719152 ], [ -47.8811, -3.719115 ], [ -47.881507, -3.71907 ] ] } },
{ "type": "Feature", "properties": { }, "geometry": { "type": "LineString", "coordinates": [ [ -47.909624, -3.694007 ], [ -47.909899, -3.693639 ] ] } },
{ "type": "Feature", "properties": { }, "geometry": { "type": "LineString", "coordinates": [ [ -47.984274, -3.713141 ], [ -47.984454, -3.712997 ], [ -47.984556, -3.712916 ], [ -47.984724, -3.712782 ] ] } },
{ "type": "Feature", "properties": { }, "geometry": { "type": "LineString", "coordinates": [ [ -47.96541, -3.730658 ], [ -47.9655, -3.730658 ] ] } },
{ "type": "Feature", "properties": { }, "geometry": { "type": "LineString", "coordinates": [ [ -47.96541, -3.730658 ], [ -47.965226, -3.730364 ], [ -47.965075, -3.730325 ], [ -47.964931, -3.73019 ], [ -47.964779, -3.730055 ], [ -47.964662, -3.729956 ] ] } },
{ "type": "Feature", "properties": { }, "geometry": { "type": "LineString", "coordinates": [ [ -47.984274, -3.713231 ], [ -47.984274, -3.713141 ] ] } },
{ "type": "Feature", "properties": { }, "geometry": { "type": "LineString", "coordinates": [ [ -47.938281, -3.707482 ], [ -47.938401, -3.707244 ], [ -47.938484, -3.707102 ], [ -47.938581, -3.706961 ], [ -47.938688, -3.706831 ], [ -47.938801, -3.706716 ], [ -47.938911, -3.706621 ], [ -47.939089, -3.706494 ] ] } },
{ "type": "Feature", "properties": { }, "geometry": { "type": "LineString", "coordinates": [ [ -47.991461, -3.721675 ], [ -47.991461, -3.721585 ] ] } },
{ "type": "Feature", "properties": { }, "geometry": { "type": "LineString", "coordinates": [ [ -47.933789, -3.700295 ], [ -47.934418, -3.700295 ], [ -47.934508, -3.700206 ] ] } },
{ "type": "Feature", "properties": { }, "geometry": { "type": "LineString", "coordinates": [ [ -47.871716, -3.711594 ], [ -47.871716, -3.711524 ] ] } },
{ "type": "Feature", "properties": { }, "geometry": { "type": "LineString", "coordinates": [ [ -47.884382, -3.712423 ], [ -47.887077, -3.712423 ] ] } },
{ "type": "Feature", "properties": { }, "geometry": { "type": "LineString", "coordinates": [ [ -47.983466, -3.728053 ], [ -47.983556, -3.728053 ] ] } },
{ "type": "Feature", "properties": { }, "geometry": { "type": "LineString", "coordinates": [ [ -47.983466, -3.728053 ], [ -47.983466, -3.727964 ] ] } },
{ "type": "Feature", "properties": { }, "geometry": { "type": "LineString", "coordinates": [ [ -47.985622, -3.684665 ], [ -47.985712, -3.684575 ] ] } },
{ "type": "Feature", "properties": { }, "geometry": { "type": "LineString", "coordinates": [ [ -47.985622, -3.684665 ], [ -47.985309, -3.684596 ], [ -47.985112, -3.684554 ], [ -47.984905, -3.684509 ], [ -47.984697, -3.684464 ], [ -47.984494, -3.684419 ], [ -47.9843, -3.684374 ], [ -47.984116, -3.68433 ], [ -47.983938, -3.684287 ], [ -47.983766, -3.684246 ], [ -47.983597, -3.684208 ], [ -47.983439, -3.684174 ], [ -47.983196, -3.684126 ] ] } },
{ "type": "Feature", "properties": { }, "geometry": { "type": "LineString", "coordinates": [ [ -47.988137, -3.710177 ], [ -47.988227, -3.710177 ] ] } },
{ "type": "Feature", "properties": { }, "geometry": { "type": "LineString", "coordinates": [ [ -47.988137, -3.710177 ], [ -47.988137, -3.710087 ] ] } },
{ "type": "Feature", "properties": { }, "geometry": { "type": "LineString", "coordinates": [ [ -47.988137, -3.710177 ], [ -47.987958, -3.710215 ], [ -47.987845, -3.71023 ], [ -47.987725, -3.710237 ], [ -47.987604, -3.710229 ], [ -47.987485, -3.710205 ], [ -47.987369, -3.710162 ], [ -47.987256, -3.7101 ], [ -47.987145, -3.710019 ], [ -47.987039, -3.709922 ], [ -47.98694, -3.709819 ], [ -47.98679, -3.709638 ] ] } },
{ "type": "Feature", "properties": { }, "geometry": { "type": "LineString", "coordinates": [ [ -47.974752, -3.707931 ], [ -47.974842, -3.707931 ] ] } },
{ "type": "Feature", "properties": { }, "geometry": { "type": "LineString", "coordinates": [ [ -47.982478, -3.70838 ], [ -47.982837, -3.70838 ], [ -47.982927, -3.70829 ] ] } },
{ "type": "Feature", "properties": { }, "geometry": { "type": "LineString", "coordinates": [ [ -47.881687, -3.71907 ], [ -47.881777, -3.71898 ], [ -47.882046, -3.71898 ] ] } },
{ "type": "Feature", "properties": { }, "geometry": { "type": "LineString", "coordinates": [ [ -47.984724, -3.721136 ], [ -47.985173, -3.720687 ] ] } },
{ "type": "Feature", "properties": { }, "geometry": { "type": "LineString", "coordinates": [ [ -47.980771, -3.70344 ], [ -47.980702, -3.703292 ], [ -47.98066, -3.7032 ], [ -47.980614, -3.703104 ], [ -47.980568, -3.703008 ], [ -47.980522, -3.702913 ], [ -47.980475, -3.702822 ], [ -47.98043, -3.702735 ], [ -47.980387, -3.702657 ], [ -47.980322, -3.702541 ] ] } },
{ "type": "Feature", "properties": { }, "geometry": { "type": "LineString", "coordinates": [ [ -47.982298, -3.707931 ], [ -47.982208, -3.707841 ] ] } },
{ "type": "Feature", "properties": { }, "geometry": { "type": "LineString", "coordinates": [ [ -47.861744, -3.691941 ], [ -47.862104, -3.691941 ], [ -47.862643, -3.691402 ] ] } },
{ "type": "Feature", "properties": { }, "geometry": { "type": "LineString", "coordinates": [ [ -47.861744, -3.691941 ], [ -47.861688, -3.691364 ], [ -47.861655, -3.690984 ], [ -47.861623, -3.690567 ], [ -47.86159, -3.690135 ], [ -47.861557, -3.68971 ], [ -47.861522, -3.68931 ], [ -47.861485, -3.688951 ], [ -47.861446, -3.688639 ], [ -47.861404, -3.688375 ], [ -47.861361, -3.688151 ], [ -47.861317, -3.68796 ], [ -47.861272, -3.687795 ], [ -47.861227, -3.687647 ], [ -47.861181, -3.687511 ], [ -47.861135, -3.687383 ], [ -47.861089, -3.687259 ], [ -47.861043, -3.687138 ], [ -47.860999, -3.687017 ], [ -47.860957, -3.686896 ], [ -47.86092, -3.686778 ], [ -47.860889, -3.686665 ], [ -47.860867, -3.686572 ], [ -47.860846, -3.686461 ] ] } },
{ "type": "Feature", "properties": { }, "geometry": { "type": "LineString", "coordinates": [ [ -47.961008, -3.727335 ], [ -47.96114, -3.727207 ], [ -47.961226, -3.727133 ], [ -47.96132, -3.72706 ], [ -47.96142, -3.726993 ], [ -47.961528, -3.726933 ], [ -47.961644, -3.72688 ], [ -47.961768, -3.726833 ], [ -47.961902, -3.726794 ], [ -47.962047, -3.726762 ], [ -47.962205, -3.726737 ], [ -47.962378, -3.726721 ], [ -47.962566, -3.726712 ], [ -47.962768, -3.726708 ], [ -47.962985, -3.726708 ], [ -47.963215, -3.726708 ], [ -47.963457, -3.726707 ], [ -47.963712, -3.726704 ], [ -47.963975, -3.726701 ], [ -47.96424, -3.726698 ], [ -47.96449, -3.726698 ], [ -47.964871, -3.726706 ] ] } },
{ "type": "Feature", "properties": { }, "geometry": { "type": "LineString", "coordinates": [ [ -47.964512, -3.71377 ], [ -47.964422, -3.71368 ] ] } },
{ "type": "Feature", "properties": { }, "geometry": { "type": "LineString", "coordinates": [ [ -47.982478, -3.678287 ], [ -47.982568, -3.678287 ] ] } },
{ "type": "Feature", "properties": { }, "geometry": { "type": "LineString", "coordinates": [ [ -47.947444, -3.716914 ], [ -47.947514, -3.716386 ], [ -47.947555, -3.71608 ], [ -47.947623, -3.715567 ] ] } },
{ "type": "Feature", "properties": { }, "geometry": { "type": "LineString", "coordinates": [ [ -47.937562, -3.674873 ], [ -47.937753, -3.674761 ], [ -47.937874, -3.67469 ], [ -47.938003, -3.674612 ], [ -47.938133, -3.674533 ], [ -47.938261, -3.674455 ], [ -47.938384, -3.67438 ], [ -47.9385, -3.674309 ], [ -47.938608, -3.674244 ], [ -47.938706, -3.674186 ], [ -47.938791, -3.674135 ], [ -47.93891, -3.674065 ] ] } },
{ "type": "Feature", "properties": { }, "geometry": { "type": "LineString", "coordinates": [ [ -47.977627, -3.701733 ], [ -47.977515, -3.701583 ], [ -47.977443, -3.701492 ], [ -47.977368, -3.701402 ], [ -47.977295, -3.701319 ], [ -47.977178, -3.701194 ] ] } },
{ "type": "Feature", "properties": { }, "geometry": { "type": "LineString", "coordinates": [ [ -47.892916, -3.705595 ], [ -47.892916, -3.705506 ] ] } },
{ "type": "Feature", "properties": { }, "geometry": { "type": "LineString", "coordinates": [ [ -47.945013, -3.712234 ], [ -47.944875, -3.711907 ], [ -47.944841, -3.711766 ], [ -47.944806, -3.711634 ], [ -47.944749, -3.711435 ] ] } },
{ "type": "Feature", "properties": { }, "geometry": { "type": "LineString", "coordinates": [ [ -47.945013, -3.712234 ], [ -47.944928, -3.712153 ] ] } },
{ "type": "Feature", "properties": { }, "geometry": { "type": "LineString", "coordinates": [ [ -47.887167, -3.719519 ], [ -47.887167, -3.71943 ] ] } },
{ "type": "Feature", "properties": { }, "geometry": { "type": "LineString", "coordinates": [ [ -47.923638, -3.690055 ], [ -47.923818, -3.689875 ] ] } },
{ "type": "Feature", "properties": { }, "geometry": { "type": "LineString", "coordinates": [ [ -47.923638, -3.690055 ], [ -47.923139, -3.689984 ], [ -47.922816, -3.689941 ], [ -47.922469, -3.689896 ], [ -47.922127, -3.689853 ], [ -47.921572, -3.689785 ] ] } },
{ "type": "Feature", "properties": { }, "geometry": { "type": "LineString", "coordinates": [ [ -47.976908, -3.701823 ], [ -47.976908, -3.701373 ], [ -47.977088, -3.701194 ] ] } },
{ "type": "Feature", "properties": { }, "geometry": { "type": "LineString", "coordinates": [ [ -47.914655, -3.685653 ], [ -47.914655, -3.685563 ] ] } },
{ "type": "Feature", "properties": { }, "geometry": { "type": "LineString", "coordinates": [ [ -47.90127, -3.689156 ], [ -47.901184, -3.68901 ], [ -47.90112, -3.688916 ], [ -47.901039, -3.688812 ], [ -47.90094, -3.688702 ], [ -47.900823, -3.688587 ], [ -47.900692, -3.68847 ], [ -47.900553, -3.688353 ], [ -47.900415, -3.688245 ], [ -47.900192, -3.688078 ] ] } },
{ "type": "Feature", "properties": { }, "geometry": { "type": "LineString", "coordinates": [ [ -47.90127, -3.689156 ], [ -47.900997, -3.689158 ], [ -47.900808, -3.689156 ], [ -47.900582, -3.68915 ], [ -47.900312, -3.68914 ], [ -47.899987, -3.689128 ], [ -47.899598, -3.689113 ], [ -47.899144, -3.689094 ], [ -47.898633, -3.689073 ], [ -47.898088, -3.689048 ], [ -47.897551, -3.689022 ], [ -47.896689, -3.688977 ] ] } },
{ "type": "Feature", "properties": { }, "geometry": { "type": "LineString", "coordinates": [ [ -47.925794, -3.682778 ], [ -47.925884, -3.682778 ] ] } },
{ "type": "Feature", "properties": { }, "geometry": { "type": "LineString", "coordinates": [ [ -47.925794, -3.682778 ], [ -47.925794, -3.682688 ] ] } },
{ "type": "Feature", "properties": { }, "geometry": { "type": "LineString", "coordinates": [ [ -47.918877, -3.671909 ], [ -47.919614, -3.671849 ], [ -47.920084, -3.671814 ], [ -47.920572, -3.671781 ], [ -47.921392, -3.671729 ] ] } },
{ "type": "Feature", "properties": { }, "geometry": { "type": "LineString", "coordinates": [ [ -47.918877, -3.681071 ], [ -47.918967, -3.681071 ] ] } },
{ "type": "Feature", "properties": { }, "geometry": { "type": "LineString", "coordinates": [ [ -47.918877, -3.681071 ], [ -47.918924, -3.680927 ], [ -47.918962, -3.680833 ], [ -47.91901, -3.68073 ], [ -47.919067, -3.680623 ], [ -47.919129, -3.680519 ], [ -47.919236, -3.680353 ] ] } },
{ "type": "Feature", "properties": { }, "geometry": { "type": "LineString", "coordinates": [ [ -47.956427, -3.715477 ], [ -47.95644, -3.71474 ], [ -47.956445, -3.714251 ], [ -47.956446, -3.713703 ], [ -47.95644, -3.713106 ], [ -47.956428, -3.712472 ], [ -47.956408, -3.711817 ], [ -47.956384, -3.711184 ], [ -47.956337, -3.710177 ] ] } },
{ "type": "Feature", "properties": { }, "geometry": { "type": "LineString", "coordinates": [ [ -47.92804, -3.674873 ], [ -47.92813, -3.674873 ] ] } },
{ "type": "Feature", "properties": { }, "geometry": { "type": "LineString", "coordinates": [ [ -47.92804, -3.674873 ], [ -47.927321, -3.674873 ], [ -47.927231, -3.674783 ] ] } },
{ "type": "Feature", "properties": { }, "geometry": { "type": "LineString", "coordinates": [ [ -47.987688, -3.71907 ], [ -47.987778, -3.71907 ] ] } },
{ "type": "Feature", "properties": { }, "geometry": { "type": "LineString", "coordinates": [ [ -47.987688, -3.71907 ], [ -47.987508, -3.718891 ], [ -47.987508, -3.718801 ] ] } },
{ "type": "Feature", "properties": { }, "geometry": { "type": "LineString", "coordinates": [ [ -47.996941, -3.727514 ], [ -47.997009, -3.727387 ], [ -47.997051, -3.727305 ], [ -47.997094, -3.727216 ], [ -47.997137, -3.727122 ], [ -47.997178, -3.727026 ], [ -47.997216, -3.726931 ], [ -47.99725, -3.726842 ], [ -47.9973, -3.726706 ] ] } },
{ "type": "Feature", "properties": { }, "geometry": { "type": "LineString", "coordinates": [ [ -47.994156, -3.718441 ], [ -47.994066, -3.718352 ], [ -47.994066, -3.717992 ] ] } },
{ "type": "Feature", "properties": { }, "geometry": { "type": "LineString", "coordinates": [ [ -47.902797, -3.69769 ], [ -47.902797, -3.6976 ] ] } },
{ "type": "Feature", "properties": { }, "geometry": { "type": "LineString", "coordinates": [ [ -47.857522, -3.69769 ], [ -47.857702, -3.697508 ], [ -47.857826, -3.697387 ], [ -47.857971, -3.697252 ], [ -47.858135, -3.697105 ], [ -47.858315, -3.696949 ], [ -47.858509, -3.696785 ], [ -47.858712, -3.696616 ], [ -47.858919, -3.696445 ], [ -47.859122, -3.696278 ], [ -47.859308, -3.696124 ], [ -47.859588, -3.695894 ] ] } },
{ "type": "Feature", "properties": { }, "geometry": { "type": "LineString", "coordinates": [ [ -47.937472, -3.672268 ], [ -47.937437, -3.671867 ], [ -47.937417, -3.671644 ], [ -47.937382, -3.67128 ] ] } },
{ "type": "Feature", "properties": { }, "geometry": { "type": "LineString", "coordinates": [ [ -47.900641, -3.695265 ], [ -47.900731, -3.695265 ] ] } },
{ "type": "Feature", "properties": { }, "geometry": { "type": "LineString", "coordinates": [ [ -47.998467, -3.658699 ], [ -47.99748, -3.657993 ], [ -47.993983, -3.6578 ], [ -47.990506, -3.656537 ], [ -47.989605, -3.656579 ], [ -47.988661, -3.655616 ], [ -47.987352, -3.654995 ], [ -47.978619, -3.652832 ], [ -47.97819, -3.652232 ], [ -47.977203, -3.652404 ], [ -47.976366, -3.653217 ], [ -47.975701, -3.653174 ], [ -47.969693, -3.650434 ], [ -47.966152, -3.650069 ], [ -47.965058, -3.649299 ], [ -47.964414, -3.648356 ], [ -47.964092, -3.647478 ], [ -47.962676, -3.646322 ], [ -47.962075, -3.646129 ], [ -47.960637, -3.646429 ], [ -47.959414, -3.647178 ], [ -47.95817, -3.647136 ], [ -47.957204, -3.646515 ], [ -47.956496, -3.645915 ], [ -47.954779, -3.645487 ], [ -47.9539, -3.645572 ], [ -47.95332, -3.646086 ], [ -47.952033, -3.645679 ], [ -47.950767, -3.644609 ], [ -47.95008, -3.643452 ], [ -47.949372, -3.643131 ], [ -47.94875, -3.64236 ], [ -47.948535, -3.641375 ], [ -47.94772, -3.64084 ], [ -47.946861, -3.640925 ], [ -47.945102, -3.640433 ], [ -47.941669, -3.640048 ], [ -47.938772, -3.640048 ], [ -47.91961, -3.639555 ], [ -47.917679, -3.639491 ], [ -47.916306, -3.639769 ], [ -47.915276, -3.639705 ], [ -47.91401, -3.640069 ], [ -47.912658, -3.640262 ], [ -47.91137, -3.64009 ], [ -47.910384, -3.640369 ], [ -47.908903, -3.640604 ], [ -47.902401, -3.639341 ], [ -47.891844, -3.638998 ], [ -47.89163, -3.639105 ], [ -47.890042, -3.64144 ] ] } },
{ "type": "Feature", "properties": { }, "geometry": { "type": "LineString", "coordinates": [ [ -47.998467, -3.658699 ], [ -48.002759, -3.645958 ], [ -48.004154, -3.643431 ], [ -48.00454, -3.641825 ], [ -48.006492, -3.640562 ], [ -48.007608, -3.640283 ], [ -48.008187, -3.639277 ], [ -48.008273, -3.638634 ], [ -48.012586, -3.63388 ], [ -48.027821, -3.624072 ], [ -48.028723, -3.623387 ], [ -48.029495, -3.623323 ], [ -48.031684, -3.624222 ], [ -48.036597, -3.626449 ], [ -48.036962, -3.626856 ], [ -48.039301, -3.627392 ], [ -48.04149, -3.628441 ], [ -48.045653, -3.628891 ], [ -48.046661, -3.628013 ], [ -48.047691, -3.627306 ], [ -48.048786, -3.623815 ], [ -48.049987, -3.623837 ], [ -48.050094, -3.623558 ], [ -48.050223, -3.622488 ], [ -48.050931, -3.621267 ], [ -48.051983, -3.620496 ], [ -48.052519, -3.621053 ], [ -48.052905, -3.621631 ], [ -48.057884, -3.623066 ], [ -48.058141, -3.623109 ], [ -48.058399, -3.623173 ], [ -48.058463, -3.623494 ], [ -48.059128, -3.627456 ], [ -48.05945, -3.62949 ], [ -48.059943, -3.630347 ], [ -48.060952, -3.631546 ], [ -48.061658, -3.631952 ] ] } },
{ "type": "Feature", "properties": { }, "geometry": { "type": "LineString", "coordinates": [ [ -47.993976, -3.721496 ], [ -47.994066, -3.721496 ] ] } },
{ "type": "Feature", "properties": { }, "geometry": { "type": "LineString", "coordinates": [ [ -47.993976, -3.721496 ], [ -47.993566, -3.721058 ], [ -47.993314, -3.720783 ], [ -47.993057, -3.720496 ], [ -47.992817, -3.720221 ], [ -47.992449, -3.719789 ] ] } },
{ "type": "Feature", "properties": { }, "geometry": { "type": "LineString", "coordinates": [ [ -47.939179, -3.706494 ], [ -47.939179, -3.706404 ] ] } },
{ "type": "Feature", "properties": { }, "geometry": { "type": "LineString", "coordinates": [ [ -47.918967, -3.681251 ], [ -47.919057, -3.681251 ] ] } },
{ "type": "Feature", "properties": { }, "geometry": { "type": "LineString", "coordinates": [ [ -47.937472, -3.699038 ], [ -47.93738, -3.697447 ], [ -47.937326, -3.696517 ], [ -47.937277, -3.695632 ], [ -47.937203, -3.694277 ] ] } },
{ "type": "Feature", "properties": { }, "geometry": { "type": "LineString", "coordinates": [ [ -47.839915, -3.679814 ], [ -47.840005, -3.679814 ] ] } },
{ "type": "Feature", "properties": { }, "geometry": { "type": "LineString", "coordinates": [ [ -47.839915, -3.679814 ], [ -47.838124, -3.679721 ], [ -47.83698, -3.679668 ], [ -47.835796, -3.679618 ], [ -47.833807, -3.679544 ] ] } },
{ "type": "Feature", "properties": { }, "geometry": { "type": "LineString", "coordinates": [ [ -47.909894, -3.698589 ], [ -47.909894, -3.698499 ] ] } },
{ "type": "Feature", "properties": { }, "geometry": { "type": "LineString", "coordinates": [ [ -47.873961, -3.707302 ], [ -47.874051, -3.707302 ] ] } },
{ "type": "Feature", "properties": { }, "geometry": { "type": "LineString", "coordinates": [ [ -47.980322, -3.709368 ], [ -47.980591, -3.709099 ] ] } },
{ "type": "Feature", "properties": { }, "geometry": { "type": "LineString", "coordinates": [ [ -47.885909, -3.726526 ], [ -47.885999, -3.726526 ] ] } },
{ "type": "Feature", "properties": { }, "geometry": { "type": "LineString", "coordinates": [ [ -47.885909, -3.726526 ], [ -47.885819, -3.726436 ], [ -47.884561, -3.726436 ] ] } },
{ "type": "Feature", "properties": { }, "geometry": { "type": "LineString", "coordinates": [ [ -47.886807, -3.723652 ], [ -47.886897, -3.723652 ] ] } },
{ "type": "Feature", "properties": { }, "geometry": { "type": "LineString", "coordinates": [ [ -47.833447, -3.685563 ], [ -47.833447, -3.685473 ] ] } },
{ "type": "Feature", "properties": { }, "geometry": { "type": "LineString", "coordinates": [ [ -47.99182, -3.720148 ], [ -47.99182, -3.720058 ] ] } },
{ "type": "Feature", "properties": { }, "geometry": { "type": "LineString", "coordinates": [ [ -47.925794, -3.679544 ], [ -47.925864, -3.679092 ], [ -47.925908, -3.678791 ], [ -47.925953, -3.67846 ], [ -47.925996, -3.678125 ], [ -47.926064, -3.677568 ] ] } },
{ "type": "Feature", "properties": { }, "geometry": { "type": "LineString", "coordinates": [ [ -47.85312, -3.698499 ], [ -47.85321, -3.698409 ] ] } },
{ "type": "Feature", "properties": { }, "geometry": { "type": "LineString", "coordinates": [ [ -47.85312, -3.698499 ], [ -47.852736, -3.69843 ], [ -47.852498, -3.698388 ], [ -47.852251, -3.698343 ], [ -47.852009, -3.698298 ], [ -47.85178, -3.698253 ], [ -47.851569, -3.698207 ], [ -47.851378, -3.698162 ], [ -47.851205, -3.698117 ], [ -47.851049, -3.698072 ], [ -47.850904, -3.698027 ], [ -47.850769, -3.697982 ], [ -47.850641, -3.697937 ], [ -47.850517, -3.697892 ], [ -47.850398, -3.697847 ], [ -47.850283, -3.697802 ], [ -47.85017, -3.697756 ], [ -47.850059, -3.697709 ], [ -47.849949, -3.697661 ], [ -47.849838, -3.69761 ], [ -47.849726, -3.697556 ], [ -47.849613, -3.6975 ], [ -47.849498, -3.69744 ], [ -47.849383, -3.697376 ], [ -47.849266, -3.69731 ], [ -47.849148, -3.697241 ], [ -47.84903, -3.69717 ], [ -47.848911, -3.697099 ], [ -47.848792, -3.697027 ], [ -47.848675, -3.696956 ], [ -47.848562, -3.696889 ], [ -47.848457, -3.696826 ], [ -47.84837, -3.696772 ], [ -47.84827, -3.696702 ] ] } },
{ "type": "Feature", "properties": { }, "geometry": { "type": "LineString", "coordinates": [ [ -47.982388, -3.672537 ], [ -47.982478, -3.672537 ] ] } },
{ "type": "Feature", "properties": { }, "geometry": { "type": "LineString", "coordinates": [ [ -47.982388, -3.672537 ], [ -47.982104, -3.672468 ], [ -47.981926, -3.672425 ], [ -47.981739, -3.672379 ], [ -47.981551, -3.672333 ], [ -47.981369, -3.672287 ], [ -47.981202, -3.672244 ], [ -47.980951, -3.672178 ] ] } },
{ "type": "Feature", "properties": { }, "geometry": { "type": "LineString", "coordinates": [ [ -47.871446, -3.701733 ], [ -47.871536, -3.701733 ] ] } },
{ "type": "Feature", "properties": { }, "geometry": { "type": "LineString", "coordinates": [ [ -47.871446, -3.701733 ], [ -47.871446, -3.701643 ] ] } },
{ "type": "Feature", "properties": { }, "geometry": { "type": "LineString", "coordinates": [ [ -47.915464, -3.677658 ], [ -47.915529, -3.67746 ], [ -47.915562, -3.677327 ], [ -47.915585, -3.677178 ], [ -47.915597, -3.677017 ], [ -47.915594, -3.67685 ], [ -47.915579, -3.676683 ], [ -47.915553, -3.676518 ], [ -47.915518, -3.676356 ], [ -47.915473, -3.676195 ], [ -47.915419, -3.676032 ], [ -47.915351, -3.675861 ], [ -47.915267, -3.675678 ], [ -47.915161, -3.67548 ], [ -47.915027, -3.675265 ], [ -47.914864, -3.675036 ], [ -47.914673, -3.674796 ], [ -47.91446, -3.674552 ], [ -47.914234, -3.674315 ], [ -47.914015, -3.674102 ], [ -47.913667, -3.673795 ] ] } },
{ "type": "Feature", "properties": { }, "geometry": { "type": "LineString", "coordinates": [ [ -47.915464, -3.677658 ], [ -47.915332, -3.677451 ], [ -47.915254, -3.677324 ], [ -47.915178, -3.67719 ], [ -47.915106, -3.677054 ], [ -47.915036, -3.676916 ], [ -47.914966, -3.676775 ], [ -47.914894, -3.67663 ], [ -47.914816, -3.676479 ], [ -47.914731, -3.676321 ], [ -47.914638, -3.676156 ], [ -47.914537, -3.675985 ], [ -47.914429, -3.675809 ], [ -47.914313, -3.675628 ], [ -47.914189, -3.675444 ], [ -47.914057, -3.675256 ], [ -47.913918, -3.675066 ], [ -47.913776, -3.674876 ], [ -47.913635, -3.67469 ], [ -47.913501, -3.674515 ], [ -47.913383, -3.674363 ], [ -47.913218, -3.674154 ] ] } },
{ "type": "Feature", "properties": { }, "geometry": { "type": "LineString", "coordinates": [ [ -47.911601, -3.703978 ], [ -47.91196, -3.703978 ] ] } },
{ "type": "Feature", "properties": { }, "geometry": { "type": "LineString", "coordinates": [ [ -47.911601, -3.703978 ], [ -47.911515, -3.703828 ], [ -47.91146, -3.70373 ], [ -47.9114, -3.703625 ], [ -47.91134, -3.70352 ], [ -47.911241, -3.70335 ] ] } },
{ "type": "Feature", "properties": { }, "geometry": { "type": "LineString", "coordinates": [ [ -47.911601, -3.703978 ], [ -47.911347, -3.704018 ], [ -47.911193, -3.704038 ], [ -47.911039, -3.704052 ], [ -47.910792, -3.704068 ] ] } },
{ "type": "Feature", "properties": { }, "geometry": { "type": "LineString", "coordinates": [ [ -47.976998, -3.727245 ], [ -47.977337, -3.727154 ], [ -47.977567, -3.727104 ], [ -47.977831, -3.727058 ], [ -47.978121, -3.727021 ], [ -47.978431, -3.726995 ], [ -47.978752, -3.72698 ], [ -47.97907, -3.726977 ], [ -47.979375, -3.726986 ], [ -47.979658, -3.727007 ], [ -47.97991, -3.727039 ], [ -47.980123, -3.727079 ], [ -47.980412, -3.727155 ] ] } },
{ "type": "Feature", "properties": { }, "geometry": { "type": "LineString", "coordinates": [ [ -47.976998, -3.727245 ], [ -47.976752, -3.727177 ], [ -47.976592, -3.727134 ], [ -47.976418, -3.727089 ], [ -47.976233, -3.727044 ], [ -47.976039, -3.726999 ], [ -47.975835, -3.726953 ], [ -47.975621, -3.726908 ], [ -47.975396, -3.726863 ], [ -47.975159, -3.726819 ], [ -47.974909, -3.726777 ], [ -47.974648, -3.726737 ], [ -47.974379, -3.726701 ], [ -47.974105, -3.726672 ], [ -47.973832, -3.726651 ], [ -47.973566, -3.726639 ], [ -47.973312, -3.726638 ], [ -47.973077, -3.726647 ], [ -47.972874, -3.726664 ], [ -47.972596, -3.726706 ] ] } },
{ "type": "Feature", "properties": { }, "geometry": { "type": "LineString", "coordinates": [ [ -47.906391, -3.671909 ], [ -47.906397, -3.671729 ], [ -47.906398, -3.671624 ], [ -47.906397, -3.671524 ], [ -47.906391, -3.67137 ] ] } },
{ "type": "Feature", "properties": { }, "geometry": { "type": "LineString", "coordinates": [ [ -47.881597, -3.71907 ], [ -47.881687, -3.71907 ] ] } },
{ "type": "Feature", "properties": { }, "geometry": { "type": "LineString", "coordinates": [ [ -47.881597, -3.71907 ], [ -47.881597, -3.71898 ] ] } },
{ "type": "Feature", "properties": { }, "geometry": { "type": "LineString", "coordinates": [ [ -47.978885, -3.677658 ], [ -47.978795, -3.677568 ] ] } },
{ "type": "Feature", "properties": { }, "geometry": { "type": "LineString", "coordinates": [ [ -47.939449, -3.706134 ], [ -47.939538, -3.706134 ] ] } },
{ "type": "Feature", "properties": { }, "geometry": { "type": "LineString", "coordinates": [ [ -47.939449, -3.706134 ], [ -47.939449, -3.706045 ] ] } },
{ "type": "Feature", "properties": { }, "geometry": { "type": "LineString", "coordinates": [ [ -47.875219, -3.704787 ], [ -47.875219, -3.704697 ] ] } },
{ "type": "Feature", "properties": { }, "geometry": { "type": "LineString", "coordinates": [ [ -47.878992, -3.719609 ], [ -47.879082, -3.719609 ] ] } },
{ "type": "Feature", "properties": { }, "geometry": { "type": "LineString", "coordinates": [ [ -47.878992, -3.719609 ], [ -47.878902, -3.719519 ], [ -47.878902, -3.718082 ] ] } },
{ "type": "Feature", "properties": { }, "geometry": { "type": "LineString", "coordinates": [ [ -47.884202, -3.721136 ], [ -47.884382, -3.720957 ] ] } },
{ "type": "Feature", "properties": { }, "geometry": { "type": "LineString", "coordinates": [ [ -47.936215, -3.702002 ], [ -47.936322, -3.701331 ], [ -47.936383, -3.700944 ], [ -47.936484, -3.700295 ] ] } },
{ "type": "Feature", "properties": { }, "geometry": { "type": "LineString", "coordinates": [ [ -47.936215, -3.702002 ], [ -47.936008, -3.701886 ], [ -47.935872, -3.701798 ], [ -47.93572, -3.701687 ], [ -47.935558, -3.701552 ], [ -47.935391, -3.701396 ], [ -47.935226, -3.701223 ], [ -47.93507, -3.701041 ], [ -47.93493, -3.700859 ], [ -47.934811, -3.700683 ], [ -47.934716, -3.700526 ], [ -47.934598, -3.700295 ] ] } },
{ "type": "Feature", "properties": { }, "geometry": { "type": "LineString", "coordinates": [ [ -47.990473, -3.673975 ], [ -47.990473, -3.673885 ] ] } },
{ "type": "Feature", "properties": { }, "geometry": { "type": "LineString", "coordinates": [ [ -47.906391, -3.698768 ], [ -47.90648, -3.698768 ] ] } },
{ "type": "Feature", "properties": { }, "geometry": { "type": "LineString", "coordinates": [ [ -47.980142, -3.71368 ], [ -47.980232, -3.71368 ] ] } },
{ "type": "Feature", "properties": { }, "geometry": { "type": "LineString", "coordinates": [ [ -47.980142, -3.71368 ], [ -47.979919, -3.713512 ], [ -47.979787, -3.713412 ], [ -47.979655, -3.713311 ], [ -47.979531, -3.713213 ], [ -47.979418, -3.713114 ], [ -47.979321, -3.713011 ], [ -47.97924, -3.712902 ], [ -47.979179, -3.712784 ], [ -47.979141, -3.712657 ], [ -47.979126, -3.712522 ], [ -47.979136, -3.712381 ], [ -47.979171, -3.712232 ], [ -47.97923, -3.712075 ], [ -47.979314, -3.711907 ], [ -47.979419, -3.711725 ], [ -47.979543, -3.71153 ], [ -47.979677, -3.711322 ], [ -47.979815, -3.711104 ], [ -47.979945, -3.710877 ], [ -47.980059, -3.710644 ], [ -47.980153, -3.710405 ], [ -47.980223, -3.710163 ], [ -47.980271, -3.709922 ], [ -47.9803, -3.7097 ], [ -47.980322, -3.709368 ] ] } },
{ "type": "Feature", "properties": { }, "geometry": { "type": "LineString", "coordinates": [ [ -47.980591, -3.709099 ], [ -47.980759, -3.708895 ], [ -47.980875, -3.708766 ], [ -47.98101, -3.708627 ], [ -47.981159, -3.708488 ], [ -47.98132, -3.708355 ], [ -47.981487, -3.708231 ], [ -47.981656, -3.708121 ], [ -47.981822, -3.708025 ], [ -47.981976, -3.707946 ], [ -47.982208, -3.707841 ] ] } },
{ "type": "Feature", "properties": { }, "geometry": { "type": "LineString", "coordinates": [ [ -47.86381, -3.698948 ], [ -47.86381, -3.698858 ] ] } },
{ "type": "Feature", "properties": { }, "geometry": { "type": "LineString", "coordinates": [ [ -47.881238, -3.704158 ], [ -47.88099, -3.703917 ], [ -47.880836, -3.703774 ], [ -47.880675, -3.703632 ], [ -47.880515, -3.703501 ], [ -47.880362, -3.703387 ], [ -47.880217, -3.70329 ], [ -47.880084, -3.703212 ], [ -47.879968, -3.703152 ], [ -47.8798, -3.70308 ] ] } },
{ "type": "Feature", "properties": { }, "geometry": { "type": "LineString", "coordinates": [ [ -47.908636, -3.689875 ], [ -47.908726, -3.689875 ] ] } },
{ "type": "Feature", "properties": { }, "geometry": { "type": "LineString", "coordinates": [ [ -47.908636, -3.689875 ], [ -47.908636, -3.689785 ] ] } },
{ "type": "Feature", "properties": { }, "geometry": { "type": "LineString", "coordinates": [ [ -47.912769, -3.705865 ], [ -47.912858, -3.705865 ] ] } },
{ "type": "Feature", "properties": { }, "geometry": { "type": "LineString", "coordinates": [ [ -47.912769, -3.705865 ], [ -47.912769, -3.705775 ] ] } },
{ "type": "Feature", "properties": { }, "geometry": { "type": "LineString", "coordinates": [ [ -47.884472, -3.726436 ], [ -47.884561, -3.726436 ] ] } },
{ "type": "Feature", "properties": { }, "geometry": { "type": "LineString", "coordinates": [ [ -47.884472, -3.726436 ], [ -47.884472, -3.726347 ] ] } },
{ "type": "Feature", "properties": { }, "geometry": { "type": "LineString", "coordinates": [ [ -47.860936, -3.686372 ], [ -47.860936, -3.686282 ] ] } },
{ "type": "Feature", "properties": { }, "geometry": { "type": "LineString", "coordinates": [ [ -47.866775, -3.703619 ], [ -47.866775, -3.70308 ], [ -47.866685, -3.70299 ] ] } },
{ "type": "Feature", "properties": { }, "geometry": { "type": "LineString", "coordinates": [ [ -47.894353, -3.688707 ], [ -47.894311, -3.68856 ], [ -47.89429, -3.68847 ], [ -47.894274, -3.688377 ], [ -47.894264, -3.688287 ], [ -47.89426, -3.688204 ], [ -47.894263, -3.688078 ] ] } },
{ "type": "Feature", "properties": { }, "geometry": { "type": "LineString", "coordinates": [ [ -47.90145, -3.672088 ], [ -47.90154, -3.672088 ] ] } },
{ "type": "Feature", "properties": { }, "geometry": { "type": "LineString", "coordinates": [ [ -47.90145, -3.672088 ], [ -47.900085, -3.672048 ], [ -47.899288, -3.672028 ], [ -47.89852, -3.672013 ], [ -47.897842, -3.672004 ], [ -47.896868, -3.671998 ] ] } },
{ "type": "Feature", "properties": { }, "geometry": { "type": "LineString", "coordinates": [ [ -47.987598, -3.71934 ], [ -47.987688, -3.71925 ], [ -47.987688, -3.71916 ] ] } },
{ "type": "Feature", "properties": { }, "geometry": { "type": "LineString", "coordinates": [ [ -47.987598, -3.71934 ], [ -47.987508, -3.71925 ], [ -47.98679, -3.71925 ] ] } },
{ "type": "Feature", "properties": { }, "geometry": { "type": "LineString", "coordinates": [ [ -47.986071, -3.720058 ], [ -47.986363, -3.719732 ], [ -47.986525, -3.719548 ], [ -47.98679, -3.71925 ] ] } },
{ "type": "Feature", "properties": { }, "geometry": { "type": "LineString", "coordinates": [ [ -47.984454, -3.70865 ], [ -47.984544, -3.70865 ] ] } },
{ "type": "Feature", "properties": { }, "geometry": { "type": "LineString", "coordinates": [ [ -47.878633, -3.707572 ], [ -47.878704, -3.707432 ], [ -47.878759, -3.707334 ], [ -47.878831, -3.707218 ], [ -47.878923, -3.70708 ], [ -47.879039, -3.706919 ], [ -47.879182, -3.706731 ], [ -47.879352, -3.706516 ], [ -47.879546, -3.706276 ], [ -47.87976, -3.706018 ], [ -47.879984, -3.705749 ], [ -47.880212, -3.705477 ], [ -47.880435, -3.705211 ], [ -47.880645, -3.704959 ], [ -47.880839, -3.704728 ], [ -47.881005, -3.704527 ], [ -47.881238, -3.704248 ] ] } },
{ "type": "Feature", "properties": { }, "geometry": { "type": "LineString", "coordinates": [ [ -47.982747, -3.699217 ], [ -47.982837, -3.699217 ] ] } },
{ "type": "Feature", "properties": { }, "geometry": { "type": "LineString", "coordinates": [ [ -47.982747, -3.699217 ], [ -47.982487, -3.699167 ], [ -47.982323, -3.699134 ], [ -47.98215, -3.699099 ], [ -47.981974, -3.699064 ], [ -47.981802, -3.699029 ], [ -47.981643, -3.698997 ], [ -47.9814, -3.698948 ] ] } },
{ "type": "Feature", "properties": { }, "geometry": { "type": "LineString", "coordinates": [ [ -47.902887, -3.709189 ], [ -47.902852, -3.709046 ], [ -47.902832, -3.708965 ], [ -47.902797, -3.708829 ] ] } },
{ "type": "Feature", "properties": { }, "geometry": { "type": "LineString", "coordinates": [ [ -47.902887, -3.709189 ], [ -47.902394, -3.709192 ], [ -47.902109, -3.709192 ], [ -47.901629, -3.709189 ] ] } },
{ "type": "Feature", "properties": { }, "geometry": { "type": "LineString", "coordinates": [ [ -47.995773, -3.723202 ], [ -47.995937, -3.722988 ], [ -47.99603, -3.722862 ], [ -47.996119, -3.722738 ], [ -47.996198, -3.722623 ], [ -47.996267, -3.72252 ], [ -47.996324, -3.722431 ], [ -47.996402, -3.722304 ] ] } },
{ "type": "Feature", "properties": { }, "geometry": { "type": "LineString", "coordinates": [ [ -47.985352, -3.709638 ], [ -47.985352, -3.709279 ] ] } },
{ "type": "Feature", "properties": { }, "geometry": { "type": "LineString", "coordinates": [ [ -47.884112, -3.712333 ], [ -47.884202, -3.712333 ] ] } },
{ "type": "Feature", "properties": { }, "geometry": { "type": "LineString", "coordinates": [ [ -47.857522, -3.699487 ], [ -47.857525, -3.698782 ], [ -47.857525, -3.698375 ], [ -47.857522, -3.69769 ] ] } },
{ "type": "Feature", "properties": { }, "geometry": { "type": "LineString", "coordinates": [ [ -47.857522, -3.699487 ], [ -47.857373, -3.699419 ], [ -47.857278, -3.699376 ], [ -47.857178, -3.699331 ], [ -47.857073, -3.699286 ], [ -47.856966, -3.699241 ], [ -47.856855, -3.699196 ], [ -47.856741, -3.69915 ], [ -47.856623, -3.699105 ], [ -47.856504, -3.69906 ], [ -47.856384, -3.699014 ], [ -47.856265, -3.698969 ], [ -47.856149, -3.698923 ], [ -47.856037, -3.698876 ], [ -47.855932, -3.698829 ], [ -47.855835, -3.698783 ], [ -47.855751, -3.698741 ], [ -47.855636, -3.698678 ] ] } },
{ "type": "Feature", "properties": { }, "geometry": { "type": "LineString", "coordinates": [ [ -47.989754, -3.703709 ], [ -47.989637, -3.703514 ], [ -47.989544, -3.70338 ], [ -47.989423, -3.703223 ], [ -47.989273, -3.703047 ], [ -47.989098, -3.702858 ], [ -47.98891, -3.70267 ], [ -47.988586, -3.702362 ] ] } },
{ "type": "Feature", "properties": { }, "geometry": { "type": "LineString", "coordinates": [ [ -47.915643, -3.708021 ], [ -47.91546, -3.707759 ], [ -47.915344, -3.707593 ], [ -47.915219, -3.707417 ], [ -47.915091, -3.707238 ], [ -47.914964, -3.70706 ], [ -47.914842, -3.706889 ], [ -47.914726, -3.706725 ], [ -47.914619, -3.706571 ], [ -47.914521, -3.706425 ], [ -47.91443, -3.706287 ], [ -47.914346, -3.706154 ], [ -47.914267, -3.706026 ], [ -47.914193, -3.7059 ], [ -47.914124, -3.705778 ], [ -47.914061, -3.705662 ], [ -47.914007, -3.705559 ], [ -47.913936, -3.705416 ] ] } },
{ "type": "Feature", "properties": { }, "geometry": { "type": "LineString", "coordinates": [ [ -47.904684, -3.705685 ], [ -47.904684, -3.705595 ] ] } },
{ "type": "Feature", "properties": { }, "geometry": { "type": "LineString", "coordinates": [ [ -47.859498, -3.691761 ], [ -47.859492, -3.691475 ], [ -47.859483, -3.691306 ], [ -47.859468, -3.691141 ], [ -47.859448, -3.690992 ], [ -47.859409, -3.690773 ] ] } },
{ "type": "Feature", "properties": { }, "geometry": { "type": "LineString", "coordinates": [ [ -47.966745, -3.729956 ], [ -47.9668, -3.729826 ], [ -47.966856, -3.729681 ], [ -47.96691, -3.729528 ], [ -47.966961, -3.729365 ], [ -47.967009, -3.729196 ], [ -47.967053, -3.729032 ], [ -47.967117, -3.728772 ] ] } },
{ "type": "Feature", "properties": { }, "geometry": { "type": "LineString", "coordinates": [ [ -47.988047, -3.722035 ], [ -47.988311, -3.721443 ], [ -47.988451, -3.721077 ], [ -47.988571, -3.720702 ], [ -47.988661, -3.720345 ], [ -47.988766, -3.719789 ] ] } },
{ "type": "Feature", "properties": { }, "geometry": { "type": "LineString", "coordinates": [ [ -47.988047, -3.722035 ], [ -47.987932, -3.721958 ], [ -47.987859, -3.721908 ], [ -47.98778, -3.721852 ], [ -47.987696, -3.72179 ], [ -47.987606, -3.721724 ], [ -47.98751, -3.721652 ], [ -47.987405, -3.721578 ], [ -47.987292, -3.721501 ], [ -47.98717, -3.721424 ], [ -47.987043, -3.721351 ], [ -47.986915, -3.721282 ], [ -47.986795, -3.721222 ], [ -47.98661, -3.721136 ] ] } },
{ "type": "Feature", "properties": { }, "geometry": { "type": "LineString", "coordinates": [ [ -47.917889, -3.671998 ], [ -47.918127, -3.671958 ], [ -47.918281, -3.671938 ], [ -47.918447, -3.671923 ], [ -47.918611, -3.671914 ], [ -47.918877, -3.671909 ] ] } },
{ "type": "Feature", "properties": { }, "geometry": { "type": "LineString", "coordinates": [ [ -47.924357, -3.710446 ], [ -47.924357, -3.710357 ] ] } },
{ "type": "Feature", "properties": { }, "geometry": { "type": "LineString", "coordinates": [ [ -47.878722, -3.720777 ], [ -47.878812, -3.720777 ] ] } },
{ "type": "Feature", "properties": { }, "geometry": { "type": "LineString", "coordinates": [ [ -47.878722, -3.720777 ], [ -47.878722, -3.720687 ] ] } },
{ "type": "Feature", "properties": { }, "geometry": { "type": "LineString", "coordinates": [ [ -47.922359, -3.73252 ], [ -47.922314, -3.732755 ] ] } },
{ "type": "Feature", "properties": { }, "geometry": { "type": "LineString", "coordinates": [ [ -47.950408, -3.723023 ], [ -47.950498, -3.722933 ] ] } },
{ "type": "Feature", "properties": { }, "geometry": { "type": "LineString", "coordinates": [ [ -47.902348, -3.694816 ], [ -47.902438, -3.694816 ] ] } },
{ "type": "Feature", "properties": { }, "geometry": { "type": "LineString", "coordinates": [ [ -47.902348, -3.694816 ], [ -47.902348, -3.694726 ] ] } },
{ "type": "Feature", "properties": { }, "geometry": { "type": "LineString", "coordinates": [ [ -47.868302, -3.698499 ], [ -47.868441, -3.698313 ], [ -47.868535, -3.69819 ], [ -47.86864, -3.698055 ], [ -47.868748, -3.697918 ], [ -47.868931, -3.69769 ] ] } },
{ "type": "Feature", "properties": { }, "geometry": { "type": "LineString", "coordinates": [ [ -47.981669, -3.728233 ], [ -47.981669, -3.728143 ] ] } },
{ "type": "Feature", "properties": { }, "geometry": { "type": "LineString", "coordinates": [ [ -47.952564, -3.721136 ], [ -47.952654, -3.721136 ] ] } },
{ "type": "Feature", "properties": { }, "geometry": { "type": "LineString", "coordinates": [ [ -47.875399, -3.710536 ], [ -47.875488, -3.710536 ] ] } },
{ "type": "Feature", "properties": { }, "geometry": { "type": "LineString", "coordinates": [ [ -47.875399, -3.710536 ], [ -47.875399, -3.710446 ] ] } },
{ "type": "Feature", "properties": { }, "geometry": { "type": "LineString", "coordinates": [ [ -47.875399, -3.710536 ], [ -47.875033, -3.710657 ], [ -47.874815, -3.710714 ], [ -47.874595, -3.710754 ], [ -47.874385, -3.710774 ], [ -47.874187, -3.710773 ], [ -47.874, -3.710755 ], [ -47.873822, -3.710725 ], [ -47.87365, -3.710686 ], [ -47.873482, -3.710642 ], [ -47.873316, -3.710593 ], [ -47.873148, -3.71054 ], [ -47.872979, -3.710483 ], [ -47.872813, -3.710424 ], [ -47.872661, -3.710365 ], [ -47.872434, -3.710267 ] ] } },
{ "type": "Feature", "properties": { }, "geometry": { "type": "LineString", "coordinates": [ [ -47.987598, -3.726526 ], [ -47.987752, -3.726424 ], [ -47.987848, -3.726362 ], [ -47.98795, -3.726297 ], [ -47.988055, -3.726231 ], [ -47.988163, -3.726162 ], [ -47.988275, -3.726089 ], [ -47.988389, -3.726012 ], [ -47.9885, -3.725935 ], [ -47.988676, -3.725808 ] ] } },
{ "type": "Feature", "properties": { }, "geometry": { "type": "LineString", "coordinates": [ [ -47.983556, -3.695445 ], [ -47.983556, -3.695355 ] ] } },
{ "type": "Feature", "properties": { }, "geometry": { "type": "LineString", "coordinates": [ [ -47.906031, -3.692121 ], [ -47.906031, -3.692031 ] ] } },
{ "type": "Feature", "properties": { }, "geometry": { "type": "LineString", "coordinates": [ [ -47.941964, -3.689336 ], [ -47.942237, -3.689245 ], [ -47.942407, -3.689173 ], [ -47.942583, -3.689078 ], [ -47.942751, -3.688956 ], [ -47.942901, -3.688807 ], [ -47.94302, -3.688632 ], [ -47.943101, -3.688438 ], [ -47.94314, -3.688234 ], [ -47.943136, -3.688033 ], [ -47.943094, -3.687845 ], [ -47.94302, -3.687679 ], [ -47.942922, -3.687538 ], [ -47.942806, -3.687422 ], [ -47.942679, -3.687326 ], [ -47.942545, -3.687244 ], [ -47.942406, -3.687171 ], [ -47.942264, -3.687103 ], [ -47.942125, -3.687039 ], [ -47.941993, -3.686983 ], [ -47.941784, -3.686911 ] ] } },
{ "type": "Feature", "properties": { }, "geometry": { "type": "LineString", "coordinates": [ [ -47.884865, -3.729956 ], [ -47.884852, -3.729918 ], [ -47.88481, -3.729795 ], [ -47.884765, -3.72967 ], [ -47.88472, -3.729548 ], [ -47.884675, -3.729428 ], [ -47.88463, -3.729308 ], [ -47.884586, -3.729184 ], [ -47.884543, -3.72905 ], [ -47.884502, -3.728905 ], [ -47.884464, -3.728747 ], [ -47.88443, -3.728588 ], [ -47.884382, -3.728323 ] ] } },
{ "type": "Feature", "properties": { }, "geometry": { "type": "LineString", "coordinates": [ [ -47.843508, -3.693109 ], [ -47.843598, -3.692814 ], [ -47.843651, -3.692617 ], [ -47.843701, -3.692404 ], [ -47.843778, -3.692031 ] ] } },
{ "type": "Feature", "properties": { }, "geometry": { "type": "LineString", "coordinates": [ [ -47.843508, -3.693109 ], [ -47.843465, -3.692613 ], [ -47.843452, -3.692311 ], [ -47.843457, -3.692005 ], [ -47.843482, -3.691717 ], [ -47.843527, -3.69146 ], [ -47.843588, -3.691243 ], [ -47.843656, -3.691073 ], [ -47.843778, -3.690863 ] ] } },
{ "type": "Feature", "properties": { }, "geometry": { "type": "LineString", "coordinates": [ [ -47.991371, -3.680173 ], [ -47.991371, -3.680083 ] ] } },
{ "type": "Feature", "properties": { }, "geometry": { "type": "LineString", "coordinates": [ [ -47.879261, -3.720777 ], [ -47.879261, -3.720687 ] ] } },
{ "type": "Feature", "properties": { }, "geometry": { "type": "LineString", "coordinates": [ [ -47.99721, -3.71943 ], [ -47.99721, -3.71934 ] ] } },
{ "type": "Feature", "properties": { }, "geometry": { "type": "LineString", "coordinates": [ [ -47.884292, -3.717813 ], [ -47.884292, -3.712512 ] ] } },
{ "type": "Feature", "properties": { }, "geometry": { "type": "LineString", "coordinates": [ [ -47.984634, -3.721136 ], [ -47.984724, -3.721136 ] ] } },
{ "type": "Feature", "properties": { }, "geometry": { "type": "LineString", "coordinates": [ [ -47.984634, -3.721136 ], [ -47.98434, -3.720835 ], [ -47.984162, -3.720646 ], [ -47.983983, -3.720446 ], [ -47.983816, -3.720249 ], [ -47.983671, -3.720066 ], [ -47.983466, -3.719789 ] ] } },
{ "type": "Feature", "properties": { }, "geometry": { "type": "LineString", "coordinates": [ [ -47.884292, -3.712512 ], [ -47.884292, -3.712423 ] ] } },
{ "type": "Feature", "properties": { }, "geometry": { "type": "LineString", "coordinates": [ [ -47.86417, -3.689336 ], [ -47.86426, -3.689336 ] ] } },
{ "type": "Feature", "properties": { }, "geometry": { "type": "LineString", "coordinates": [ [ -47.86417, -3.689336 ], [ -47.86417, -3.689246 ] ] } },
{ "type": "Feature", "properties": { }, "geometry": { "type": "LineString", "coordinates": [ [ -47.98679, -3.709548 ], [ -47.9869, -3.709431 ], [ -47.986968, -3.709362 ], [ -47.987037, -3.709294 ], [ -47.987149, -3.709189 ] ] } },
{ "type": "Feature", "properties": { }, "geometry": { "type": "LineString", "coordinates": [ [ -47.834256, -3.692121 ], [ -47.834256, -3.692031 ] ] } },
{ "type": "Feature", "properties": { }, "geometry": { "type": "LineString", "coordinates": [ [ -47.952384, -3.723113 ], [ -47.952384, -3.723023 ] ] } },
{ "type": "Feature", "properties": { }, "geometry": { "type": "LineString", "coordinates": [ [ -47.918697, -3.692929 ], [ -47.919612, -3.692923 ], [ -47.920176, -3.692921 ], [ -47.920742, -3.692923 ], [ -47.921662, -3.692929 ] ] } },
{ "type": "Feature", "properties": { }, "geometry": { "type": "LineString", "coordinates": [ [ -47.91753, -3.6764 ], [ -47.91753, -3.67631 ] ] } },
{ "type": "Feature", "properties": { }, "geometry": { "type": "LineString", "coordinates": [ [ -47.91196, -3.706224 ], [ -47.912133, -3.706162 ], [ -47.912243, -3.706119 ], [ -47.91236, -3.70607 ], [ -47.912479, -3.706015 ], [ -47.912592, -3.705959 ], [ -47.912769, -3.705865 ] ] } },
{ "type": "Feature", "properties": { }, "geometry": { "type": "LineString", "coordinates": [ [ -47.868212, -3.703619 ], [ -47.868396, -3.703487 ], [ -47.868507, -3.70341 ], [ -47.868619, -3.703335 ], [ -47.86873, -3.703265 ], [ -47.868837, -3.7032 ], [ -47.868942, -3.703138 ], [ -47.869045, -3.703078 ], [ -47.869148, -3.70302 ], [ -47.86925, -3.702963 ], [ -47.869351, -3.702907 ], [ -47.86945, -3.702853 ], [ -47.869547, -3.702801 ], [ -47.869642, -3.70275 ], [ -47.869736, -3.702702 ], [ -47.869827, -3.702655 ], [ -47.869918, -3.702609 ], [ -47.870009, -3.702564 ], [ -47.870099, -3.702519 ], [ -47.870188, -3.702474 ], [ -47.870278, -3.702429 ], [ -47.870368, -3.702384 ], [ -47.870459, -3.702338 ], [ -47.870551, -3.702292 ], [ -47.870644, -3.702243 ], [ -47.870741, -3.702192 ], [ -47.870842, -3.702135 ], [ -47.870949, -3.702072 ], [ -47.871061, -3.702002 ], [ -47.871177, -3.701926 ], [ -47.871286, -3.701851 ], [ -47.871446, -3.701733 ] ] } },
{ "type": "Feature", "properties": { }, "geometry": { "type": "LineString", "coordinates": [ [ -47.915643, -3.680802 ], [ -47.915733, -3.680802 ] ] } },
{ "type": "Feature", "properties": { }, "geometry": { "type": "LineString", "coordinates": [ [ -47.881597, -3.71898 ], [ -47.881597, -3.717992 ] ] } },
{ "type": "Feature", "properties": { }, "geometry": { "type": "LineString", "coordinates": [ [ -47.987149, -3.708829 ], [ -47.987297, -3.708647 ], [ -47.987396, -3.70853 ], [ -47.98751, -3.708402 ], [ -47.987637, -3.708269 ], [ -47.987778, -3.70813 ], [ -47.987933, -3.707987 ], [ -47.988101, -3.707838 ], [ -47.98828, -3.707684 ], [ -47.988467, -3.707525 ], [ -47.98865, -3.70737 ], [ -47.988946, -3.707123 ] ] } },
{ "type": "Feature", "properties": { }, "geometry": { "type": "LineString", "coordinates": [ [ -47.987149, -3.708829 ], [ -47.986871, -3.708629 ], [ -47.986698, -3.708504 ], [ -47.986518, -3.708373 ], [ -47.98634, -3.708243 ], [ -47.986172, -3.708118 ], [ -47.986022, -3.708006 ], [ -47.985802, -3.707841 ] ] } },
{ "type": "Feature", "properties": { }, "geometry": { "type": "LineString", "coordinates": [ [ -47.999636, -3.722124 ], [ -47.999725, -3.722124 ] ] } },
{ "type": "Feature", "properties": { }, "geometry": { "type": "LineString", "coordinates": [ [ -47.999636, -3.722124 ], [ -47.999636, -3.722035 ] ] } },
{ "type": "Feature", "properties": { }, "geometry": { "type": "LineString", "coordinates": [ [ -47.95984, -3.732635 ], [ -47.959872, -3.73247 ], [ -47.959903, -3.732369 ], [ -47.959949, -3.732265 ], [ -47.960011, -3.732163 ], [ -47.960089, -3.732066 ], [ -47.960182, -3.731972 ], [ -47.960286, -3.731879 ], [ -47.960399, -3.731783 ], [ -47.960516, -3.731679 ], [ -47.960634, -3.731564 ], [ -47.960748, -3.731439 ], [ -47.960853, -3.731314 ], [ -47.961008, -3.731108 ] ] } },
{ "type": "Feature", "properties": { }, "geometry": { "type": "LineString", "coordinates": [ [ -47.981759, -3.72976 ], [ -47.981849, -3.72976 ] ] } },
{ "type": "Feature", "properties": { }, "geometry": { "type": "LineString", "coordinates": [ [ -47.981759, -3.72976 ], [ -47.981719, -3.729273 ], [ -47.9817, -3.728979 ], [ -47.981685, -3.72869 ], [ -47.981669, -3.728233 ] ] } },
{ "type": "Feature", "properties": { }, "geometry": { "type": "LineString", "coordinates": [ [ -47.906121, -3.690324 ], [ -47.906121, -3.690234 ] ] } },
{ "type": "Feature", "properties": { }, "geometry": { "type": "LineString", "coordinates": [ [ -47.939449, -3.706045 ], [ -47.939598, -3.705745 ], [ -47.939698, -3.70558 ], [ -47.939811, -3.705429 ], [ -47.939934, -3.705303 ], [ -47.940063, -3.7052 ], [ -47.940196, -3.705118 ], [ -47.940329, -3.705049 ], [ -47.940459, -3.704987 ], [ -47.940586, -3.704926 ], [ -47.940708, -3.704861 ], [ -47.940824, -3.704787 ], [ -47.940932, -3.704701 ], [ -47.941032, -3.7046 ], [ -47.941121, -3.704482 ], [ -47.941201, -3.704349 ], [ -47.941272, -3.704201 ], [ -47.941334, -3.704039 ], [ -47.94139, -3.703865 ], [ -47.941441, -3.70368 ], [ -47.94149, -3.703486 ], [ -47.941538, -3.703287 ], [ -47.941586, -3.703086 ], [ -47.941637, -3.702886 ], [ -47.941692, -3.702693 ], [ -47.941755, -3.702507 ], [ -47.941828, -3.702329 ], [ -47.941914, -3.702157 ], [ -47.942016, -3.701987 ], [ -47.942134, -3.701818 ], [ -47.942268, -3.70165 ], [ -47.942414, -3.701483 ], [ -47.942566, -3.701323 ], [ -47.942716, -3.701175 ], [ -47.942857, -3.701045 ], [ -47.942977, -3.700943 ], [ -47.943132, -3.700834 ] ] } },
{ "type": "Feature", "properties": { }, "geometry": { "type": "LineString", "coordinates": [ [ -47.874321, -3.705865 ], [ -47.874453, -3.70568 ], [ -47.874534, -3.705566 ], [ -47.874616, -3.705447 ], [ -47.874696, -3.705328 ], [ -47.874772, -3.705213 ], [ -47.874842, -3.705105 ], [ -47.874905, -3.705004 ], [ -47.874961, -3.704915 ], [ -47.875039, -3.704787 ] ] } },
{ "type": "Feature", "properties": { }, "geometry": { "type": "LineString", "coordinates": [ [ -47.871536, -3.701733 ], [ -47.871626, -3.701733 ] ] } },
{ "type": "Feature", "properties": { }, "geometry": { "type": "LineString", "coordinates": [ [ -47.950408, -3.715657 ], [ -47.951712, -3.715653 ], [ -47.952465, -3.715653 ], [ -47.953732, -3.715657 ] ] } },
{ "type": "Feature", "properties": { }, "geometry": { "type": "LineString", "coordinates": [ [ -47.950408, -3.715657 ], [ -47.95023, -3.715549 ], [ -47.950128, -3.715488 ], [ -47.949959, -3.715387 ] ] } },
{ "type": "Feature", "properties": { }, "geometry": { "type": "LineString", "coordinates": [ [ -47.921482, -3.671819 ], [ -47.921482, -3.671729 ] ] } },
{ "type": "Feature", "properties": { }, "geometry": { "type": "LineString", "coordinates": [ [ -47.892826, -3.705595 ], [ -47.892916, -3.705595 ] ] } },
{ "type": "Feature", "properties": { }, "geometry": { "type": "LineString", "coordinates": [ [ -47.873243, -3.70847 ], [ -47.873243, -3.70838 ] ] } },
{ "type": "Feature", "properties": { }, "geometry": { "type": "LineString", "coordinates": [ [ -47.921482, -3.680622 ], [ -47.921482, -3.67631 ] ] } },
{ "type": "Feature", "properties": { }, "geometry": { "type": "LineString", "coordinates": [ [ -47.902797, -3.707662 ], [ -47.902887, -3.707662 ] ] } },
{ "type": "Feature", "properties": { }, "geometry": { "type": "LineString", "coordinates": [ [ -47.95984, -3.726796 ], [ -47.959635, -3.72673 ] ] } },
{ "type": "Feature", "properties": { }, "geometry": { "type": "LineString", "coordinates": [ [ -47.984544, -3.727874 ], [ -47.984634, -3.727874 ] ] } },
{ "type": "Feature", "properties": { }, "geometry": { "type": "LineString", "coordinates": [ [ -47.908546, -3.689426 ], [ -47.908636, -3.689426 ] ] } },
{ "type": "Feature", "properties": { }, "geometry": { "type": "LineString", "coordinates": [ [ -47.908546, -3.689426 ], [ -47.907654, -3.689391 ], [ -47.907125, -3.68937 ], [ -47.906211, -3.689336 ] ] } },
{ "type": "Feature", "properties": { }, "geometry": { "type": "LineString", "coordinates": [ [ -47.893185, -3.681071 ], [ -47.893115, -3.68093 ], [ -47.893074, -3.680849 ], [ -47.893006, -3.680712 ] ] } },
{ "type": "Feature", "properties": { }, "geometry": { "type": "LineString", "coordinates": [ [ -47.830124, -3.686012 ], [ -47.830265, -3.685836 ], [ -47.830415, -3.685715 ], [ -47.830483, -3.685563 ] ] } },
{ "type": "Feature", "properties": { }, "geometry": { "type": "LineString", "coordinates": [ [ -47.862643, -3.691312 ], [ -47.862732, -3.691312 ] ] } },
{ "type": "Feature", "properties": { }, "geometry": { "type": "LineString", "coordinates": [ [ -47.862643, -3.691312 ], [ -47.862766, -3.691089 ], [ -47.862869, -3.690927 ], [ -47.863007, -3.690732 ], [ -47.86318, -3.690505 ], [ -47.863382, -3.690255 ], [ -47.863602, -3.689992 ], [ -47.863819, -3.689737 ], [ -47.86417, -3.689336 ] ] } },
{ "type": "Feature", "properties": { }, "geometry": { "type": "LineString", "coordinates": [ [ -47.941604, -3.688258 ], [ -47.941694, -3.688258 ] ] } },
{ "type": "Feature", "properties": { }, "geometry": { "type": "LineString", "coordinates": [ [ -47.941604, -3.688258 ], [ -47.94081, -3.68826 ], [ -47.940342, -3.688256 ], [ -47.939887, -3.688246 ], [ -47.939474, -3.68823 ], [ -47.939124, -3.688209 ], [ -47.93864, -3.688168 ] ] } },
{ "type": "Feature", "properties": { }, "geometry": { "type": "LineString", "coordinates": [ [ -47.988766, -3.719789 ], [ -47.988766, -3.719699 ] ] } },
{ "type": "Feature", "properties": { }, "geometry": { "type": "LineString", "coordinates": [ [ -47.921729, -3.736431 ], [ -47.921684, -3.736777 ] ] } },
{ "type": "Feature", "properties": { }, "geometry": { "type": "LineString", "coordinates": [ [ -47.924357, -3.710357 ], [ -47.924477, -3.71024 ], [ -47.92456, -3.710171 ], [ -47.924657, -3.710101 ], [ -47.924767, -3.710035 ], [ -47.924887, -3.709971 ], [ -47.925016, -3.709909 ], [ -47.92515, -3.709849 ], [ -47.925284, -3.709791 ], [ -47.925415, -3.709735 ], [ -47.92554, -3.70968 ], [ -47.925657, -3.709628 ], [ -47.925767, -3.709577 ], [ -47.925871, -3.709528 ], [ -47.92597, -3.709479 ], [ -47.926068, -3.709429 ], [ -47.926166, -3.709378 ], [ -47.926266, -3.709323 ], [ -47.926372, -3.709263 ], [ -47.926484, -3.709195 ], [ -47.926606, -3.709118 ], [ -47.92674, -3.709027 ], [ -47.926892, -3.708919 ], [ -47.927063, -3.70879 ], [ -47.927256, -3.708636 ], [ -47.927471, -3.708459 ], [ -47.927705, -3.708262 ], [ -47.92795, -3.708052 ], [ -47.928198, -3.70784 ], [ -47.928436, -3.707637 ], [ -47.928646, -3.707459 ], [ -47.928938, -3.707212 ] ] } },
{ "type": "Feature", "properties": { }, "geometry": { "type": "LineString", "coordinates": [ [ -47.881328, -3.725358 ], [ -47.881328, -3.725269 ] ] } },
{ "type": "Feature", "properties": { }, "geometry": { "type": "LineString", "coordinates": [ [ -47.979513, -3.68736 ], [ -47.979603, -3.68727 ] ] } },
{ "type": "Feature", "properties": { }, "geometry": { "type": "LineString", "coordinates": [ [ -47.978795, -3.677478 ], [ -47.978847, -3.677138 ], [ -47.978881, -3.676926 ], [ -47.978918, -3.676701 ], [ -47.978958, -3.676471 ], [ -47.979, -3.67624 ], [ -47.979043, -3.676007 ], [ -47.979087, -3.675773 ], [ -47.979132, -3.675538 ], [ -47.979176, -3.675302 ], [ -47.979221, -3.675065 ], [ -47.979266, -3.674828 ], [ -47.979311, -3.674592 ], [ -47.979356, -3.674357 ], [ -47.979401, -3.674124 ], [ -47.979446, -3.673896 ], [ -47.979491, -3.673673 ], [ -47.979536, -3.673454 ], [ -47.97958, -3.673238 ], [ -47.979624, -3.673026 ], [ -47.979665, -3.672817 ], [ -47.979704, -3.672615 ], [ -47.979738, -3.672434 ], [ -47.979783, -3.672178 ] ] } },
{ "type": "Feature", "properties": { }, "geometry": { "type": "LineString", "coordinates": [ [ -47.929028, -3.707212 ], [ -47.929028, -3.707123 ] ] } },
{ "type": "Feature", "properties": { }, "geometry": { "type": "LineString", "coordinates": [ [ -47.931813, -3.706943 ], [ -47.931852, -3.706643 ], [ -47.931878, -3.706441 ], [ -47.931908, -3.706216 ], [ -47.931939, -3.705984 ], [ -47.931993, -3.705595 ] ] } },
{ "type": "Feature", "properties": { }, "geometry": { "type": "LineString", "coordinates": [ [ -47.931813, -3.706943 ], [ -47.931328, -3.706775 ], [ -47.931037, -3.706654 ], [ -47.930744, -3.706507 ], [ -47.930465, -3.706339 ], [ -47.930213, -3.706164 ], [ -47.929837, -3.705865 ] ] } },
{ "type": "Feature", "properties": { }, "geometry": { "type": "LineString", "coordinates": [ [ -47.898665, -3.696253 ], [ -47.898755, -3.696253 ] ] } },
{ "type": "Feature", "properties": { }, "geometry": { "type": "LineString", "coordinates": [ [ -47.922518, -3.731236 ], [ -47.922485, -3.731593 ] ] } },
{ "type": "Feature", "properties": { }, "geometry": { "type": "LineString", "coordinates": [ [ -47.983556, -3.728053 ], [ -47.983868, -3.728 ], [ -47.984057, -3.727966 ], [ -47.984244, -3.727931 ], [ -47.984544, -3.727874 ] ] } },
{ "type": "Feature", "properties": { }, "geometry": { "type": "LineString", "coordinates": [ [ -47.909899, -3.689496 ], [ -47.910003, -3.689479 ], [ -47.910238, -3.689439 ], [ -47.910456, -3.689399 ], [ -47.910792, -3.689336 ] ] } },
{ "type": "Feature", "properties": { }, "geometry": { "type": "LineString", "coordinates": [ [ -47.92813, -3.674963 ], [ -47.92813, -3.674873 ] ] } },
{ "type": "Feature", "properties": { }, "geometry": { "type": "LineString", "coordinates": [ [ -47.908996, -3.671909 ], [ -47.909085, -3.671909 ] ] } },
{ "type": "Feature", "properties": { }, "geometry": { "type": "LineString", "coordinates": [ [ -47.908996, -3.671909 ], [ -47.908996, -3.671819 ] ] } },
{ "type": "Feature", "properties": { }, "geometry": { "type": "LineString", "coordinates": [ [ -47.880429, -3.713501 ], [ -47.880519, -3.713501 ] ] } },
{ "type": "Feature", "properties": { }, "geometry": { "type": "LineString", "coordinates": [ [ -47.880429, -3.713501 ], [ -47.880339, -3.713411 ] ] } },
{ "type": "Feature", "properties": { }, "geometry": { "type": "LineString", "coordinates": [ [ -47.879531, -3.71386 ], [ -47.879705, -3.713752 ], [ -47.879811, -3.713686 ], [ -47.879918, -3.713619 ], [ -47.880021, -3.713555 ], [ -47.880113, -3.713497 ], [ -47.88025, -3.713411 ] ] } },
{ "type": "Feature", "properties": { }, "geometry": { "type": "LineString", "coordinates": [ [ -47.955349, -3.710177 ], [ -47.95564, -3.710167 ], [ -47.955811, -3.710164 ], [ -47.955976, -3.710164 ], [ -47.956123, -3.710167 ], [ -47.956337, -3.710177 ] ] } },
{ "type": "Feature", "properties": { }, "geometry": { "type": "LineString", "coordinates": [ [ -47.833447, -3.685383 ], [ -47.833586, -3.685191 ], [ -47.833672, -3.685071 ], [ -47.833758, -3.684951 ], [ -47.833896, -3.684755 ] ] } },
{ "type": "Feature", "properties": { }, "geometry": { "type": "LineString", "coordinates": [ [ -47.982478, -3.672627 ], [ -47.982478, -3.672537 ] ] } },
{ "type": "Feature", "properties": { }, "geometry": { "type": "LineString", "coordinates": [ [ -47.874051, -3.707212 ], [ -47.874102, -3.706968 ], [ -47.874135, -3.706814 ], [ -47.874169, -3.70665 ], [ -47.874205, -3.706479 ], [ -47.87424, -3.706305 ], [ -47.874272, -3.706136 ], [ -47.874321, -3.705865 ] ] } },
{ "type": "Feature", "properties": { }, "geometry": { "type": "LineString", "coordinates": [ [ -47.978795, -3.677568 ], [ -47.978795, -3.677478 ] ] } },
{ "type": "Feature", "properties": { }, "geometry": { "type": "LineString", "coordinates": [ [ -47.884292, -3.719609 ], [ -47.884382, -3.719519 ] ] } },
{ "type": "Feature", "properties": { }, "geometry": { "type": "LineString", "coordinates": [ [ -47.940257, -3.684395 ], [ -47.940347, -3.684395 ] ] } },
{ "type": "Feature", "properties": { }, "geometry": { "type": "LineString", "coordinates": [ [ -47.909899, -3.695206 ], [ -47.909965, -3.695131 ], [ -47.910128, -3.694951 ], [ -47.910308, -3.694762 ], [ -47.91049, -3.694576 ], [ -47.910792, -3.694277 ] ] } },
{ "type": "Feature", "properties": { }, "geometry": { "type": "LineString", "coordinates": [ [ -47.956517, -3.721945 ], [ -47.956606, -3.721945 ] ] } },
{ "type": "Feature", "properties": { }, "geometry": { "type": "LineString", "coordinates": [ [ -47.956517, -3.721945 ], [ -47.956446, -3.721839 ], [ -47.956405, -3.721778 ], [ -47.956337, -3.721675 ] ] } },
{ "type": "Feature", "properties": { }, "geometry": { "type": "LineString", "coordinates": [ [ -47.884382, -3.71943 ], [ -47.884382, -3.717992 ] ] } },
{ "type": "Feature", "properties": { }, "geometry": { "type": "LineString", "coordinates": [ [ -47.915284, -3.684575 ], [ -47.915461, -3.6845 ], [ -47.91557, -3.68445 ], [ -47.915683, -3.684392 ], [ -47.915793, -3.684325 ], [ -47.9159, -3.684248 ], [ -47.916001, -3.684159 ], [ -47.916096, -3.684057 ], [ -47.916183, -3.683943 ], [ -47.916262, -3.683819 ], [ -47.916335, -3.683687 ], [ -47.9164, -3.68355 ], [ -47.916461, -3.683411 ], [ -47.916517, -3.683269 ], [ -47.916571, -3.683123 ], [ -47.916621, -3.68297 ], [ -47.916665, -3.682806 ], [ -47.916702, -3.682627 ], [ -47.916726, -3.682433 ], [ -47.916733, -3.682224 ], [ -47.916721, -3.682007 ], [ -47.91669, -3.681787 ], [ -47.916643, -3.681574 ], [ -47.916585, -3.681375 ], [ -47.916519, -3.681196 ], [ -47.916449, -3.68104 ], [ -47.916377, -3.680911 ], [ -47.916305, -3.680815 ], [ -47.916182, -3.680712 ] ] } },
{ "type": "Feature", "properties": { }, "geometry": { "type": "LineString", "coordinates": [ [ -47.915284, -3.684575 ], [ -47.915289, -3.684315 ], [ -47.915299, -3.684149 ], [ -47.915315, -3.683973 ], [ -47.915339, -3.68379 ], [ -47.915369, -3.683603 ], [ -47.915405, -3.683408 ], [ -47.915445, -3.683203 ], [ -47.915487, -3.68298 ], [ -47.915529, -3.682732 ], [ -47.915571, -3.682454 ], [ -47.915612, -3.682142 ], [ -47.91565, -3.681803 ], [ -47.915684, -3.68146 ], [ -47.915733, -3.680892 ] ] } },
{ "type": "Feature", "properties": { }, "geometry": { "type": "LineString", "coordinates": [ [ -47.898755, -3.696253 ], [ -47.898956, -3.696183 ], [ -47.899077, -3.696139 ], [ -47.899198, -3.696094 ], [ -47.899308, -3.696051 ], [ -47.899474, -3.695983 ] ] } },
{ "type": "Feature", "properties": { }, "geometry": { "type": "LineString", "coordinates": [ [ -47.861385, -3.69248 ], [ -47.861385, -3.69239 ] ] } },
{ "type": "Feature", "properties": { }, "geometry": { "type": "LineString", "coordinates": [ [ -47.858959, -3.691582 ], [ -47.858959, -3.690953 ], [ -47.859049, -3.690863 ] ] } },
{ "type": "Feature", "properties": { }, "geometry": { "type": "LineString", "coordinates": [ [ -47.995953, -3.723562 ], [ -47.995953, -3.723382 ], [ -47.995773, -3.723202 ] ] } },
{ "type": "Feature", "properties": { }, "geometry": { "type": "LineString", "coordinates": [ [ -47.887077, -3.719519 ], [ -47.887167, -3.719519 ] ] } },
{ "type": "Feature", "properties": { }, "geometry": { "type": "LineString", "coordinates": [ [ -47.859139, -3.690773 ], [ -47.859409, -3.690773 ] ] } },
{ "type": "Feature", "properties": { }, "geometry": { "type": "LineString", "coordinates": [ [ -47.98643, -3.704517 ], [ -47.98652, -3.704517 ] ] } },
{ "type": "Feature", "properties": { }, "geometry": { "type": "LineString", "coordinates": [ [ -47.983376, -3.710626 ], [ -47.983307, -3.710457 ], [ -47.98326, -3.710351 ], [ -47.983207, -3.710239 ], [ -47.98315, -3.710126 ], [ -47.983089, -3.710012 ], [ -47.983025, -3.709898 ], [ -47.982959, -3.709785 ], [ -47.982892, -3.709671 ], [ -47.982825, -3.709558 ], [ -47.982756, -3.709444 ], [ -47.982686, -3.70933 ], [ -47.982614, -3.709216 ], [ -47.982542, -3.709102 ], [ -47.98247, -3.708991 ], [ -47.982402, -3.708889 ], [ -47.982298, -3.70874 ] ] } },
{ "type": "Feature", "properties": { }, "geometry": { "type": "LineString", "coordinates": [ [ -47.92146, -3.738162 ], [ -47.921415, -3.738386 ] ] } },
{ "type": "Feature", "properties": { }, "geometry": { "type": "LineString", "coordinates": [ [ -47.843508, -3.696343 ], [ -47.843505, -3.696049 ], [ -47.843505, -3.695851 ], [ -47.843507, -3.695625 ], [ -47.843509, -3.695377 ], [ -47.843511, -3.695111 ], [ -47.84351, -3.694833 ], [ -47.843507, -3.694548 ], [ -47.843504, -3.694261 ], [ -47.843501, -3.69398 ], [ -47.8435, -3.69371 ], [ -47.843502, -3.693467 ], [ -47.843508, -3.693109 ] ] } },
{ "type": "Feature", "properties": { }, "geometry": { "type": "LineString", "coordinates": [ [ -47.98131, -3.705595 ], [ -47.9814, -3.705595 ] ] } },
{ "type": "Feature", "properties": { }, "geometry": { "type": "LineString", "coordinates": [ [ -47.900551, -3.673076 ], [ -47.900716, -3.672956 ], [ -47.900818, -3.672877 ], [ -47.900925, -3.672789 ], [ -47.901032, -3.672693 ], [ -47.901136, -3.672588 ], [ -47.901235, -3.672476 ], [ -47.901322, -3.672364 ], [ -47.90145, -3.672178 ] ] } },
{ "type": "Feature", "properties": { }, "geometry": { "type": "LineString", "coordinates": [ [ -47.98652, -3.704517 ], [ -47.98652, -3.704428 ] ] } },
{ "type": "Feature", "properties": { }, "geometry": { "type": "LineString", "coordinates": [ [ -47.993976, -3.721585 ], [ -47.993976, -3.721496 ] ] } },
{ "type": "Feature", "properties": { }, "geometry": { "type": "LineString", "coordinates": [ [ -47.930106, -3.673705 ], [ -47.930196, -3.673615 ], [ -47.930286, -3.673705 ] ] } },
{ "type": "Feature", "properties": { }, "geometry": { "type": "LineString", "coordinates": [ [ -47.952654, -3.721136 ], [ -47.952654, -3.721046 ] ] } },
{ "type": "Feature", "properties": { }, "geometry": { "type": "LineString", "coordinates": [ [ -47.906121, -3.692211 ], [ -47.906031, -3.692121 ] ] } },
{ "type": "Feature", "properties": { }, "geometry": { "type": "LineString", "coordinates": [ [ -47.909714, -3.705506 ], [ -47.909517, -3.705387 ], [ -47.909379, -3.705322 ], [ -47.909216, -3.705265 ], [ -47.909027, -3.705222 ], [ -47.908812, -3.705194 ], [ -47.908573, -3.705182 ], [ -47.908317, -3.705185 ], [ -47.908062, -3.705199 ], [ -47.907648, -3.705236 ] ] } },
{ "type": "Feature", "properties": { }, "geometry": { "type": "LineString", "coordinates": [ [ -47.909714, -3.705506 ], [ -47.909537, -3.705579 ], [ -47.909422, -3.705617 ], [ -47.909295, -3.705648 ], [ -47.909162, -3.705669 ], [ -47.909031, -3.70568 ], [ -47.908816, -3.705685 ] ] } },
{ "type": "Feature", "properties": { }, "geometry": { "type": "LineString", "coordinates": [ [ -47.909714, -3.705506 ], [ -47.909894, -3.705506 ], [ -47.909899, -3.7055 ] ] } },
{ "type": "Feature", "properties": { }, "geometry": { "type": "LineString", "coordinates": [ [ -47.9814, -3.715387 ], [ -47.9814, -3.715297 ] ] } },
{ "type": "Feature", "properties": { }, "geometry": { "type": "LineString", "coordinates": [ [ -47.984993, -3.715836 ], [ -47.98498, -3.715617 ], [ -47.98498, -3.71547 ], [ -47.984993, -3.715303 ], [ -47.985019, -3.715123 ], [ -47.985061, -3.714933 ], [ -47.985116, -3.714741 ], [ -47.985179, -3.714555 ], [ -47.985244, -3.714384 ], [ -47.985352, -3.714129 ] ] } },
{ "type": "Feature", "properties": { }, "geometry": { "type": "LineString", "coordinates": [ [ -47.908636, -3.689785 ], [ -47.908636, -3.689516 ] ] } },
{ "type": "Feature", "properties": { }, "geometry": { "type": "LineString", "coordinates": [ [ -47.990563, -3.722304 ], [ -47.990653, -3.722304 ] ] } },
{ "type": "Feature", "properties": { }, "geometry": { "type": "LineString", "coordinates": [ [ -47.860037, -3.695265 ], [ -47.860141, -3.695109 ], [ -47.860204, -3.695012 ], [ -47.860268, -3.694909 ], [ -47.860333, -3.694802 ], [ -47.860397, -3.694693 ], [ -47.860461, -3.694581 ], [ -47.860525, -3.694466 ], [ -47.860589, -3.694348 ], [ -47.860653, -3.694229 ], [ -47.860716, -3.69411 ], [ -47.860777, -3.693993 ], [ -47.860836, -3.693879 ], [ -47.860892, -3.693769 ], [ -47.860945, -3.693662 ], [ -47.860996, -3.693556 ], [ -47.861046, -3.693447 ], [ -47.861094, -3.693335 ], [ -47.861142, -3.693215 ], [ -47.861189, -3.693086 ], [ -47.861237, -3.69295 ], [ -47.861284, -3.692811 ], [ -47.861326, -3.692679 ], [ -47.861385, -3.69248 ] ] } },
{ "type": "Feature", "properties": { }, "geometry": { "type": "LineString", "coordinates": [ [ -47.876027, -3.703799 ], [ -47.876274, -3.703719 ], [ -47.876419, -3.703669 ], [ -47.876564, -3.703617 ], [ -47.8767, -3.703565 ], [ -47.876827, -3.703513 ], [ -47.876944, -3.703464 ], [ -47.877046, -3.703418 ], [ -47.877195, -3.70335 ] ] } },
{ "type": "Feature", "properties": { }, "geometry": { "type": "LineString", "coordinates": [ [ -47.866236, -3.703709 ], [ -47.866685, -3.703709 ] ] } },
{ "type": "Feature", "properties": { }, "geometry": { "type": "LineString", "coordinates": [ [ -47.961008, -3.727425 ], [ -47.961008, -3.727335 ] ] } },
{ "type": "Feature", "properties": { }, "geometry": { "type": "LineString", "coordinates": [ [ -47.878992, -3.719699 ], [ -47.878992, -3.719609 ] ] } },
{ "type": "Feature", "properties": { }, "geometry": { "type": "LineString", "coordinates": [ [ -47.984634, -3.727784 ], [ -47.98481, -3.727646 ], [ -47.984921, -3.727565 ], [ -47.98504, -3.727486 ], [ -47.985159, -3.727412 ], [ -47.985277, -3.727346 ], [ -47.985391, -3.727285 ], [ -47.985501, -3.72723 ], [ -47.985606, -3.727178 ], [ -47.985708, -3.727127 ], [ -47.985809, -3.727075 ], [ -47.98591, -3.727023 ], [ -47.986014, -3.726969 ], [ -47.986124, -3.726913 ], [ -47.986241, -3.726857 ], [ -47.986369, -3.726802 ], [ -47.986513, -3.726748 ], [ -47.986676, -3.726697 ], [ -47.98686, -3.726649 ], [ -47.987061, -3.726607 ], [ -47.987265, -3.726571 ], [ -47.987598, -3.726526 ] ] } },
{ "type": "Feature", "properties": { }, "geometry": { "type": "LineString", "coordinates": [ [ -47.999725, -3.722035 ], [ -47.999815, -3.721945 ] ] } },
{ "type": "Feature", "properties": { }, "geometry": { "type": "LineString", "coordinates": [ [ -47.93316, -3.701823 ], [ -47.933233, -3.701501 ], [ -47.933284, -3.70131 ], [ -47.933345, -3.701117 ], [ -47.933416, -3.700934 ], [ -47.933493, -3.700763 ], [ -47.933571, -3.70061 ], [ -47.933699, -3.700385 ] ] } },
{ "type": "Feature", "properties": { }, "geometry": { "type": "LineString", "coordinates": [ [ -47.948162, -3.723652 ], [ -47.948252, -3.723652 ] ] } },
{ "type": "Feature", "properties": { }, "geometry": { "type": "LineString", "coordinates": [ [ -47.948162, -3.723652 ], [ -47.948162, -3.723562 ] ] } },
{ "type": "Feature", "properties": { }, "geometry": { "type": "LineString", "coordinates": [ [ -47.835833, -3.682675 ], [ -47.835963, -3.682599 ] ] } },
{ "type": "Feature", "properties": { }, "geometry": { "type": "LineString", "coordinates": [ [ -47.835833, -3.682675 ], [ -47.835963, -3.682688 ] ] } },
{ "type": "Feature", "properties": { }, "geometry": { "type": "LineString", "coordinates": [ [ -47.911511, -3.708829 ], [ -47.911671, -3.70877 ], [ -47.911772, -3.708735 ], [ -47.911876, -3.708701 ], [ -47.91205, -3.70865 ] ] } },
{ "type": "Feature", "properties": { }, "geometry": { "type": "LineString", "coordinates": [ [ -47.911511, -3.708829 ], [ -47.911421, -3.70874 ], [ -47.911241, -3.70874 ] ] } },
{ "type": "Feature", "properties": { }, "geometry": { "type": "LineString", "coordinates": [ [ -47.906031, -3.690234 ], [ -47.906121, -3.690234 ] ] } },
{ "type": "Feature", "properties": { }, "geometry": { "type": "LineString", "coordinates": [ [ -47.906031, -3.690234 ], [ -47.905502, -3.690183 ], [ -47.905193, -3.690149 ], [ -47.904893, -3.690111 ], [ -47.904618, -3.69007 ], [ -47.904375, -3.690026 ], [ -47.904163, -3.68998 ], [ -47.90398, -3.68993 ], [ -47.90382, -3.689875 ], [ -47.90368, -3.689816 ], [ -47.903554, -3.689751 ], [ -47.903441, -3.689681 ], [ -47.903341, -3.689608 ], [ -47.903259, -3.689538 ], [ -47.903157, -3.689426 ] ] } },
{ "type": "Feature", "properties": { }, "geometry": { "type": "LineString", "coordinates": [ [ -47.892467, -3.68206 ], [ -47.892556, -3.68206 ] ] } },
{ "type": "Feature", "properties": { }, "geometry": { "type": "LineString", "coordinates": [ [ -47.892467, -3.68206 ], [ -47.892467, -3.68197 ] ] } },
{ "type": "Feature", "properties": { }, "geometry": { "type": "LineString", "coordinates": [ [ -47.877555, -3.70856 ], [ -47.877776, -3.708321 ], [ -47.877921, -3.708176 ], [ -47.878077, -3.708028 ], [ -47.878238, -3.707887 ], [ -47.878391, -3.70776 ], [ -47.878633, -3.707572 ] ] } },
{ "type": "Feature", "properties": { }, "geometry": { "type": "LineString", "coordinates": [ [ -47.98679, -3.709638 ], [ -47.98679, -3.709548 ] ] } },
{ "type": "Feature", "properties": { }, "geometry": { "type": "LineString", "coordinates": [ [ -47.944659, -3.700295 ], [ -47.944721, -3.699854 ], [ -47.944752, -3.699538 ], [ -47.944771, -3.699159 ], [ -47.944769, -3.698716 ], [ -47.944736, -3.698219 ], [ -47.944661, -3.697688 ], [ -47.94454, -3.697161 ], [ -47.944374, -3.696684 ], [ -47.944174, -3.696303 ], [ -47.943958, -3.696051 ], [ -47.943747, -3.695937 ], [ -47.943561, -3.695949 ], [ -47.943415, -3.696058 ], [ -47.943316, -3.696229 ], [ -47.943263, -3.696431 ], [ -47.943253, -3.69664 ], [ -47.943276, -3.696843 ], [ -47.943325, -3.697035 ], [ -47.943388, -3.697215 ], [ -47.943456, -3.697382 ], [ -47.943519, -3.697538 ], [ -47.94357, -3.697683 ], [ -47.943605, -3.697819 ], [ -47.943622, -3.697945 ], [ -47.943623, -3.698065 ], [ -47.943608, -3.698177 ], [ -47.943583, -3.698284 ], [ -47.943549, -3.698387 ], [ -47.94351, -3.698486 ], [ -47.943468, -3.698581 ], [ -47.943424, -3.698675 ], [ -47.943379, -3.698767 ], [ -47.943334, -3.698858 ], [ -47.943289, -3.698948 ], [ -47.943244, -3.699038 ], [ -47.943198, -3.699128 ], [ -47.943153, -3.699217 ], [ -47.943108, -3.699306 ], [ -47.943063, -3.699394 ], [ -47.943018, -3.69948 ], [ -47.942975, -3.699565 ], [ -47.942935, -3.699646 ], [ -47.942901, -3.699723 ], [ -47.942862, -3.699846 ], [ -47.942901, -3.699723 ], [ -47.942935, -3.699646 ], [ -47.942975, -3.699565 ], [ -47.943018, -3.69948 ], [ -47.943063, -3.699394 ], [ -47.943108, -3.699306 ], [ -47.943153, -3.699217 ], [ -47.943198, -3.699128 ], [ -47.943244, -3.699038 ], [ -47.943289, -3.698948 ], [ -47.943334, -3.698858 ], [ -47.943379, -3.698767 ], [ -47.943424, -3.698675 ], [ -47.943468, -3.698581 ], [ -47.94351, -3.698486 ], [ -47.943549, -3.698387 ], [ -47.943583, -3.698284 ], [ -47.943608, -3.698177 ], [ -47.943623, -3.698065 ], [ -47.943622, -3.697945 ], [ -47.943605, -3.697819 ], [ -47.94357, -3.697683 ], [ -47.943519, -3.697538 ], [ -47.943456, -3.697382 ], [ -47.943388, -3.697215 ], [ -47.943325, -3.697035 ], [ -47.943276, -3.696843 ], [ -47.943253, -3.69664 ], [ -47.943263, -3.696431 ], [ -47.943316, -3.696229 ], [ -47.943415, -3.696058 ], [ -47.943561, -3.695949 ], [ -47.943747, -3.695937 ], [ -47.943958, -3.696051 ], [ -47.944174, -3.696303 ], [ -47.944374, -3.696684 ], [ -47.94454, -3.697161 ], [ -47.944661, -3.697688 ], [ -47.944736, -3.698219 ], [ -47.944769, -3.698716 ], [ -47.944771, -3.699159 ], [ -47.944752, -3.699538 ], [ -47.944721, -3.699854 ], [ -47.944659, -3.700295 ] ] } },
{ "type": "Feature", "properties": { }, "geometry": { "type": "LineString", "coordinates": [ [ -47.893724, -3.696972 ], [ -47.894443, -3.696972 ] ] } },
{ "type": "Feature", "properties": { }, "geometry": { "type": "LineString", "coordinates": [ [ -47.978705, -3.677568 ], [ -47.978795, -3.677568 ] ] } },
{ "type": "Feature", "properties": { }, "geometry": { "type": "LineString", "coordinates": [ [ -47.978705, -3.677568 ], [ -47.978387, -3.677516 ], [ -47.978193, -3.677482 ], [ -47.977993, -3.677445 ], [ -47.977795, -3.677405 ], [ -47.977598, -3.677364 ], [ -47.9774, -3.677322 ], [ -47.977196, -3.67728 ], [ -47.976982, -3.67724 ], [ -47.97676, -3.677201 ], [ -47.976542, -3.677168 ], [ -47.97619, -3.677119 ] ] } },
{ "type": "Feature", "properties": { }, "geometry": { "type": "LineString", "coordinates": [ [ -47.988317, -3.71907 ], [ -47.988407, -3.71907 ] ] } },
{ "type": "Feature", "properties": { }, "geometry": { "type": "LineString", "coordinates": [ [ -47.940167, -3.682419 ], [ -47.940257, -3.682329 ] ] } },
{ "type": "Feature", "properties": { }, "geometry": { "type": "LineString", "coordinates": [ [ -47.947713, -3.721136 ], [ -47.949061, -3.721136 ] ] } },
{ "type": "Feature", "properties": { }, "geometry": { "type": "LineString", "coordinates": [ [ -47.947713, -3.721136 ], [ -47.947647, -3.720115 ], [ -47.947607, -3.719511 ], [ -47.947567, -3.718918 ], [ -47.947529, -3.718377 ], [ -47.947494, -3.717915 ], [ -47.947444, -3.717274 ] ] } },
{ "type": "Feature", "properties": { }, "geometry": { "type": "LineString", "coordinates": [ [ -47.872344, -3.710357 ], [ -47.872344, -3.710267 ] ] } },
{ "type": "Feature", "properties": { }, "geometry": { "type": "LineString", "coordinates": [ [ -47.975201, -3.707302 ], [ -47.975201, -3.707212 ] ] } },
{ "type": "Feature", "properties": { }, "geometry": { "type": "LineString", "coordinates": [ [ -47.835693, -3.69275 ], [ -47.835693, -3.69266 ] ] } },
{ "type": "Feature", "properties": { }, "geometry": { "type": "LineString", "coordinates": [ [ -47.838388, -3.684755 ], [ -47.83825, -3.684591 ], [ -47.838153, -3.684486 ], [ -47.838037, -3.684372 ], [ -47.837904, -3.684253 ], [ -47.837755, -3.684128 ], [ -47.837592, -3.684 ], [ -47.837417, -3.683868 ], [ -47.837231, -3.683733 ], [ -47.837037, -3.683598 ], [ -47.836836, -3.683464 ], [ -47.836633, -3.683335 ], [ -47.836441, -3.683219 ], [ -47.836142, -3.683048 ] ] } },
{ "type": "Feature", "properties": { }, "geometry": { "type": "LineString", "coordinates": [ [ -47.983735, -3.707033 ], [ -47.983825, -3.707033 ] ] } },
{ "type": "Feature", "properties": { }, "geometry": { "type": "LineString", "coordinates": [ [ -47.983735, -3.707033 ], [ -47.983599, -3.706816 ], [ -47.983518, -3.706683 ], [ -47.983436, -3.706545 ], [ -47.983358, -3.706403 ], [ -47.983282, -3.706257 ], [ -47.98321, -3.706104 ], [ -47.983142, -3.705941 ], [ -47.983079, -3.705768 ], [ -47.983025, -3.70559 ], [ -47.982981, -3.705417 ], [ -47.982927, -3.705146 ] ] } },
{ "type": "Feature", "properties": { }, "geometry": { "type": "LineString", "coordinates": [ [ -47.987329, -3.715028 ], [ -47.987465, -3.71484 ], [ -47.987546, -3.714726 ], [ -47.987627, -3.714609 ], [ -47.987708, -3.714494 ], [ -47.987787, -3.714381 ], [ -47.987867, -3.714271 ], [ -47.987949, -3.714165 ], [ -47.988033, -3.714063 ], [ -47.988116, -3.713969 ], [ -47.988195, -3.713887 ], [ -47.988317, -3.71377 ] ] } },
{ "type": "Feature", "properties": { }, "geometry": { "type": "LineString", "coordinates": [ [ -47.947803, -3.730928 ], [ -47.947803, -3.730838 ] ] } },
{ "type": "Feature", "properties": { }, "geometry": { "type": "LineString", "coordinates": [ [ -47.976549, -3.712333 ], [ -47.976639, -3.712333 ] ] } },
{ "type": "Feature", "properties": { }, "geometry": { "type": "LineString", "coordinates": [ [ -47.976549, -3.712333 ], [ -47.976276, -3.712009 ], [ -47.976118, -3.711818 ], [ -47.975965, -3.71163 ], [ -47.975826, -3.711456 ], [ -47.975705, -3.7113 ], [ -47.975605, -3.711168 ], [ -47.975471, -3.710985 ] ] } },
{ "type": "Feature", "properties": { }, "geometry": { "type": "LineString", "coordinates": [ [ -47.947803, -3.730838 ], [ -47.947893, -3.730838 ] ] } },
{ "type": "Feature", "properties": { }, "geometry": { "type": "LineString", "coordinates": [ [ -47.947803, -3.730838 ], [ -47.947699, -3.73017 ], [ -47.947665, -3.729956 ] ] } },
{ "type": "Feature", "properties": { }, "geometry": { "type": "LineString", "coordinates": [ [ -47.976729, -3.706584 ], [ -47.976934, -3.706452 ], [ -47.97706, -3.706377 ], [ -47.97719, -3.706304 ], [ -47.977318, -3.706237 ], [ -47.977442, -3.706176 ], [ -47.977561, -3.70612 ], [ -47.977675, -3.706068 ], [ -47.977785, -3.706017 ], [ -47.977892, -3.705965 ], [ -47.977997, -3.705913 ], [ -47.978101, -3.705858 ], [ -47.978204, -3.705803 ], [ -47.978307, -3.705747 ], [ -47.97841, -3.705692 ], [ -47.978513, -3.705637 ], [ -47.978617, -3.705584 ], [ -47.978722, -3.705531 ], [ -47.978829, -3.705478 ], [ -47.97894, -3.705423 ], [ -47.979054, -3.705365 ], [ -47.979173, -3.705303 ], [ -47.979297, -3.705235 ], [ -47.979425, -3.705163 ], [ -47.979557, -3.705087 ], [ -47.979692, -3.705009 ], [ -47.979826, -3.704931 ], [ -47.979957, -3.704855 ], [ -47.980073, -3.704789 ], [ -47.980232, -3.704697 ] ] } },
{ "type": "Feature", "properties": { }, "geometry": { "type": "LineString", "coordinates": [ [ -47.884202, -3.709638 ], [ -47.884202, -3.709548 ] ] } },
{ "type": "Feature", "properties": { }, "geometry": { "type": "LineString", "coordinates": [ [ -47.834346, -3.693468 ], [ -47.834346, -3.693378 ] ] } },
{ "type": "Feature", "properties": { }, "geometry": { "type": "LineString", "coordinates": [ [ -47.896689, -3.680532 ], [ -47.896779, -3.680532 ] ] } },
{ "type": "Feature", "properties": { }, "geometry": { "type": "LineString", "coordinates": [ [ -47.91717, -3.709009 ], [ -47.917166, -3.708592 ], [ -47.917147, -3.70835 ], [ -47.917109, -3.708125 ], [ -47.91705, -3.70795 ], [ -47.916972, -3.707849 ], [ -47.916881, -3.707835 ], [ -47.916783, -3.707909 ], [ -47.916689, -3.708051 ], [ -47.916541, -3.70838 ] ] } },
{ "type": "Feature", "properties": { }, "geometry": { "type": "LineString", "coordinates": [ [ -47.913218, -3.674065 ], [ -47.91336, -3.673957 ], [ -47.913442, -3.673896 ], [ -47.913577, -3.673795 ] ] } },
{ "type": "Feature", "properties": { }, "geometry": { "type": "LineString", "coordinates": [ [ -47.861385, -3.69239 ], [ -47.861475, -3.69239 ] ] } },
{ "type": "Feature", "properties": { }, "geometry": { "type": "LineString", "coordinates": [ [ -47.861385, -3.69239 ], [ -47.861147, -3.69229 ], [ -47.860996, -3.692231 ], [ -47.860833, -3.692172 ], [ -47.860665, -3.692117 ], [ -47.860494, -3.692065 ], [ -47.860321, -3.692018 ], [ -47.860149, -3.691974 ], [ -47.859981, -3.691934 ], [ -47.859825, -3.6919 ], [ -47.859588, -3.691851 ] ] } },
{ "type": "Feature", "properties": { }, "geometry": { "type": "LineString", "coordinates": [ [ -47.989305, -3.684485 ], [ -47.989086, -3.684492 ], [ -47.98895, -3.684493 ], [ -47.988812, -3.684492 ], [ -47.988586, -3.684485 ] ] } },
{ "type": "Feature", "properties": { }, "geometry": { "type": "LineString", "coordinates": [ [ -47.940347, -3.684485 ], [ -47.940347, -3.684395 ] ] } },
{ "type": "Feature", "properties": { }, "geometry": { "type": "LineString", "coordinates": [ [ -47.909804, -3.698589 ], [ -47.909894, -3.698589 ] ] } },
{ "type": "Feature", "properties": { }, "geometry": { "type": "LineString", "coordinates": [ [ -47.909804, -3.698589 ], [ -47.908962, -3.698535 ], [ -47.908483, -3.698501 ], [ -47.908038, -3.698467 ], [ -47.907379, -3.698409 ] ] } },
{ "type": "Feature", "properties": { }, "geometry": { "type": "LineString", "coordinates": [ [ -47.886897, -3.723652 ], [ -47.886963, -3.723316 ], [ -47.887002, -3.723079 ], [ -47.887041, -3.722799 ], [ -47.887076, -3.722484 ], [ -47.887106, -3.722143 ], [ -47.88713, -3.721795 ], [ -47.887148, -3.721465 ], [ -47.887167, -3.720957 ] ] } },
{ "type": "Feature", "properties": { }, "geometry": { "type": "LineString", "coordinates": [ [ -47.895521, -3.696882 ], [ -47.895801, -3.69683 ], [ -47.895968, -3.696796 ], [ -47.896134, -3.696758 ], [ -47.896294, -3.696717 ], [ -47.896446, -3.696674 ], [ -47.896593, -3.696627 ], [ -47.896737, -3.696578 ], [ -47.896881, -3.696524 ], [ -47.897025, -3.696467 ], [ -47.897167, -3.696407 ], [ -47.897298, -3.696348 ], [ -47.897497, -3.696253 ] ] } },
{ "type": "Feature", "properties": { }, "geometry": { "type": "LineString", "coordinates": [ [ -47.895521, -3.696882 ], [ -47.895431, -3.696792 ], [ -47.895431, -3.694546 ] ] } },
{ "type": "Feature", "properties": { }, "geometry": { "type": "LineString", "coordinates": [ [ -47.90657, -3.698768 ], [ -47.90657, -3.698678 ] ] } },
{ "type": "Feature", "properties": { }, "geometry": { "type": "LineString", "coordinates": [ [ -47.988227, -3.722394 ], [ -47.988047, -3.722214 ], [ -47.988047, -3.722035 ] ] } },
{ "type": "Feature", "properties": { }, "geometry": { "type": "LineString", "coordinates": [ [ -47.921392, -3.676221 ], [ -47.921482, -3.676221 ] ] } },
{ "type": "Feature", "properties": { }, "geometry": { "type": "LineString", "coordinates": [ [ -47.921392, -3.676221 ], [ -47.917889, -3.676221 ], [ -47.917799, -3.676131 ] ] } },
{ "type": "Feature", "properties": { }, "geometry": { "type": "LineString", "coordinates": [ [ -47.900731, -3.709009 ], [ -47.900873, -3.708915 ], [ -47.900967, -3.70886 ], [ -47.90107, -3.708806 ], [ -47.901178, -3.708755 ], [ -47.901282, -3.708712 ], [ -47.90145, -3.70865 ] ] } },
{ "type": "Feature", "properties": { }, "geometry": { "type": "LineString", "coordinates": [ [ -47.89615, -3.685743 ], [ -47.89624, -3.685653 ], [ -47.89624, -3.685473 ] ] } },
{ "type": "Feature", "properties": { }, "geometry": { "type": "LineString", "coordinates": [ [ -47.93316, -3.682778 ], [ -47.933154, -3.680148 ], [ -47.933152, -3.678677 ], [ -47.933154, -3.677342 ], [ -47.93316, -3.675412 ] ] } },
{ "type": "Feature", "properties": { }, "geometry": { "type": "LineString", "coordinates": [ [ -47.926962, -3.678556 ], [ -47.926962, -3.678466 ] ] } },
{ "type": "Feature", "properties": { }, "geometry": { "type": "LineString", "coordinates": [ [ -47.833358, -3.686102 ], [ -47.833358, -3.686012 ] ] } },
{ "type": "Feature", "properties": { }, "geometry": { "type": "LineString", "coordinates": [ [ -47.866146, -3.703709 ], [ -47.866236, -3.703709 ] ] } },
{ "type": "Feature", "properties": { }, "geometry": { "type": "LineString", "coordinates": [ [ -47.866146, -3.703709 ], [ -47.866146, -3.703619 ] ] } },
{ "type": "Feature", "properties": { }, "geometry": { "type": "LineString", "coordinates": [ [ -47.866146, -3.703709 ], [ -47.865849, -3.703691 ], [ -47.865666, -3.703667 ], [ -47.865475, -3.703625 ], [ -47.86528, -3.703559 ], [ -47.865081, -3.703468 ], [ -47.864874, -3.703349 ], [ -47.864658, -3.703204 ], [ -47.864434, -3.703039 ], [ -47.864206, -3.702861 ], [ -47.863978, -3.702677 ], [ -47.863758, -3.702493 ], [ -47.86355, -3.702315 ], [ -47.863359, -3.702145 ], [ -47.863185, -3.701982 ], [ -47.863031, -3.701828 ], [ -47.862898, -3.701683 ], [ -47.862784, -3.701549 ], [ -47.862689, -3.701425 ], [ -47.862609, -3.70131 ], [ -47.862542, -3.701204 ], [ -47.862484, -3.701104 ], [ -47.862434, -3.701013 ], [ -47.862399, -3.700935 ], [ -47.862373, -3.700834 ] ] } },
{ "type": "Feature", "properties": { }, "geometry": { "type": "LineString", "coordinates": [ [ -47.866775, -3.703709 ], [ -47.866775, -3.703619 ] ] } },
{ "type": "Feature", "properties": { }, "geometry": { "type": "LineString", "coordinates": [ [ -47.981849, -3.688617 ], [ -47.981952, -3.688375 ], [ -47.982015, -3.68821 ], [ -47.982079, -3.68802 ], [ -47.982143, -3.687811 ], [ -47.982204, -3.687586 ], [ -47.982265, -3.687355 ], [ -47.982324, -3.687125 ], [ -47.982381, -3.686906 ], [ -47.982435, -3.686701 ], [ -47.982488, -3.686511 ], [ -47.982538, -3.686334 ], [ -47.982587, -3.686164 ], [ -47.982635, -3.685996 ], [ -47.982683, -3.685822 ], [ -47.982732, -3.685638 ], [ -47.982783, -3.685438 ], [ -47.982838, -3.68522 ], [ -47.982896, -3.684984 ], [ -47.982957, -3.684736 ], [ -47.983016, -3.684497 ], [ -47.983107, -3.684126 ] ] } },
{ "type": "Feature", "properties": { }, "geometry": { "type": "LineString", "coordinates": [ [ -47.981849, -3.688617 ], [ -47.981704, -3.688551 ], [ -47.98161, -3.688511 ], [ -47.981507, -3.688471 ], [ -47.981401, -3.688433 ], [ -47.981297, -3.688399 ], [ -47.98113, -3.688348 ] ] } },
{ "type": "Feature", "properties": { }, "geometry": { "type": "LineString", "coordinates": [ [ -47.913847, -3.705326 ], [ -47.913936, -3.705326 ] ] } },
{ "type": "Feature", "properties": { }, "geometry": { "type": "LineString", "coordinates": [ [ -47.913847, -3.705326 ], [ -47.913847, -3.705236 ] ] } },
{ "type": "Feature", "properties": { }, "geometry": { "type": "LineString", "coordinates": [ [ -47.921864, -3.735355 ], [ -47.921819, -3.735711 ] ] } },
{ "type": "Feature", "properties": { }, "geometry": { "type": "LineString", "coordinates": [ [ -47.929747, -3.69778 ], [ -47.929693, -3.697595 ], [ -47.929657, -3.697483 ], [ -47.929615, -3.697368 ], [ -47.929567, -3.697254 ], [ -47.929513, -3.697139 ], [ -47.929451, -3.697023 ], [ -47.92938, -3.696901 ], [ -47.929297, -3.696771 ], [ -47.929199, -3.696628 ], [ -47.929084, -3.696469 ], [ -47.928946, -3.696292 ], [ -47.928782, -3.696093 ], [ -47.928593, -3.695874 ], [ -47.928379, -3.695639 ], [ -47.928147, -3.695396 ], [ -47.927906, -3.695155 ], [ -47.927666, -3.694926 ], [ -47.927435, -3.694716 ], [ -47.927219, -3.69453 ], [ -47.927021, -3.694367 ], [ -47.926841, -3.694225 ], [ -47.926677, -3.694102 ], [ -47.926529, -3.693993 ], [ -47.926394, -3.693894 ], [ -47.926271, -3.693801 ], [ -47.926158, -3.693712 ], [ -47.926053, -3.693624 ], [ -47.925959, -3.69354 ], [ -47.925883, -3.693467 ], [ -47.925794, -3.693378 ] ] } },
{ "type": "Feature", "properties": { }, "geometry": { "type": "LineString", "coordinates": [ [ -47.906211, -3.680622 ], [ -47.903796, -3.680604 ], [ -47.902414, -3.680593 ], [ -47.901098, -3.680582 ], [ -47.899917, -3.680572 ], [ -47.898892, -3.680561 ], [ -47.898038, -3.68055 ], [ -47.896868, -3.680532 ] ] } },
{ "type": "Feature", "properties": { }, "geometry": { "type": "LineString", "coordinates": [ [ -47.906211, -3.680622 ], [ -47.903796, -3.680604 ], [ -47.902414, -3.680593 ], [ -47.901098, -3.680582 ], [ -47.899917, -3.680572 ], [ -47.898892, -3.680561 ], [ -47.898038, -3.68055 ], [ -47.896868, -3.680532 ] ] } },
{ "type": "Feature", "properties": { }, "geometry": { "type": "LineString", "coordinates": [ [ -47.906211, -3.680622 ], [ -47.906301, -3.680622 ] ] } },
{ "type": "Feature", "properties": { }, "geometry": { "type": "LineString", "coordinates": [ [ -47.991551, -3.72437 ], [ -47.991551, -3.723921 ] ] } },
{ "type": "Feature", "properties": { }, "geometry": { "type": "LineString", "coordinates": [ [ -47.991281, -3.680083 ], [ -47.991371, -3.680083 ] ] } },
{ "type": "Feature", "properties": { }, "geometry": { "type": "LineString", "coordinates": [ [ -47.991281, -3.680083 ], [ -47.990884, -3.68003 ], [ -47.990636, -3.679995 ], [ -47.990374, -3.679957 ], [ -47.990112, -3.679917 ], [ -47.989866, -3.679877 ], [ -47.989485, -3.679814 ] ] } },
{ "type": "Feature", "properties": { }, "geometry": { "type": "LineString", "coordinates": [ [ -47.899474, -3.695804 ], [ -47.899714, -3.695652 ], [ -47.899867, -3.695565 ], [ -47.900033, -3.695482 ], [ -47.900205, -3.695409 ], [ -47.900372, -3.695347 ], [ -47.900641, -3.695265 ] ] } },
{ "type": "Feature", "properties": { }, "geometry": { "type": "LineString", "coordinates": [ [ -47.899474, -3.695804 ], [ -47.899373, -3.695584 ], [ -47.899314, -3.695442 ], [ -47.899254, -3.695288 ], [ -47.899197, -3.695128 ], [ -47.899143, -3.694969 ], [ -47.899092, -3.694815 ], [ -47.899044, -3.694671 ], [ -47.899, -3.694545 ], [ -47.898935, -3.694367 ] ] } },
{ "type": "Feature", "properties": { }, "geometry": { "type": "LineString", "coordinates": [ [ -47.921392, -3.671729 ], [ -47.921482, -3.671729 ] ] } },
{ "type": "Feature", "properties": { }, "geometry": { "type": "LineString", "coordinates": [ [ -47.859049, -3.689246 ], [ -47.859139, -3.689246 ] ] } },
{ "type": "Feature", "properties": { }, "geometry": { "type": "LineString", "coordinates": [ [ -47.859049, -3.689246 ], [ -47.859049, -3.689156 ] ] } },
{ "type": "Feature", "properties": { }, "geometry": { "type": "LineString", "coordinates": [ [ -47.980322, -3.702541 ], [ -47.980455, -3.702331 ], [ -47.980543, -3.702205 ], [ -47.98064, -3.702081 ], [ -47.980744, -3.701964 ], [ -47.980852, -3.701859 ], [ -47.980959, -3.701769 ], [ -47.98113, -3.701643 ] ] } },
{ "type": "Feature", "properties": { }, "geometry": { "type": "LineString", "coordinates": [ [ -47.980322, -3.702541 ], [ -47.980146, -3.702506 ], [ -47.980044, -3.702486 ], [ -47.979873, -3.702451 ] ] } },
{ "type": "Feature", "properties": { }, "geometry": { "type": "LineString", "coordinates": [ [ -47.990473, -3.704607 ], [ -47.990363, -3.704434 ], [ -47.990288, -3.704324 ], [ -47.990203, -3.704207 ], [ -47.990108, -3.704088 ], [ -47.990009, -3.703973 ], [ -47.989911, -3.703867 ], [ -47.989754, -3.703709 ] ] } },
{ "type": "Feature", "properties": { }, "geometry": { "type": "LineString", "coordinates": [ [ -47.990473, -3.704607 ], [ -47.990291, -3.704666 ], [ -47.990175, -3.704696 ], [ -47.990053, -3.704718 ], [ -47.98993, -3.704727 ], [ -47.989811, -3.704718 ], [ -47.989701, -3.704685 ], [ -47.989607, -3.704629 ], [ -47.989533, -3.704548 ], [ -47.989484, -3.704447 ], [ -47.989463, -3.70433 ], [ -47.989471, -3.704207 ], [ -47.989505, -3.704083 ], [ -47.989559, -3.703965 ], [ -47.989625, -3.703861 ], [ -47.989754, -3.703709 ] ] } },
{ "type": "Feature", "properties": { }, "geometry": { "type": "LineString", "coordinates": [ [ -47.892916, -3.705506 ], [ -47.892916, -3.705416 ] ] } },
{ "type": "Feature", "properties": { }, "geometry": { "type": "LineString", "coordinates": [ [ -47.866056, -3.690863 ], [ -47.866026, -3.690702 ], [ -47.865566, -3.690409 ], [ -47.865267, -3.690144 ], [ -47.864966, -3.689888 ], [ -47.864687, -3.689662 ], [ -47.864487, -3.689348 ], [ -47.86426, -3.689336 ] ] } },
{ "type": "Feature", "properties": { }, "geometry": { "type": "LineString", "coordinates": [ [ -47.892377, -3.709099 ], [ -47.89243, -3.707906 ], [ -47.892464, -3.707218 ], [ -47.892499, -3.706571 ], [ -47.892556, -3.705595 ] ] } },
{ "type": "Feature", "properties": { }, "geometry": { "type": "LineString", "coordinates": [ [ -47.892377, -3.709099 ], [ -47.891818, -3.709141 ], [ -47.891436, -3.709162 ], [ -47.891002, -3.709178 ], [ -47.890536, -3.709188 ], [ -47.890074, -3.709192 ], [ -47.889323, -3.709189 ] ] } },
{ "type": "Feature", "properties": { }, "geometry": { "type": "LineString", "coordinates": [ [ -47.849113, -3.700017 ], [ -47.849258, -3.699846 ] ] } },
{ "type": "Feature", "properties": { }, "geometry": { "type": "LineString", "coordinates": [ [ -47.880968, -3.711255 ], [ -47.881058, -3.711255 ] ] } },
{ "type": "Feature", "properties": { }, "geometry": { "type": "LineString", "coordinates": [ [ -47.880968, -3.711255 ], [ -47.8808, -3.711307 ], [ -47.880693, -3.711341 ], [ -47.880576, -3.711378 ], [ -47.880454, -3.711418 ], [ -47.880326, -3.71146 ], [ -47.880191, -3.711503 ], [ -47.880048, -3.711547 ], [ -47.879892, -3.711591 ], [ -47.879722, -3.711633 ], [ -47.879534, -3.711673 ], [ -47.879328, -3.711708 ], [ -47.879106, -3.711738 ], [ -47.878871, -3.711761 ], [ -47.878632, -3.711774 ], [ -47.878395, -3.711778 ], [ -47.87817, -3.711773 ], [ -47.877964, -3.71176 ], [ -47.87779, -3.711742 ], [ -47.877555, -3.711704 ] ] } },
{ "type": "Feature", "properties": { }, "geometry": { "type": "LineString", "coordinates": [ [ -47.887077, -3.717813 ], [ -47.887124, -3.716679 ], [ -47.88715, -3.71598 ], [ -47.887175, -3.715262 ], [ -47.887197, -3.714563 ], [ -47.887216, -3.713911 ], [ -47.887233, -3.713338 ], [ -47.887256, -3.712512 ] ] } },
{ "type": "Feature", "properties": { }, "geometry": { "type": "LineString", "coordinates": [ [ -47.950767, -3.723023 ], [ -47.950857, -3.723023 ] ] } },
{ "type": "Feature", "properties": { }, "geometry": { "type": "LineString", "coordinates": [ [ -47.950767, -3.723023 ], [ -47.950677, -3.723023 ], [ -47.950588, -3.722933 ] ] } },
{ "type": "Feature", "properties": { }, "geometry": { "type": "LineString", "coordinates": [ [ -47.980951, -3.672178 ], [ -47.980951, -3.671729 ], [ -47.980591, -3.67137 ] ] } },
{ "type": "Feature", "properties": { }, "geometry": { "type": "LineString", "coordinates": [ [ -47.980951, -3.672178 ], [ -47.980703, -3.672172 ], [ -47.980539, -3.672162 ], [ -47.980359, -3.672147 ], [ -47.980176, -3.672128 ], [ -47.979873, -3.672088 ] ] } },
{ "type": "Feature", "properties": { }, "geometry": { "type": "LineString", "coordinates": [ [ -47.884382, -3.717992 ], [ -47.885132, -3.717933 ], [ -47.885629, -3.717898 ], [ -47.886159, -3.717864 ], [ -47.887077, -3.717813 ] ] } },
{ "type": "Feature", "properties": { }, "geometry": { "type": "LineString", "coordinates": [ [ -47.884382, -3.717992 ], [ -47.884292, -3.717902 ] ] } },
{ "type": "Feature", "properties": { }, "geometry": { "type": "LineString", "coordinates": [ [ -47.896779, -3.680532 ], [ -47.896868, -3.680532 ] ] } },
{ "type": "Feature", "properties": { }, "geometry": { "type": "LineString", "coordinates": [ [ -47.896779, -3.680532 ], [ -47.896779, -3.680443 ] ] } },
{ "type": "Feature", "properties": { }, "geometry": { "type": "LineString", "coordinates": [ [ -47.874141, -3.708829 ], [ -47.874231, -3.708829 ] ] } },
{ "type": "Feature", "properties": { }, "geometry": { "type": "LineString", "coordinates": [ [ -47.874141, -3.708829 ], [ -47.873947, -3.708776 ], [ -47.873829, -3.708741 ], [ -47.873709, -3.708703 ], [ -47.873594, -3.708663 ], [ -47.87349, -3.708623 ], [ -47.873333, -3.70856 ] ] } },
{ "type": "Feature", "properties": { }, "geometry": { "type": "LineString", "coordinates": [ [ -47.964062, -3.717004 ], [ -47.964146, -3.716804 ], [ -47.964196, -3.716657 ], [ -47.964248, -3.716478 ], [ -47.964298, -3.716268 ], [ -47.964344, -3.716029 ], [ -47.964388, -3.715768 ], [ -47.964426, -3.715488 ], [ -47.964458, -3.715195 ], [ -47.964483, -3.714892 ], [ -47.9645, -3.714589 ], [ -47.964509, -3.714302 ], [ -47.964512, -3.71386 ] ] } },
{ "type": "Feature", "properties": { }, "geometry": { "type": "LineString", "coordinates": [ [ -47.976729, -3.706673 ], [ -47.976729, -3.706584 ] ] } },
{ "type": "Feature", "properties": { }, "geometry": { "type": "LineString", "coordinates": [ [ -47.884202, -3.719609 ], [ -47.884292, -3.719609 ] ] } },
{ "type": "Feature", "properties": { }, "geometry": { "type": "LineString", "coordinates": [ [ -47.884202, -3.719609 ], [ -47.883643, -3.719619 ], [ -47.883281, -3.719622 ], [ -47.882891, -3.719622 ], [ -47.882503, -3.719619 ], [ -47.881867, -3.719609 ] ] } },
{ "type": "Feature", "properties": { }, "geometry": { "type": "LineString", "coordinates": [ [ -47.860756, -3.686372 ], [ -47.860846, -3.686282 ] ] } },
{ "type": "Feature", "properties": { }, "geometry": { "type": "LineString", "coordinates": [ [ -47.860756, -3.686372 ], [ -47.860666, -3.686282 ], [ -47.860756, -3.686192 ] ] } },
{ "type": "Feature", "properties": { }, "geometry": { "type": "LineString", "coordinates": [ [ -47.990114, -3.726347 ], [ -47.990523, -3.726295 ], [ -47.99077, -3.726259 ], [ -47.991019, -3.726218 ], [ -47.991259, -3.726168 ], [ -47.991487, -3.726108 ], [ -47.991701, -3.726033 ], [ -47.991903, -3.725937 ], [ -47.992093, -3.725815 ], [ -47.992269, -3.725662 ], [ -47.99243, -3.725476 ], [ -47.992571, -3.725258 ], [ -47.992692, -3.725018 ], [ -47.992786, -3.724774 ], [ -47.992898, -3.72437 ] ] } },
{ "type": "Feature", "properties": { }, "geometry": { "type": "LineString", "coordinates": [ [ -47.990114, -3.726347 ], [ -47.989844, -3.726077 ] ] } },
{ "type": "Feature", "properties": { }, "geometry": { "type": "LineString", "coordinates": [ [ -47.882765, -3.709638 ], [ -47.882855, -3.709548 ], [ -47.884112, -3.709548 ] ] } },
{ "type": "Feature", "properties": { }, "geometry": { "type": "LineString", "coordinates": [ [ -47.882765, -3.709638 ], [ -47.882675, -3.709548 ] ] } },
{ "type": "Feature", "properties": { }, "geometry": { "type": "LineString", "coordinates": [ [ -47.882585, -3.709458 ], [ -47.882633, -3.709172 ], [ -47.882662, -3.708963 ], [ -47.88269, -3.708706 ], [ -47.882715, -3.708401 ], [ -47.882734, -3.708054 ], [ -47.882745, -3.707678 ], [ -47.882748, -3.707295 ], [ -47.882742, -3.706928 ], [ -47.882728, -3.706596 ], [ -47.882711, -3.706321 ], [ -47.882675, -3.705955 ] ] } },
{ "type": "Feature", "properties": { }, "geometry": { "type": "LineString", "coordinates": [ [ -47.921594, -3.737401 ], [ -47.92155, -3.737675 ] ] } },
{ "type": "Feature", "properties": { }, "geometry": { "type": "LineString", "coordinates": [ [ -47.853031, -3.700745 ], [ -47.853031, -3.700655 ] ] } },
{ "type": "Feature", "properties": { }, "geometry": { "type": "LineString", "coordinates": [ [ -47.834435, -3.689785 ], [ -47.834501, -3.689572 ], [ -47.834538, -3.689435 ], [ -47.834573, -3.689285 ], [ -47.8346, -3.689128 ], [ -47.834616, -3.688966 ], [ -47.834619, -3.688801 ], [ -47.834607, -3.688639 ], [ -47.834583, -3.688489 ], [ -47.834525, -3.688258 ] ] } },
{ "type": "Feature", "properties": { }, "geometry": { "type": "LineString", "coordinates": [ [ -47.918069, -3.682149 ], [ -47.918158, -3.682149 ] ] } },
{ "type": "Feature", "properties": { }, "geometry": { "type": "LineString", "coordinates": [ [ -47.918069, -3.682149 ], [ -47.917976, -3.681919 ], [ -47.917923, -3.681781 ], [ -47.917873, -3.681646 ], [ -47.917799, -3.681431 ] ] } },
{ "type": "Feature", "properties": { }, "geometry": { "type": "LineString", "coordinates": [ [ -47.988137, -3.710087 ], [ -47.987853, -3.709796 ], [ -47.987681, -3.709623 ], [ -47.987511, -3.709454 ], [ -47.987239, -3.709189 ] ] } },
{ "type": "Feature", "properties": { }, "geometry": { "type": "LineString", "coordinates": [ [ -47.887167, -3.712423 ], [ -47.887167, -3.712333 ] ] } },
{ "type": "Feature", "properties": { }, "geometry": { "type": "LineString", "coordinates": [ [ -47.98113, -3.688348 ], [ -47.981058, -3.688193 ], [ -47.981012, -3.688093 ], [ -47.980961, -3.687984 ], [ -47.980907, -3.687868 ], [ -47.980851, -3.687746 ], [ -47.980792, -3.68762 ], [ -47.980734, -3.687492 ], [ -47.980678, -3.68737 ], [ -47.980591, -3.68718 ] ] } },
{ "type": "Feature", "properties": { }, "geometry": { "type": "LineString", "coordinates": [ [ -47.98113, -3.688348 ], [ -47.981084, -3.688598 ], [ -47.981057, -3.688761 ], [ -47.981032, -3.68894 ], [ -47.981008, -3.689129 ], [ -47.980985, -3.689323 ], [ -47.980961, -3.689516 ], [ -47.980934, -3.689701 ], [ -47.980904, -3.689873 ], [ -47.980869, -3.69003 ], [ -47.980831, -3.690173 ], [ -47.98079, -3.690305 ], [ -47.980747, -3.690431 ], [ -47.980703, -3.690557 ], [ -47.980656, -3.690687 ], [ -47.980608, -3.690824 ], [ -47.980556, -3.690968 ], [ -47.980501, -3.691116 ], [ -47.98044, -3.691267 ], [ -47.980373, -3.691417 ], [ -47.980301, -3.691564 ], [ -47.980225, -3.691707 ], [ -47.980147, -3.691845 ], [ -47.980067, -3.691979 ], [ -47.979988, -3.692107 ], [ -47.979909, -3.692229 ], [ -47.979826, -3.692342 ], [ -47.979738, -3.692445 ], [ -47.979639, -3.692536 ], [ -47.979527, -3.692614 ], [ -47.979399, -3.692678 ], [ -47.979255, -3.692727 ], [ -47.979101, -3.69276 ], [ -47.978948, -3.692772 ], [ -47.978705, -3.69275 ] ] } },
{ "type": "Feature", "properties": { }, "geometry": { "type": "LineString", "coordinates": [ [ -47.940257, -3.682329 ], [ -47.940292, -3.682074 ], [ -47.94031, -3.681902 ], [ -47.940323, -3.681707 ], [ -47.940329, -3.681497 ], [ -47.940326, -3.68128 ], [ -47.940313, -3.681065 ], [ -47.940292, -3.680858 ], [ -47.940264, -3.680666 ], [ -47.940231, -3.680491 ], [ -47.940196, -3.680332 ], [ -47.940161, -3.68019 ], [ -47.940128, -3.680069 ], [ -47.940077, -3.679904 ] ] } },
{ "type": "Feature", "properties": { }, "geometry": { "type": "LineString", "coordinates": [ [ -47.996312, -3.720957 ], [ -47.996458, -3.720903 ], [ -47.996545, -3.720869 ], [ -47.996629, -3.720835 ], [ -47.996761, -3.720777 ] ] } },
{ "type": "Feature", "properties": { }, "geometry": { "type": "LineString", "coordinates": [ [ -47.996312, -3.720957 ], [ -47.996098, -3.720705 ], [ -47.995966, -3.720554 ], [ -47.99583, -3.720403 ], [ -47.995702, -3.720265 ], [ -47.995503, -3.720058 ] ] } },
{ "type": "Feature", "properties": { }, "geometry": { "type": "LineString", "coordinates": [ [ -47.867314, -3.699487 ], [ -47.867636, -3.69913 ], [ -47.867819, -3.698926 ], [ -47.868122, -3.698589 ] ] } },
{ "type": "Feature", "properties": { }, "geometry": { "type": "LineString", "coordinates": [ [ -47.983646, -3.695265 ], [ -47.983697, -3.69482 ], [ -47.983731, -3.694553 ], [ -47.983769, -3.694284 ], [ -47.983809, -3.694024 ], [ -47.983851, -3.693775 ], [ -47.983894, -3.693536 ], [ -47.983938, -3.693304 ], [ -47.983983, -3.693076 ], [ -47.984027, -3.692848 ], [ -47.984072, -3.69262 ], [ -47.984117, -3.69239 ], [ -47.984162, -3.692159 ], [ -47.984207, -3.691928 ], [ -47.984252, -3.691695 ], [ -47.984297, -3.691464 ], [ -47.984341, -3.691233 ], [ -47.984384, -3.691006 ], [ -47.984426, -3.690784 ], [ -47.984465, -3.690575 ], [ -47.984498, -3.690393 ], [ -47.984544, -3.690144 ] ] } },
{ "type": "Feature", "properties": { }, "geometry": { "type": "LineString", "coordinates": [ [ -47.983466, -3.710716 ], [ -47.983556, -3.710716 ] ] } },
{ "type": "Feature", "properties": { }, "geometry": { "type": "LineString", "coordinates": [ [ -47.834974, -3.691492 ], [ -47.834974, -3.691402 ] ] } },
{ "type": "Feature", "properties": { }, "geometry": { "type": "LineString", "coordinates": [ [ -47.981739, -3.729956 ], [ -47.981759, -3.72985 ] ] } },
{ "type": "Feature", "properties": { }, "geometry": { "type": "LineString", "coordinates": [ [ -47.978346, -3.689695 ], [ -47.978397, -3.689325 ], [ -47.978431, -3.689093 ], [ -47.978468, -3.68885 ], [ -47.978507, -3.688603 ], [ -47.978546, -3.688358 ], [ -47.978585, -3.688118 ], [ -47.978622, -3.687887 ], [ -47.978656, -3.687676 ], [ -47.978705, -3.68736 ] ] } },
{ "type": "Feature", "properties": { }, "geometry": { "type": "LineString", "coordinates": [ [ -47.974842, -3.707841 ], [ -47.974961, -3.707668 ], [ -47.975031, -3.707565 ], [ -47.975098, -3.707463 ], [ -47.975201, -3.707302 ] ] } },
{ "type": "Feature", "properties": { }, "geometry": { "type": "LineString", "coordinates": [ [ -47.872524, -3.708021 ], [ -47.872524, -3.707931 ] ] } },
{ "type": "Feature", "properties": { }, "geometry": { "type": "LineString", "coordinates": [ [ -47.991371, -3.680083 ], [ -47.991374, -3.679696 ], [ -47.991374, -3.679472 ], [ -47.991371, -3.679095 ] ] } },
{ "type": "Feature", "properties": { }, "geometry": { "type": "LineString", "coordinates": [ [ -47.983376, -3.710716 ], [ -47.983466, -3.710716 ] ] } },
{ "type": "Feature", "properties": { }, "geometry": { "type": "LineString", "coordinates": [ [ -47.983376, -3.710716 ], [ -47.983376, -3.710626 ] ] } },
{ "type": "Feature", "properties": { }, "geometry": { "type": "LineString", "coordinates": [ [ -47.959211, -3.718352 ], [ -47.959107, -3.71793 ], [ -47.959046, -3.717686 ], [ -47.958942, -3.717274 ] ] } },
{ "type": "Feature", "properties": { }, "geometry": { "type": "LineString", "coordinates": [ [ -47.925794, -3.682868 ], [ -47.925794, -3.682778 ] ] } },
{ "type": "Feature", "properties": { }, "geometry": { "type": "LineString", "coordinates": [ [ -47.999995, -3.722663 ], [ -47.999891, -3.722489 ], [ -47.99983, -3.722387 ], [ -47.999725, -3.722214 ] ] } },
{ "type": "Feature", "properties": { }, "geometry": { "type": "LineString", "coordinates": [ [ -47.99209, -3.716824 ], [ -47.991959, -3.716628 ], [ -47.991874, -3.716511 ], [ -47.991783, -3.716393 ], [ -47.991688, -3.71628 ], [ -47.991592, -3.716172 ], [ -47.991498, -3.71607 ], [ -47.991412, -3.715977 ], [ -47.991281, -3.715836 ] ] } },
{ "type": "Feature", "properties": { }, "geometry": { "type": "LineString", "coordinates": [ [ -47.862373, -3.700745 ], [ -47.862433, -3.700631 ], [ -47.862468, -3.700563 ], [ -47.862501, -3.700494 ], [ -47.862553, -3.700385 ] ] } },
{ "type": "Feature", "properties": { }, "geometry": { "type": "LineString", "coordinates": [ [ -47.98122, -3.715297 ], [ -47.98131, -3.715297 ] ] } },
{ "type": "Feature", "properties": { }, "geometry": { "type": "LineString", "coordinates": [ [ -47.998468, -3.725628 ], [ -47.99861, -3.725351 ], [ -47.998694, -3.725177 ], [ -47.998776, -3.724994 ], [ -47.998852, -3.724812 ], [ -47.998916, -3.724639 ], [ -47.999007, -3.72437 ] ] } },
{ "type": "Feature", "properties": { }, "geometry": { "type": "LineString", "coordinates": [ [ -47.974573, -3.71404 ], [ -47.974776, -3.713888 ], [ -47.974913, -3.713785 ], [ -47.975069, -3.713666 ], [ -47.975242, -3.713534 ], [ -47.975427, -3.71339 ], [ -47.975621, -3.713238 ], [ -47.975816, -3.713084 ], [ -47.976005, -3.712935 ], [ -47.976181, -3.712798 ], [ -47.976334, -3.712679 ], [ -47.976549, -3.712512 ] ] } },
{ "type": "Feature", "properties": { }, "geometry": { "type": "LineString", "coordinates": [ [ -47.974573, -3.71404 ], [ -47.974355, -3.71377 ], [ -47.97422, -3.713602 ], [ -47.97408, -3.713424 ], [ -47.973939, -3.713243 ], [ -47.973799, -3.713061 ], [ -47.973661, -3.712879 ], [ -47.973525, -3.7127 ], [ -47.973394, -3.712524 ], [ -47.97327, -3.712355 ], [ -47.973152, -3.712193 ], [ -47.973043, -3.712038 ], [ -47.972939, -3.71189 ], [ -47.972839, -3.711744 ], [ -47.972739, -3.711599 ], [ -47.972638, -3.711451 ], [ -47.972533, -3.7113 ], [ -47.972427, -3.711145 ], [ -47.972322, -3.71099 ], [ -47.972219, -3.710835 ], [ -47.972123, -3.710685 ], [ -47.972036, -3.710545 ], [ -47.971964, -3.710425 ], [ -47.971878, -3.710267 ] ] } },
{ "type": "Feature", "properties": { }, "geometry": { "type": "LineString", "coordinates": [ [ -47.977178, -3.728143 ], [ -47.977627, -3.728143 ] ] } },
{ "type": "Feature", "properties": { }, "geometry": { "type": "LineString", "coordinates": [ [ -47.988586, -3.684485 ], [ -47.988638, -3.684097 ], [ -47.988672, -3.683859 ], [ -47.98871, -3.683613 ], [ -47.98875, -3.683367 ], [ -47.988792, -3.683124 ], [ -47.988835, -3.682881 ], [ -47.988879, -3.682639 ], [ -47.988923, -3.682395 ], [ -47.988968, -3.682151 ], [ -47.989013, -3.681909 ], [ -47.989058, -3.681672 ], [ -47.989103, -3.681443 ], [ -47.989149, -3.681223 ], [ -47.989195, -3.681012 ], [ -47.989241, -3.680808 ], [ -47.989287, -3.680608 ], [ -47.989334, -3.680413 ], [ -47.98938, -3.680224 ], [ -47.989423, -3.680054 ], [ -47.989485, -3.679814 ] ] } },
{ "type": "Feature", "properties": { }, "geometry": { "type": "LineString", "coordinates": [ [ -47.90154, -3.672088 ], [ -47.903346, -3.672053 ], [ -47.904425, -3.672033 ], [ -47.906301, -3.671998 ] ] } },
{ "type": "Feature", "properties": { }, "geometry": { "type": "LineString", "coordinates": [ [ -47.98113, -3.705595 ], [ -47.98122, -3.705595 ] ] } },
{ "type": "Feature", "properties": { }, "geometry": { "type": "LineString", "coordinates": [ [ -47.98113, -3.705595 ], [ -47.98113, -3.705506 ] ] } },
{ "type": "Feature", "properties": { }, "geometry": { "type": "LineString", "coordinates": [ [ -47.884472, -3.720957 ], [ -47.887167, -3.720957 ] ] } },
{ "type": "Feature", "properties": { }, "geometry": { "type": "LineString", "coordinates": [ [ -47.980322, -3.703619 ], [ -47.980468, -3.703566 ], [ -47.980555, -3.703532 ], [ -47.980639, -3.703497 ], [ -47.980771, -3.70344 ] ] } },
{ "type": "Feature", "properties": { }, "geometry": { "type": "LineString", "coordinates": [ [ -47.906121, -3.690234 ], [ -47.906211, -3.690234 ] ] } },
{ "type": "Feature", "properties": { }, "geometry": { "type": "LineString", "coordinates": [ [ -47.906121, -3.690234 ], [ -47.906121, -3.690144 ] ] } },
{ "type": "Feature", "properties": { }, "geometry": { "type": "LineString", "coordinates": [ [ -47.921482, -3.676221 ], [ -47.921572, -3.676131 ] ] } },
{ "type": "Feature", "properties": { }, "geometry": { "type": "LineString", "coordinates": [ [ -47.915464, -3.695085 ], [ -47.915374, -3.694995 ] ] } },
{ "type": "Feature", "properties": { }, "geometry": { "type": "LineString", "coordinates": [ [ -47.902887, -3.707572 ], [ -47.903177, -3.707317 ], [ -47.90334, -3.707175 ], [ -47.903606, -3.706943 ] ] } },
{ "type": "Feature", "properties": { }, "geometry": { "type": "LineString", "coordinates": [ [ -47.982208, -3.70326 ], [ -47.982716, -3.702717 ], [ -47.983021, -3.702391 ], [ -47.983556, -3.701823 ] ] } },
{ "type": "Feature", "properties": { }, "geometry": { "type": "LineString", "coordinates": [ [ -47.984724, -3.712512 ], [ -47.984724, -3.712423 ] ] } },
{ "type": "Feature", "properties": { }, "geometry": { "type": "LineString", "coordinates": [ [ -47.961008, -3.731018 ], [ -47.961098, -3.731018 ] ] } },
{ "type": "Feature", "properties": { }, "geometry": { "type": "LineString", "coordinates": [ [ -47.961008, -3.731018 ], [ -47.960556, -3.73097 ], [ -47.960297, -3.730932 ], [ -47.960057, -3.730881 ], [ -47.959854, -3.730816 ], [ -47.959699, -3.730734 ], [ -47.959594, -3.730635 ], [ -47.959537, -3.730523 ], [ -47.95952, -3.7304 ], [ -47.959536, -3.730269 ], [ -47.959576, -3.730135 ], [ -47.959636, -3.729996 ], [ -47.959657, -3.729956 ] ] } },
{ "type": "Feature", "properties": { }, "geometry": { "type": "LineString", "coordinates": [ [ -47.925704, -3.682778 ], [ -47.925794, -3.682778 ] ] } },
{ "type": "Feature", "properties": { }, "geometry": { "type": "LineString", "coordinates": [ [ -47.925704, -3.682778 ], [ -47.925364, -3.682525 ], [ -47.925162, -3.682373 ], [ -47.924962, -3.68222 ], [ -47.924773, -3.682074 ], [ -47.924597, -3.681939 ], [ -47.924434, -3.681815 ], [ -47.924283, -3.681702 ], [ -47.924141, -3.681599 ], [ -47.924009, -3.681505 ], [ -47.923888, -3.681421 ], [ -47.923783, -3.681349 ], [ -47.923638, -3.681251 ] ] } },
{ "type": "Feature", "properties": { }, "geometry": { "type": "LineString", "coordinates": [ [ -47.999636, -3.724011 ], [ -47.999562, -3.723924 ], [ -47.999513, -3.723872 ], [ -47.999459, -3.723822 ], [ -47.999366, -3.723741 ] ] } },
{ "type": "Feature", "properties": { }, "geometry": { "type": "LineString", "coordinates": [ [ -47.926064, -3.68718 ], [ -47.92607, -3.686563 ], [ -47.926072, -3.686198 ], [ -47.92607, -3.685844 ], [ -47.926064, -3.685294 ] ] } },
{ "type": "Feature", "properties": { }, "geometry": { "type": "LineString", "coordinates": [ [ -47.9814, -3.679544 ], [ -47.9814, -3.679454 ] ] } },
{ "type": "Feature", "properties": { }, "geometry": { "type": "LineString", "coordinates": [ [ -47.96532, -3.712602 ], [ -47.965126, -3.71246 ], [ -47.965008, -3.712376 ], [ -47.964888, -3.712293 ], [ -47.964769, -3.712215 ], [ -47.964654, -3.712141 ], [ -47.964542, -3.712072 ], [ -47.964432, -3.712007 ], [ -47.964324, -3.711944 ], [ -47.964216, -3.71188 ], [ -47.964108, -3.711817 ], [ -47.963997, -3.711751 ], [ -47.963885, -3.711684 ], [ -47.963771, -3.711615 ], [ -47.963656, -3.711545 ], [ -47.963541, -3.711475 ], [ -47.963427, -3.711405 ], [ -47.963315, -3.711338 ], [ -47.963206, -3.711274 ], [ -47.963101, -3.711215 ], [ -47.963001, -3.711159 ], [ -47.962904, -3.711107 ], [ -47.962809, -3.711057 ], [ -47.962717, -3.71101 ], [ -47.962626, -3.710963 ], [ -47.962535, -3.710917 ], [ -47.962444, -3.710871 ], [ -47.962352, -3.710824 ], [ -47.962258, -3.710776 ], [ -47.962163, -3.710726 ], [ -47.962066, -3.710674 ], [ -47.961967, -3.71062 ], [ -47.961867, -3.710564 ], [ -47.961765, -3.710508 ], [ -47.961664, -3.710451 ], [ -47.961563, -3.710395 ], [ -47.961462, -3.710339 ], [ -47.961362, -3.710284 ], [ -47.961262, -3.710228 ], [ -47.961161, -3.710172 ], [ -47.961059, -3.710116 ], [ -47.960958, -3.710059 ], [ -47.960857, -3.710004 ], [ -47.960757, -3.709949 ], [ -47.960657, -3.709897 ], [ -47.960559, -3.709847 ], [ -47.96046, -3.709799 ], [ -47.96036, -3.709752 ], [ -47.960258, -3.709706 ], [ -47.960153, -3.709661 ], [ -47.960047, -3.709615 ], [ -47.959939, -3.70957 ], [ -47.95983, -3.709526 ], [ -47.959722, -3.709481 ], [ -47.959614, -3.709436 ], [ -47.959506, -3.709391 ], [ -47.9594, -3.709346 ], [ -47.959295, -3.709301 ], [ -47.959189, -3.709256 ], [ -47.959084, -3.709211 ], [ -47.958979, -3.709166 ], [ -47.958875, -3.709121 ], [ -47.95877, -3.709076 ], [ -47.958665, -3.709032 ], [ -47.95856, -3.708987 ], [ -47.958454, -3.708942 ], [ -47.958346, -3.708897 ], [ -47.958234, -3.708852 ], [ -47.958117, -3.708807 ], [ -47.957991, -3.708762 ], [ -47.957853, -3.708717 ], [ -47.957699, -3.708673 ], [ -47.957526, -3.708631 ], [ -47.957334, -3.708593 ], [ -47.957122, -3.708562 ], [ -47.956896, -3.708541 ], [ -47.956661, -3.708536 ], [ -47.956426, -3.708552 ], [ -47.956199, -3.708592 ], [ -47.955986, -3.708661 ], [ -47.955793, -3.708757 ], [ -47.955623, -3.70888 ], [ -47.955475, -3.709024 ], [ -47.955347, -3.709185 ], [ -47.955237, -3.709355 ], [ -47.955147, -3.709529 ], [ -47.955091, -3.709702 ], [ -47.955079, -3.709997 ] ] } },
{ "type": "Feature", "properties": { }, "geometry": { "type": "LineString", "coordinates": [ [ -47.96532, -3.712602 ], [ -47.965126, -3.71246 ], [ -47.965008, -3.712376 ], [ -47.964888, -3.712293 ], [ -47.964769, -3.712215 ], [ -47.964654, -3.712141 ], [ -47.964542, -3.712072 ], [ -47.964432, -3.712007 ], [ -47.964324, -3.711944 ], [ -47.964216, -3.71188 ], [ -47.964108, -3.711817 ], [ -47.963997, -3.711751 ], [ -47.963885, -3.711684 ], [ -47.963771, -3.711615 ], [ -47.963656, -3.711545 ], [ -47.963541, -3.711475 ], [ -47.963427, -3.711405 ], [ -47.963315, -3.711338 ], [ -47.963206, -3.711274 ], [ -47.963101, -3.711215 ], [ -47.963001, -3.711159 ], [ -47.962904, -3.711107 ], [ -47.962809, -3.711057 ], [ -47.962717, -3.71101 ], [ -47.962626, -3.710963 ], [ -47.962535, -3.710917 ], [ -47.962444, -3.710871 ], [ -47.962352, -3.710824 ], [ -47.962258, -3.710776 ], [ -47.962163, -3.710726 ], [ -47.962066, -3.710674 ], [ -47.961967, -3.71062 ], [ -47.961867, -3.710564 ], [ -47.961765, -3.710508 ], [ -47.961664, -3.710451 ], [ -47.961563, -3.710395 ], [ -47.961462, -3.710339 ], [ -47.961362, -3.710284 ], [ -47.961262, -3.710228 ], [ -47.961161, -3.710172 ], [ -47.961059, -3.710116 ], [ -47.960958, -3.710059 ], [ -47.960857, -3.710004 ], [ -47.960757, -3.709949 ], [ -47.960657, -3.709897 ], [ -47.960559, -3.709847 ], [ -47.96046, -3.709799 ], [ -47.96036, -3.709752 ], [ -47.960258, -3.709706 ], [ -47.960153, -3.709661 ], [ -47.960047, -3.709615 ], [ -47.959939, -3.70957 ], [ -47.95983, -3.709526 ], [ -47.959722, -3.709481 ], [ -47.959614, -3.709436 ], [ -47.959506, -3.709391 ], [ -47.9594, -3.709346 ], [ -47.959295, -3.709301 ], [ -47.959189, -3.709256 ], [ -47.959084, -3.709211 ], [ -47.958979, -3.709166 ], [ -47.958875, -3.709121 ], [ -47.95877, -3.709076 ], [ -47.958665, -3.709032 ], [ -47.95856, -3.708987 ], [ -47.958454, -3.708942 ], [ -47.958346, -3.708897 ], [ -47.958234, -3.708852 ], [ -47.958117, -3.708807 ], [ -47.957991, -3.708762 ], [ -47.957853, -3.708717 ], [ -47.957699, -3.708673 ], [ -47.957526, -3.708631 ], [ -47.957334, -3.708593 ], [ -47.957122, -3.708562 ], [ -47.956896, -3.708541 ], [ -47.956661, -3.708536 ], [ -47.956426, -3.708552 ], [ -47.956199, -3.708592 ], [ -47.955986, -3.708661 ], [ -47.955793, -3.708757 ], [ -47.955623, -3.70888 ], [ -47.955475, -3.709024 ], [ -47.955347, -3.709185 ], [ -47.955237, -3.709355 ], [ -47.955147, -3.709529 ], [ -47.955091, -3.709702 ], [ -47.955079, -3.709997 ] ] } },
{ "type": "Feature", "properties": { }, "geometry": { "type": "LineString", "coordinates": [ [ -47.96532, -3.712602 ], [ -47.965508, -3.712534 ], [ -47.96563, -3.712491 ], [ -47.965762, -3.712447 ], [ -47.965901, -3.712402 ], [ -47.966044, -3.712356 ], [ -47.96619, -3.712311 ], [ -47.966337, -3.712266 ], [ -47.966483, -3.712221 ], [ -47.966628, -3.712176 ], [ -47.96677, -3.712131 ], [ -47.966908, -3.712086 ], [ -47.967042, -3.712041 ], [ -47.96717, -3.711996 ], [ -47.967294, -3.711951 ], [ -47.967414, -3.711906 ], [ -47.967532, -3.711861 ], [ -47.967649, -3.711816 ], [ -47.967766, -3.711771 ], [ -47.967883, -3.711726 ], [ -47.968001, -3.711682 ], [ -47.968119, -3.711637 ], [ -47.968236, -3.711592 ], [ -47.968352, -3.711547 ], [ -47.968467, -3.711502 ], [ -47.968581, -3.711456 ], [ -47.968695, -3.71141 ], [ -47.968808, -3.711363 ], [ -47.968924, -3.711315 ], [ -47.969042, -3.711265 ], [ -47.969163, -3.711213 ], [ -47.969287, -3.711158 ], [ -47.969413, -3.711101 ], [ -47.969539, -3.711043 ], [ -47.969663, -3.710983 ], [ -47.969784, -3.710921 ], [ -47.969903, -3.710857 ], [ -47.970022, -3.71079 ], [ -47.97014, -3.710721 ], [ -47.97026, -3.710648 ], [ -47.970381, -3.710574 ], [ -47.970502, -3.710498 ], [ -47.970623, -3.710424 ], [ -47.970741, -3.710351 ], [ -47.970857, -3.710282 ], [ -47.97097, -3.710216 ], [ -47.971078, -3.710155 ], [ -47.971177, -3.710098 ], [ -47.971256, -3.710052 ], [ -47.971339, -3.709997 ] ] } },
{ "type": "Feature", "properties": { }, "geometry": { "type": "LineString", "coordinates": [ [ -47.996402, -3.722304 ], [ -47.996492, -3.722304 ] ] } },
{ "type": "Feature", "properties": { }, "geometry": { "type": "LineString", "coordinates": [ [ -47.996402, -3.722304 ], [ -47.996402, -3.722214 ] ] } },
{ "type": "Feature", "properties": { }, "geometry": { "type": "LineString", "coordinates": [ [ -47.990473, -3.714848 ], [ -47.990525, -3.714678 ], [ -47.990558, -3.714565 ], [ -47.990595, -3.714438 ], [ -47.990634, -3.714297 ], [ -47.990673, -3.714138 ], [ -47.990712, -3.713961 ], [ -47.990749, -3.713767 ], [ -47.990783, -3.713567 ], [ -47.990832, -3.713231 ] ] } },
{ "type": "Feature", "properties": { }, "geometry": { "type": "LineString", "coordinates": [ [ -47.993347, -3.725179 ], [ -47.993437, -3.725179 ], [ -47.993617, -3.724999 ] ] } },
{ "type": "Feature", "properties": { }, "geometry": { "type": "LineString", "coordinates": [ [ -47.951396, -3.710716 ], [ -47.951184, -3.71067 ], [ -47.951044, -3.710643 ], [ -47.95089, -3.710615 ], [ -47.950728, -3.710587 ], [ -47.950565, -3.710556 ], [ -47.950407, -3.710521 ], [ -47.950261, -3.710479 ], [ -47.950131, -3.710428 ], [ -47.950021, -3.710367 ], [ -47.949935, -3.710293 ], [ -47.949876, -3.710205 ], [ -47.949849, -3.710103 ], [ -47.949859, -3.709984 ], [ -47.94991, -3.709848 ], [ -47.950005, -3.709694 ], [ -47.950144, -3.709521 ], [ -47.950324, -3.70933 ], [ -47.950541, -3.709122 ], [ -47.950786, -3.7089 ], [ -47.951055, -3.708665 ], [ -47.951339, -3.708421 ], [ -47.951635, -3.708175 ], [ -47.951935, -3.707932 ], [ -47.952233, -3.707705 ], [ -47.952518, -3.707505 ], [ -47.952782, -3.707347 ], [ -47.953013, -3.707241 ], [ -47.953204, -3.707196 ], [ -47.953346, -3.707213 ], [ -47.953436, -3.707286 ], [ -47.953473, -3.707406 ], [ -47.953462, -3.707559 ], [ -47.953413, -3.707731 ], [ -47.953338, -3.707907 ], [ -47.953249, -3.708078 ], [ -47.953156, -3.708238 ], [ -47.953068, -3.708384 ], [ -47.952986, -3.708517 ], [ -47.952911, -3.70864 ], [ -47.952842, -3.708754 ], [ -47.952777, -3.708864 ], [ -47.952715, -3.708971 ], [ -47.952654, -3.709077 ], [ -47.952594, -3.709182 ], [ -47.952534, -3.709286 ], [ -47.952473, -3.709392 ], [ -47.952412, -3.709498 ], [ -47.95235, -3.709605 ], [ -47.952285, -3.709714 ], [ -47.952216, -3.709825 ], [ -47.952144, -3.709938 ], [ -47.952066, -3.710052 ], [ -47.951983, -3.710167 ], [ -47.951895, -3.71028 ], [ -47.951804, -3.710388 ], [ -47.951713, -3.710489 ], [ -47.951626, -3.71058 ], [ -47.951486, -3.710716 ] ] } },
{ "type": "Feature", "properties": { }, "geometry": { "type": "LineString", "coordinates": [ [ -47.951396, -3.710716 ], [ -47.951486, -3.710716 ] ] } },
{ "type": "Feature", "properties": { }, "geometry": { "type": "LineString", "coordinates": [ [ -47.951396, -3.710716 ], [ -47.951184, -3.71067 ], [ -47.951044, -3.710643 ], [ -47.95089, -3.710615 ], [ -47.950728, -3.710587 ], [ -47.950565, -3.710556 ], [ -47.950407, -3.710521 ], [ -47.950261, -3.710479 ], [ -47.950131, -3.710428 ], [ -47.950021, -3.710367 ], [ -47.949935, -3.710293 ], [ -47.949876, -3.710205 ], [ -47.949849, -3.710103 ], [ -47.949859, -3.709984 ], [ -47.94991, -3.709848 ], [ -47.950005, -3.709694 ], [ -47.950144, -3.709521 ], [ -47.950324, -3.70933 ], [ -47.950541, -3.709122 ], [ -47.950786, -3.7089 ], [ -47.951055, -3.708665 ], [ -47.951339, -3.708421 ], [ -47.951635, -3.708175 ], [ -47.951935, -3.707932 ], [ -47.952233, -3.707705 ], [ -47.952518, -3.707505 ], [ -47.952782, -3.707347 ], [ -47.953013, -3.707241 ], [ -47.953204, -3.707196 ], [ -47.953346, -3.707213 ], [ -47.953436, -3.707286 ], [ -47.953473, -3.707406 ], [ -47.953462, -3.707559 ], [ -47.953413, -3.707731 ], [ -47.953338, -3.707907 ], [ -47.953249, -3.708078 ], [ -47.953156, -3.708238 ], [ -47.953068, -3.708384 ], [ -47.952986, -3.708517 ], [ -47.952911, -3.70864 ], [ -47.952842, -3.708754 ], [ -47.952777, -3.708864 ], [ -47.952715, -3.708971 ], [ -47.952654, -3.709077 ], [ -47.952594, -3.709182 ], [ -47.952534, -3.709286 ], [ -47.952473, -3.709392 ], [ -47.952412, -3.709498 ], [ -47.95235, -3.709605 ], [ -47.952285, -3.709714 ], [ -47.952216, -3.709825 ], [ -47.952144, -3.709938 ], [ -47.952066, -3.710052 ], [ -47.951983, -3.710167 ], [ -47.951895, -3.71028 ], [ -47.951804, -3.710388 ], [ -47.951713, -3.710489 ], [ -47.951626, -3.71058 ], [ -47.951486, -3.710716 ] ] } },
{ "type": "Feature", "properties": { }, "geometry": { "type": "LineString", "coordinates": [ [ -47.900192, -3.673346 ], [ -47.900372, -3.673346 ] ] } },
{ "type": "Feature", "properties": { }, "geometry": { "type": "LineString", "coordinates": [ [ -47.900192, -3.673346 ], [ -47.900191, -3.67324 ], [ -47.900191, -3.673179 ], [ -47.900192, -3.673076 ] ] } },
{ "type": "Feature", "properties": { }, "geometry": { "type": "LineString", "coordinates": [ [ -47.983825, -3.707033 ], [ -47.983915, -3.707033 ], [ -47.984454, -3.706494 ] ] } },
{ "type": "Feature", "properties": { }, "geometry": { "type": "LineString", "coordinates": [ [ -47.888782, -3.729954 ], [ -47.888963, -3.72985 ] ] } },
{ "type": "Feature", "properties": { }, "geometry": { "type": "LineString", "coordinates": [ [ -47.932352, -3.702811 ], [ -47.932176, -3.702775 ], [ -47.932074, -3.702755 ], [ -47.931903, -3.702721 ] ] } },
{ "type": "Feature", "properties": { }, "geometry": { "type": "LineString", "coordinates": [ [ -47.84827, -3.696612 ], [ -47.848181, -3.696155 ], [ -47.848112, -3.695891 ], [ -47.848025, -3.695637 ], [ -47.847915, -3.69541 ], [ -47.847784, -3.695219 ], [ -47.847633, -3.695067 ], [ -47.847463, -3.694961 ], [ -47.847281, -3.694905 ], [ -47.847088, -3.694902 ], [ -47.846889, -3.69495 ], [ -47.846683, -3.695044 ], [ -47.846469, -3.695177 ], [ -47.846249, -3.695334 ], [ -47.846021, -3.695502 ], [ -47.845786, -3.695666 ], [ -47.845543, -3.695815 ], [ -47.845291, -3.695943 ], [ -47.845028, -3.696047 ], [ -47.844752, -3.696129 ], [ -47.844467, -3.696194 ], [ -47.844179, -3.696245 ], [ -47.843911, -3.696285 ], [ -47.843508, -3.696343 ] ] } },
{ "type": "Feature", "properties": { }, "geometry": { "type": "LineString", "coordinates": [ [ -47.833717, -3.679544 ], [ -47.833807, -3.679544 ] ] } },
{ "type": "Feature", "properties": { }, "geometry": { "type": "LineString", "coordinates": [ [ -47.940616, -3.679904 ], [ -47.940437, -3.679724 ] ] } },
{ "type": "Feature", "properties": { }, "geometry": { "type": "LineString", "coordinates": [ [ -47.982927, -3.70829 ], [ -47.982927, -3.708021 ] ] } },
{ "type": "Feature", "properties": { }, "geometry": { "type": "LineString", "coordinates": [ [ -47.923548, -3.680443 ], [ -47.923695, -3.680302 ], [ -47.923796, -3.680212 ], [ -47.923913, -3.680113 ], [ -47.924046, -3.680007 ], [ -47.924192, -3.679896 ], [ -47.924349, -3.67978 ], [ -47.924514, -3.679662 ], [ -47.92468, -3.679546 ], [ -47.924836, -3.679438 ], [ -47.925075, -3.679275 ] ] } },
{ "type": "Feature", "properties": { }, "geometry": { "type": "LineString", "coordinates": [ [ -47.93307, -3.675232 ], [ -47.933035, -3.674206 ], [ -47.933015, -3.673636 ], [ -47.932981, -3.672717 ] ] } },
{ "type": "Feature", "properties": { }, "geometry": { "type": "LineString", "coordinates": [ [ -47.907558, -3.705685 ], [ -47.907648, -3.705595 ], [ -47.907648, -3.705236 ] ] } },
{ "type": "Feature", "properties": { }, "geometry": { "type": "LineString", "coordinates": [ [ -47.929837, -3.705865 ], [ -47.929891, -3.705685 ], [ -47.929928, -3.705572 ], [ -47.929971, -3.705452 ], [ -47.93002, -3.70533 ], [ -47.930074, -3.705206 ], [ -47.930131, -3.705083 ], [ -47.93019, -3.704967 ], [ -47.930286, -3.704787 ] ] } },
{ "type": "Feature", "properties": { }, "geometry": { "type": "LineString", "coordinates": [ [ -47.860756, -3.686192 ], [ -47.860438, -3.685813 ], [ -47.860203, -3.685554 ], [ -47.859916, -3.685258 ], [ -47.859585, -3.684938 ], [ -47.859225, -3.68461 ], [ -47.858967, -3.684219 ], [ -47.858508, -3.684006 ], [ -47.857971, -3.683587 ] ] } },
{ "type": "Feature", "properties": { }, "geometry": { "type": "LineString", "coordinates": [ [ -47.961008, -3.731108 ], [ -47.961008, -3.731018 ] ] } },
{ "type": "Feature", "properties": { }, "geometry": { "type": "LineString", "coordinates": [ [ -47.972776, -3.710087 ], [ -47.972776, -3.709907 ] ] } },
{ "type": "Feature", "properties": { }, "geometry": { "type": "LineString", "coordinates": [ [ -47.854198, -3.690594 ], [ -47.854021, -3.690486 ], [ -47.853919, -3.690425 ], [ -47.853749, -3.690324 ] ] } },
{ "type": "Feature", "properties": { }, "geometry": { "type": "LineString", "coordinates": [ [ -47.981849, -3.72976 ], [ -47.982143, -3.729568 ], [ -47.982323, -3.729446 ], [ -47.982506, -3.729314 ], [ -47.982683, -3.729177 ], [ -47.982849, -3.729036 ], [ -47.982998, -3.728893 ], [ -47.983128, -3.728749 ], [ -47.983237, -3.728606 ], [ -47.983324, -3.728466 ], [ -47.98339, -3.728338 ], [ -47.983466, -3.728143 ] ] } },
{ "type": "Feature", "properties": { }, "geometry": { "type": "LineString", "coordinates": [ [ -47.897048, -3.677568 ], [ -47.897048, -3.677478 ] ] } },
{ "type": "Feature", "properties": { }, "geometry": { "type": "LineString", "coordinates": [ [ -47.978705, -3.68736 ], [ -47.979022, -3.687356 ], [ -47.979205, -3.687356 ], [ -47.979513, -3.68736 ] ] } },
{ "type": "Feature", "properties": { }, "geometry": { "type": "LineString", "coordinates": [ [ -47.978705, -3.68736 ], [ -47.978615, -3.68727 ] ] } },
{ "type": "Feature", "properties": { }, "geometry": { "type": "LineString", "coordinates": [ [ -47.992449, -3.719789 ], [ -47.992574, -3.719661 ], [ -47.99266, -3.719578 ], [ -47.99276, -3.719489 ], [ -47.99287, -3.719395 ], [ -47.992991, -3.719299 ], [ -47.99312, -3.719202 ], [ -47.993255, -3.719103 ], [ -47.993395, -3.719002 ], [ -47.993538, -3.718898 ], [ -47.993683, -3.718793 ], [ -47.993826, -3.718688 ], [ -47.993958, -3.71859 ], [ -47.994156, -3.718441 ] ] } },
{ "type": "Feature", "properties": { }, "geometry": { "type": "LineString", "coordinates": [ [ -47.980232, -3.704697 ], [ -47.980044, -3.704406 ], [ -47.979913, -3.704215 ], [ -47.979759, -3.704002 ], [ -47.979582, -3.703775 ], [ -47.979385, -3.703535 ], [ -47.979169, -3.703287 ], [ -47.978941, -3.703037 ], [ -47.978709, -3.702792 ], [ -47.978483, -3.702559 ], [ -47.978272, -3.702347 ], [ -47.978083, -3.702163 ], [ -47.977926, -3.702013 ], [ -47.977717, -3.701823 ] ] } },
{ "type": "Feature", "properties": { }, "geometry": { "type": "LineString", "coordinates": [ [ -47.887167, -3.709099 ], [ -47.887167, -3.709009 ] ] } },
{ "type": "Feature", "properties": { }, "geometry": { "type": "LineString", "coordinates": [ [ -47.991102, -3.721765 ], [ -47.991207, -3.72173 ], [ -47.991268, -3.72171 ], [ -47.991371, -3.721675 ] ] } },
{ "type": "Feature", "properties": { }, "geometry": { "type": "LineString", "coordinates": [ [ -47.884831, -3.730209 ], [ -47.884921, -3.730209 ] ] } },
{ "type": "Feature", "properties": { }, "geometry": { "type": "LineString", "coordinates": [ [ -47.907289, -3.703799 ], [ -47.907379, -3.703799 ] ] } },
{ "type": "Feature", "properties": { }, "geometry": { "type": "LineString", "coordinates": [ [ -47.907289, -3.703799 ], [ -47.907289, -3.703709 ] ] } },
{ "type": "Feature", "properties": { }, "geometry": { "type": "LineString", "coordinates": [ [ -47.99218, -3.710267 ], [ -47.991878, -3.709926 ], [ -47.991682, -3.709706 ], [ -47.991468, -3.709468 ], [ -47.991246, -3.709222 ], [ -47.991025, -3.708975 ], [ -47.990813, -3.708734 ], [ -47.990618, -3.708504 ], [ -47.990446, -3.708292 ], [ -47.990303, -3.708107 ], [ -47.990114, -3.707841 ] ] } },
{ "type": "Feature", "properties": { }, "geometry": { "type": "LineString", "coordinates": [ [ -47.913577, -3.673795 ], [ -47.913667, -3.673795 ] ] } },
{ "type": "Feature", "properties": { }, "geometry": { "type": "LineString", "coordinates": [ [ -47.913577, -3.673795 ], [ -47.913577, -3.673705 ] ] } },
{ "type": "Feature", "properties": { }, "geometry": { "type": "LineString", "coordinates": [ [ -47.896868, -3.675053 ], [ -47.896868, -3.674963 ] ] } },
{ "type": "Feature", "properties": { }, "geometry": { "type": "LineString", "coordinates": [ [ -47.885999, -3.726526 ], [ -47.886215, -3.726245 ], [ -47.886337, -3.72607 ], [ -47.886452, -3.725883 ], [ -47.886551, -3.725684 ], [ -47.886636, -3.725464 ], [ -47.886705, -3.725214 ], [ -47.886763, -3.724931 ], [ -47.886811, -3.724616 ], [ -47.886849, -3.72429 ], [ -47.886897, -3.723741 ] ] } },
{ "type": "Feature", "properties": { }, "geometry": { "type": "LineString", "coordinates": [ [ -47.980771, -3.71359 ], [ -47.980771, -3.713501 ] ] } },
{ "type": "Feature", "properties": { }, "geometry": { "type": "LineString", "coordinates": [ [ -47.990922, -3.707033 ], [ -47.991095, -3.70689 ], [ -47.991204, -3.706789 ], [ -47.991318, -3.706667 ], [ -47.991424, -3.706526 ], [ -47.99151, -3.706366 ], [ -47.991563, -3.706191 ], [ -47.991573, -3.706003 ], [ -47.991535, -3.705805 ], [ -47.99145, -3.705603 ], [ -47.991325, -3.705403 ], [ -47.991175, -3.705211 ], [ -47.991012, -3.705036 ], [ -47.990849, -3.704884 ], [ -47.9907, -3.704761 ], [ -47.990473, -3.704607 ] ] } },
{ "type": "Feature", "properties": { }, "geometry": { "type": "LineString", "coordinates": [ [ -47.896958, -3.683407 ], [ -47.896911, -3.682715 ], [ -47.896882, -3.682275 ], [ -47.896852, -3.681808 ], [ -47.896823, -3.681353 ], [ -47.896779, -3.680622 ] ] } },
{ "type": "Feature", "properties": { }, "geometry": { "type": "LineString", "coordinates": [ [ -47.930286, -3.673705 ], [ -47.930555, -3.673705 ] ] } },
{ "type": "Feature", "properties": { }, "geometry": { "type": "LineString", "coordinates": [ [ -47.930286, -3.673705 ], [ -47.930196, -3.673795 ], [ -47.930106, -3.673705 ] ] } },
{ "type": "Feature", "properties": { }, "geometry": { "type": "LineString", "coordinates": [ [ -47.918877, -3.681161 ], [ -47.918877, -3.681071 ] ] } },
{ "type": "Feature", "properties": { }, "geometry": { "type": "LineString", "coordinates": [ [ -47.973135, -3.727874 ], [ -47.973063, -3.727733 ], [ -47.973017, -3.727642 ], [ -47.972967, -3.727541 ], [ -47.972915, -3.727434 ], [ -47.972862, -3.727322 ], [ -47.972808, -3.727207 ], [ -47.972755, -3.727091 ], [ -47.972705, -3.726976 ], [ -47.972661, -3.726869 ], [ -47.972596, -3.726706 ] ] } },
{ "type": "Feature", "properties": { }, "geometry": { "type": "LineString", "coordinates": [ [ -47.921819, -3.735711 ], [ -47.921774, -3.736073 ] ] } },
{ "type": "Feature", "properties": { }, "geometry": { "type": "LineString", "coordinates": [ [ -47.889053, -3.716914 ], [ -47.88907, -3.716453 ], [ -47.889079, -3.716159 ], [ -47.889086, -3.715842 ], [ -47.889091, -3.715507 ], [ -47.889095, -3.715153 ], [ -47.889097, -3.714775 ], [ -47.889098, -3.714365 ], [ -47.8891, -3.713912 ], [ -47.889102, -3.713401 ], [ -47.889106, -3.712816 ], [ -47.889111, -3.712145 ], [ -47.889119, -3.711393 ], [ -47.889127, -3.710611 ], [ -47.889143, -3.709279 ] ] } },
{ "type": "Feature", "properties": { }, "geometry": { "type": "LineString", "coordinates": [ [ -47.974842, -3.707931 ], [ -47.974842, -3.707841 ] ] } },
{ "type": "Feature", "properties": { }, "geometry": { "type": "LineString", "coordinates": [ [ -47.892556, -3.705595 ], [ -47.892826, -3.705595 ] ] } },
{ "type": "Feature", "properties": { }, "geometry": { "type": "LineString", "coordinates": [ [ -47.892556, -3.705595 ], [ -47.892587, -3.704434 ], [ -47.892607, -3.703762 ], [ -47.892646, -3.702631 ] ] } },
{ "type": "Feature", "properties": { }, "geometry": { "type": "LineString", "coordinates": [ [ -47.884112, -3.709548 ], [ -47.884202, -3.709548 ] ] } },
{ "type": "Feature", "properties": { }, "geometry": { "type": "LineString", "coordinates": [ [ -47.882765, -3.709818 ], [ -47.882765, -3.709638 ] ] } },
{ "type": "Feature", "properties": { }, "geometry": { "type": "LineString", "coordinates": [ [ -47.912769, -3.705775 ], [ -47.912662, -3.705364 ], [ -47.912578, -3.705108 ], [ -47.91247, -3.704842 ], [ -47.912341, -3.704581 ], [ -47.912202, -3.704341 ], [ -47.91196, -3.703978 ] ] } },
{ "type": "Feature", "properties": { }, "geometry": { "type": "LineString", "coordinates": [ [ -47.868212, -3.703709 ], [ -47.868212, -3.703619 ] ] } },
{ "type": "Feature", "properties": { }, "geometry": { "type": "LineString", "coordinates": [ [ -47.9814, -3.715297 ], [ -47.98159, -3.715176 ], [ -47.981712, -3.71509 ], [ -47.981844, -3.714987 ], [ -47.981981, -3.714865 ], [ -47.982119, -3.714724 ], [ -47.982254, -3.714566 ], [ -47.982379, -3.714404 ], [ -47.982568, -3.714129 ] ] } },
{ "type": "Feature", "properties": { }, "geometry": { "type": "LineString", "coordinates": [ [ -47.95186, -3.729956 ], [ -47.951888, -3.72995 ], [ -47.952033, -3.72991 ], [ -47.952205, -3.72985 ] ] } },
{ "type": "Feature", "properties": { }, "geometry": { "type": "LineString", "coordinates": [ [ -47.931633, -3.70317 ], [ -47.931723, -3.70317 ] ] } },
{ "type": "Feature", "properties": { }, "geometry": { "type": "LineString", "coordinates": [ [ -47.916811, -3.709818 ], [ -47.916811, -3.709279 ], [ -47.916991, -3.709099 ] ] } },
{ "type": "Feature", "properties": { }, "geometry": { "type": "LineString", "coordinates": [ [ -47.916811, -3.709818 ], [ -47.91646, -3.709811 ], [ -47.916248, -3.709802 ], [ -47.916037, -3.709787 ], [ -47.915844, -3.709767 ], [ -47.915611, -3.709836 ] ] } },
{ "type": "Feature", "properties": { }, "geometry": { "type": "LineString", "coordinates": [ [ -47.988317, -3.71377 ], [ -47.988247, -3.713536 ], [ -47.988201, -3.713391 ], [ -47.988148, -3.713241 ], [ -47.988092, -3.713091 ], [ -47.988032, -3.712944 ], [ -47.98797, -3.7128 ], [ -47.987907, -3.712659 ], [ -47.987844, -3.71252 ], [ -47.98778, -3.712383 ], [ -47.987715, -3.712245 ], [ -47.987644, -3.712105 ], [ -47.987567, -3.711963 ], [ -47.987479, -3.711819 ], [ -47.987379, -3.711676 ], [ -47.987267, -3.711536 ], [ -47.987146, -3.711403 ], [ -47.98702, -3.711281 ], [ -47.986895, -3.711175 ], [ -47.98678, -3.711089 ], [ -47.98661, -3.710985 ] ] } },
{ "type": "Feature", "properties": { }, "geometry": { "type": "LineString", "coordinates": [ [ -47.92283, -3.680892 ], [ -47.92292, -3.680892 ] ] } },
{ "type": "Feature", "properties": { }, "geometry": { "type": "LineString", "coordinates": [ [ -47.92283, -3.680892 ], [ -47.922544, -3.680845 ], [ -47.922354, -3.680816 ], [ -47.922143, -3.680786 ], [ -47.921929, -3.680757 ], [ -47.921572, -3.680712 ] ] } },
{ "type": "Feature", "properties": { }, "geometry": { "type": "LineString", "coordinates": [ [ -47.909899, -3.709517 ], [ -47.909604, -3.709523 ], [ -47.909029, -3.709522 ], [ -47.908407, -3.709511 ], [ -47.907767, -3.709489 ], [ -47.907144, -3.70946 ], [ -47.906583, -3.709427 ], [ -47.905762, -3.709368 ] ] } },
{ "type": "Feature", "properties": { }, "geometry": { "type": "LineString", "coordinates": [ [ -47.925075, -3.679275 ], [ -47.925111, -3.678911 ], [ -47.925131, -3.678708 ], [ -47.925165, -3.678377 ] ] } },
{ "type": "Feature", "properties": { }, "geometry": { "type": "LineString", "coordinates": [ [ -47.950857, -3.723113 ], [ -47.950857, -3.723023 ] ] } },
{ "type": "Feature", "properties": { }, "geometry": { "type": "LineString", "coordinates": [ [ -47.881777, -3.719519 ], [ -47.881597, -3.71934 ], [ -47.881597, -3.71916 ] ] } },
{ "type": "Feature", "properties": { }, "geometry": { "type": "LineString", "coordinates": [ [ -47.907379, -3.698409 ], [ -47.907379, -3.69805 ] ] } },
{ "type": "Feature", "properties": { }, "geometry": { "type": "LineString", "coordinates": [ [ -47.926064, -3.685204 ], [ -47.926013, -3.684725 ], [ -47.92598, -3.684432 ], [ -47.925945, -3.684132 ], [ -47.92591, -3.683834 ], [ -47.925875, -3.683546 ], [ -47.925843, -3.683279 ], [ -47.925794, -3.682868 ] ] } },
{ "type": "Feature", "properties": { }, "geometry": { "type": "LineString", "coordinates": [ [ -47.995593, -3.718352 ], [ -47.995391, -3.718193 ], [ -47.995258, -3.718096 ], [ -47.995111, -3.718 ], [ -47.994956, -3.717915 ], [ -47.994797, -3.717848 ], [ -47.994639, -3.717806 ], [ -47.994489, -3.717791 ], [ -47.994351, -3.7178 ], [ -47.994232, -3.717829 ], [ -47.994066, -3.717902 ] ] } },
{ "type": "Feature", "properties": { }, "geometry": { "type": "LineString", "coordinates": [ [ -47.954989, -3.713141 ], [ -47.955041, -3.713014 ], [ -47.955074, -3.712925 ], [ -47.955109, -3.712819 ], [ -47.955145, -3.712688 ], [ -47.955178, -3.712524 ], [ -47.955208, -3.712315 ], [ -47.955233, -3.712053 ], [ -47.95525, -3.711732 ], [ -47.95526, -3.711357 ], [ -47.955264, -3.710959 ], [ -47.955259, -3.710267 ] ] } },
{ "type": "Feature", "properties": { }, "geometry": { "type": "LineString", "coordinates": [ [ -47.980771, -3.68188 ], [ -47.980836, -3.681557 ], [ -47.980881, -3.68137 ], [ -47.980931, -3.68119 ], [ -47.980985, -3.68103 ], [ -47.98104, -3.680895 ], [ -47.98113, -3.680712 ] ] } },
{ "type": "Feature", "properties": { }, "geometry": { "type": "LineString", "coordinates": [ [ -47.944569, -3.701104 ], [ -47.944659, -3.701104 ] ] } },
{ "type": "Feature", "properties": { }, "geometry": { "type": "LineString", "coordinates": [ [ -47.944569, -3.701104 ], [ -47.944247, -3.701053 ], [ -47.944057, -3.701021 ], [ -47.943871, -3.700986 ], [ -47.943698, -3.70095 ], [ -47.943542, -3.700915 ], [ -47.943409, -3.700883 ], [ -47.943221, -3.700834 ] ] } },
{ "type": "Feature", "properties": { }, "geometry": { "type": "LineString", "coordinates": [ [ -47.950857, -3.712063 ], [ -47.950857, -3.711974 ] ] } },
{ "type": "Feature", "properties": { }, "geometry": { "type": "LineString", "coordinates": [ [ -47.893545, -3.696972 ], [ -47.893634, -3.696972 ] ] } },
{ "type": "Feature", "properties": { }, "geometry": { "type": "LineString", "coordinates": [ [ -47.985981, -3.720058 ], [ -47.986071, -3.720058 ] ] } },
{ "type": "Feature", "properties": { }, "geometry": { "type": "LineString", "coordinates": [ [ -47.985981, -3.720058 ], [ -47.985706, -3.719732 ], [ -47.985537, -3.719531 ], [ -47.985365, -3.719324 ], [ -47.985199, -3.719122 ], [ -47.985046, -3.718935 ], [ -47.984913, -3.718769 ], [ -47.984724, -3.718531 ] ] } },
{ "type": "Feature", "properties": { }, "geometry": { "type": "LineString", "coordinates": [ [ -47.884202, -3.709458 ], [ -47.884256, -3.708537 ], [ -47.88429, -3.708018 ], [ -47.884324, -3.707544 ], [ -47.884382, -3.706853 ] ] } },
{ "type": "Feature", "properties": { }, "geometry": { "type": "LineString", "coordinates": [ [ -47.922445, -3.731942 ], [ -47.922403, -3.732253 ] ] } },
{ "type": "Feature", "properties": { }, "geometry": { "type": "LineString", "coordinates": [ [ -47.982208, -3.680892 ], [ -47.98226, -3.680513 ], [ -47.982294, -3.680286 ], [ -47.982332, -3.680057 ], [ -47.982372, -3.67984 ], [ -47.982414, -3.679636 ], [ -47.982458, -3.679447 ], [ -47.982503, -3.679271 ], [ -47.982549, -3.679105 ], [ -47.982595, -3.678948 ], [ -47.98264, -3.678798 ], [ -47.982683, -3.678664 ], [ -47.982747, -3.678466 ] ] } },
{ "type": "Feature", "properties": { }, "geometry": { "type": "LineString", "coordinates": [ [ -47.884292, -3.719699 ], [ -47.884292, -3.719609 ] ] } },
{ "type": "Feature", "properties": { }, "geometry": { "type": "LineString", "coordinates": [ [ -47.833447, -3.686012 ], [ -47.833717, -3.685743 ] ] } },
{ "type": "Feature", "properties": { }, "geometry": { "type": "LineString", "coordinates": [ [ -47.853031, -3.700655 ], [ -47.853066, -3.699817 ], [ -47.853086, -3.699328 ], [ -47.85312, -3.698499 ] ] } },
{ "type": "Feature", "properties": { }, "geometry": { "type": "LineString", "coordinates": [ [ -47.939179, -3.708021 ], [ -47.939186, -3.70753 ], [ -47.939187, -3.707236 ], [ -47.939186, -3.706948 ], [ -47.939179, -3.706494 ] ] } },
{ "type": "Feature", "properties": { }, "geometry": { "type": "LineString", "coordinates": [ [ -47.98113, -3.679544 ], [ -47.98122, -3.679544 ] ] } },
{ "type": "Feature", "properties": { }, "geometry": { "type": "LineString", "coordinates": [ [ -47.98113, -3.679544 ], [ -47.980902, -3.679476 ], [ -47.980754, -3.679433 ], [ -47.980594, -3.679389 ], [ -47.980428, -3.679343 ], [ -47.980259, -3.679298 ], [ -47.980092, -3.679252 ], [ -47.979931, -3.679206 ], [ -47.979778, -3.67916 ], [ -47.979635, -3.679114 ], [ -47.979505, -3.679067 ], [ -47.979388, -3.679022 ], [ -47.979289, -3.678979 ], [ -47.979154, -3.678915 ] ] } },
{ "type": "Feature", "properties": { }, "geometry": { "type": "LineString", "coordinates": [ [ -47.85321, -3.698409 ], [ -47.8533, -3.698409 ] ] } },
{ "type": "Feature", "properties": { }, "geometry": { "type": "LineString", "coordinates": [ [ -47.85321, -3.698409 ], [ -47.85321, -3.698319 ] ] } },
{ "type": "Feature", "properties": { }, "geometry": { "type": "LineString", "coordinates": [ [ -47.98122, -3.680712 ], [ -47.98131, -3.680712 ] ] } },
{ "type": "Feature", "properties": { }, "geometry": { "type": "LineString", "coordinates": [ [ -47.980052, -3.709368 ], [ -47.980322, -3.709368 ] ] } },
{ "type": "Feature", "properties": { }, "geometry": { "type": "LineString", "coordinates": [ [ -47.982837, -3.699217 ], [ -47.98276, -3.699064 ] ] } },
{ "type": "Feature", "properties": { }, "geometry": { "type": "LineString", "coordinates": [ [ -47.881058, -3.711255 ], [ -47.88132, -3.710927 ], [ -47.881467, -3.710739 ], [ -47.881601, -3.710559 ], [ -47.881714, -3.710402 ], [ -47.881867, -3.710177 ] ] } },
{ "type": "Feature", "properties": { }, "geometry": { "type": "LineString", "coordinates": [ [ -47.916003, -3.680712 ], [ -47.916003, -3.680622 ] ] } },
{ "type": "Feature", "properties": { }, "geometry": { "type": "LineString", "coordinates": [ [ -47.984005, -3.678646 ], [ -47.983934, -3.67854 ], [ -47.983894, -3.678479 ], [ -47.983825, -3.678377 ] ] } },
{ "type": "Feature", "properties": { }, "geometry": { "type": "LineString", "coordinates": [ [ -47.956517, -3.715657 ], [ -47.958267, -3.7156 ], [ -47.959212, -3.715559 ], [ -47.960042, -3.71551 ], [ -47.960708, -3.715451 ], [ -47.96121, -3.715381 ], [ -47.961582, -3.7153 ], [ -47.961861, -3.715206 ], [ -47.962083, -3.715101 ], [ -47.962276, -3.714986 ], [ -47.962456, -3.714862 ], [ -47.962635, -3.71473 ], [ -47.962817, -3.714593 ], [ -47.963001, -3.714453 ], [ -47.963187, -3.714313 ], [ -47.963371, -3.714179 ], [ -47.963548, -3.714054 ], [ -47.963718, -3.713943 ], [ -47.963875, -3.713851 ], [ -47.96402, -3.713778 ], [ -47.964147, -3.713726 ], [ -47.964243, -3.713696 ], [ -47.964332, -3.71368 ] ] } },
{ "type": "Feature", "properties": { }, "geometry": { "type": "LineString", "coordinates": [ [ -47.956517, -3.715657 ], [ -47.956427, -3.715567 ] ] } },
{ "type": "Feature", "properties": { }, "geometry": { "type": "LineString", "coordinates": [ [ -47.873063, -3.696972 ], [ -47.872851, -3.696755 ], [ -47.872711, -3.696613 ], [ -47.872556, -3.696457 ], [ -47.872396, -3.696291 ], [ -47.872238, -3.696122 ], [ -47.872091, -3.695955 ], [ -47.871933, -3.695759 ], [ -47.871855, -3.695654 ], [ -47.871716, -3.695445 ] ] } },
{ "type": "Feature", "properties": { }, "geometry": { "type": "LineString", "coordinates": [ [ -47.930645, -3.700026 ], [ -47.930645, -3.699936 ] ] } },
{ "type": "Feature", "properties": { }, "geometry": { "type": "LineString", "coordinates": [ [ -47.984364, -3.70865 ], [ -47.984454, -3.70865 ] ] } },
{ "type": "Feature", "properties": { }, "geometry": { "type": "LineString", "coordinates": [ [ -47.984364, -3.70865 ], [ -47.984364, -3.70856 ] ] } },
{ "type": "Feature", "properties": { }, "geometry": { "type": "LineString", "coordinates": [ [ -47.984364, -3.70865 ], [ -47.983999, -3.708632 ], [ -47.983787, -3.708611 ], [ -47.983581, -3.708577 ], [ -47.983396, -3.70853 ], [ -47.983235, -3.708472 ], [ -47.983104, -3.708406 ], [ -47.982927, -3.70829 ] ] } },
{ "type": "Feature", "properties": { }, "geometry": { "type": "LineString", "coordinates": [ [ -47.989934, -3.676131 ], [ -47.990024, -3.676131 ] ] } },
{ "type": "Feature", "properties": { }, "geometry": { "type": "LineString", "coordinates": [ [ -47.989934, -3.676131 ], [ -47.989633, -3.67587 ], [ -47.989458, -3.675714 ], [ -47.989291, -3.675562 ], [ -47.989036, -3.675322 ] ] } },
{ "type": "Feature", "properties": { }, "geometry": { "type": "LineString", "coordinates": [ [ -47.979783, -3.697151 ], [ -47.980014, -3.696965 ] ] } },
{ "type": "Feature", "properties": { }, "geometry": { "type": "LineString", "coordinates": [ [ -47.880339, -3.713411 ], [ -47.880429, -3.713321 ], [ -47.880519, -3.713411 ] ] } },
{ "type": "Feature", "properties": { }, "geometry": { "type": "LineString", "coordinates": [ [ -47.89588, -3.70847 ], [ -47.895717, -3.708386 ], [ -47.895604, -3.708323 ], [ -47.895471, -3.708244 ], [ -47.895319, -3.708145 ], [ -47.895148, -3.708026 ], [ -47.89496, -3.707885 ], [ -47.894761, -3.707723 ], [ -47.894555, -3.707546 ], [ -47.894351, -3.707358 ], [ -47.894155, -3.707165 ], [ -47.893973, -3.706971 ], [ -47.893804, -3.70678 ], [ -47.893647, -3.70659 ], [ -47.893498, -3.706401 ], [ -47.893356, -3.706212 ], [ -47.893219, -3.706027 ], [ -47.893095, -3.705854 ], [ -47.892916, -3.705595 ] ] } },
{ "type": "Feature", "properties": { }, "geometry": { "type": "LineString", "coordinates": [ [ -47.863092, -3.699936 ], [ -47.863237, -3.699866 ], [ -47.863326, -3.699822 ], [ -47.863416, -3.699777 ], [ -47.863501, -3.699734 ], [ -47.863631, -3.699667 ] ] } },
{ "type": "Feature", "properties": { }, "geometry": { "type": "LineString", "coordinates": [ [ -47.871716, -3.711524 ], [ -47.871815, -3.711372 ], [ -47.871875, -3.711279 ], [ -47.871934, -3.711181 ], [ -47.87199, -3.711083 ], [ -47.872044, -3.710984 ], [ -47.872095, -3.710885 ], [ -47.872144, -3.710786 ], [ -47.872192, -3.710686 ], [ -47.872238, -3.710588 ], [ -47.87228, -3.710496 ], [ -47.872344, -3.710357 ] ] } },
{ "type": "Feature", "properties": { }, "geometry": { "type": "LineString", "coordinates": [ [ -47.871716, -3.711524 ], [ -47.87153, -3.711424 ], [ -47.871522, -3.71142 ] ] } },
{ "type": "Feature", "properties": { }, "geometry": { "type": "LineString", "coordinates": [ [ -47.947623, -3.715567 ], [ -47.948465, -3.715513 ], [ -47.948933, -3.715479 ], [ -47.949355, -3.715445 ], [ -47.949959, -3.715387 ] ] } },
{ "type": "Feature", "properties": { }, "geometry": { "type": "LineString", "coordinates": [ [ -47.947623, -3.715567 ], [ -47.94762, -3.714651 ], [ -47.94762, -3.714121 ], [ -47.947674, -3.713209 ] ] } },
{ "type": "Feature", "properties": { }, "geometry": { "type": "LineString", "coordinates": [ [ -47.8798, -3.70308 ], [ -47.879711, -3.70299 ] ] } },
{ "type": "Feature", "properties": { }, "geometry": { "type": "LineString", "coordinates": [ [ -47.8798, -3.70308 ], [ -47.879711, -3.70317 ], [ -47.879621, -3.70308 ] ] } },
{ "type": "Feature", "properties": { }, "geometry": { "type": "LineString", "coordinates": [ [ -47.966398, -3.730748 ], [ -47.966171, -3.730803 ], [ -47.966091, -3.730739 ], [ -47.965961, -3.730728 ], [ -47.965827, -3.730712 ], [ -47.965644, -3.730598 ], [ -47.9655, -3.730658 ] ] } },
{ "type": "Feature", "properties": { }, "geometry": { "type": "LineString", "coordinates": [ [ -47.966398, -3.730748 ], [ -47.966493, -3.730521 ], [ -47.966553, -3.730383 ], [ -47.966616, -3.730243 ], [ -47.966679, -3.730103 ], [ -47.966741, -3.729965 ], [ -47.966745, -3.729956 ] ] } },
{ "type": "Feature", "properties": { }, "geometry": { "type": "LineString", "coordinates": [ [ -47.893634, -3.697061 ], [ -47.893634, -3.696972 ] ] } },
{ "type": "Feature", "properties": { }, "geometry": { "type": "LineString", "coordinates": [ [ -47.985352, -3.716196 ], [ -47.985442, -3.716196 ] ] } },
{ "type": "Feature", "properties": { }, "geometry": { "type": "LineString", "coordinates": [ [ -47.985352, -3.716196 ], [ -47.985083, -3.715926 ] ] } },
{ "type": "Feature", "properties": { }, "geometry": { "type": "LineString", "coordinates": [ [ -47.985981, -3.709548 ], [ -47.98588, -3.709459 ], [ -47.985807, -3.709409 ], [ -47.985721, -3.709365 ], [ -47.985624, -3.709329 ], [ -47.985523, -3.709304 ], [ -47.985352, -3.709279 ] ] } },
{ "type": "Feature", "properties": { }, "geometry": { "type": "LineString", "coordinates": [ [ -47.982208, -3.707841 ], [ -47.98214, -3.707621 ], [ -47.982098, -3.707486 ], [ -47.982053, -3.707346 ], [ -47.982007, -3.707208 ], [ -47.981961, -3.707072 ], [ -47.981915, -3.70694 ], [ -47.981868, -3.70681 ], [ -47.981819, -3.70668 ], [ -47.981767, -3.706549 ], [ -47.981714, -3.706415 ], [ -47.981657, -3.706278 ], [ -47.981599, -3.706139 ], [ -47.98154, -3.706002 ], [ -47.981484, -3.705875 ], [ -47.9814, -3.705685 ] ] } },
{ "type": "Feature", "properties": { }, "geometry": { "type": "LineString", "coordinates": [ [ -47.922044, -3.734104 ], [ -47.921999, -3.734385 ] ] } },
{ "type": "Feature", "properties": { }, "geometry": { "type": "LineString", "coordinates": [ [ -47.875039, -3.704697 ], [ -47.874654, -3.704364 ], [ -47.874404, -3.704148 ], [ -47.874131, -3.703912 ], [ -47.873844, -3.703666 ], [ -47.873553, -3.703416 ], [ -47.873266, -3.703171 ], [ -47.87299, -3.702936 ], [ -47.872731, -3.702718 ], [ -47.872497, -3.70252 ], [ -47.872288, -3.702344 ], [ -47.872108, -3.702189 ], [ -47.871955, -3.702054 ], [ -47.871829, -3.701939 ], [ -47.871733, -3.701846 ], [ -47.871626, -3.701733 ] ] } },
{ "type": "Feature", "properties": { }, "geometry": { "type": "LineString", "coordinates": [ [ -47.853096, -3.700962 ], [ -47.853031, -3.700745 ] ] } },
{ "type": "Feature", "properties": { }, "geometry": { "type": "LineString", "coordinates": [ [ -47.925974, -3.685294 ], [ -47.926064, -3.685294 ] ] } },
{ "type": "Feature", "properties": { }, "geometry": { "type": "LineString", "coordinates": [ [ -47.981939, -3.683856 ], [ -47.982119, -3.683677 ] ] } },
{ "type": "Feature", "properties": { }, "geometry": { "type": "LineString", "coordinates": [ [ -47.981939, -3.683856 ], [ -47.981798, -3.683786 ], [ -47.981716, -3.683745 ], [ -47.98158, -3.683677 ] ] } },
{ "type": "Feature", "properties": { }, "geometry": { "type": "LineString", "coordinates": [ [ -47.999815, -3.721945 ], [ -47.999604, -3.72189 ] ] } },
{ "type": "Feature", "properties": { }, "geometry": { "type": "LineString", "coordinates": [ [ -47.875219, -3.704697 ], [ -47.875406, -3.704463 ], [ -47.875523, -3.704318 ], [ -47.875643, -3.704167 ], [ -47.875758, -3.704024 ], [ -47.875938, -3.703799 ] ] } },
{ "type": "Feature", "properties": { }, "geometry": { "type": "LineString", "coordinates": [ [ -47.894173, -3.684575 ], [ -47.893967, -3.684312 ], [ -47.893829, -3.684139 ], [ -47.893677, -3.683945 ], [ -47.893519, -3.683741 ], [ -47.893365, -3.68353 ], [ -47.893221, -3.683319 ], [ -47.893091, -3.683111 ], [ -47.892974, -3.682905 ], [ -47.892869, -3.682704 ], [ -47.892772, -3.682509 ], [ -47.892685, -3.68233 ], [ -47.892556, -3.68206 ] ] } },
{ "type": "Feature", "properties": { }, "geometry": { "type": "LineString", "coordinates": [ [ -47.977807, -3.696792 ], [ -47.977853, -3.69645 ], [ -47.977882, -3.696234 ], [ -47.977913, -3.696008 ], [ -47.977941, -3.69579 ], [ -47.977986, -3.695445 ] ] } },
{ "type": "Feature", "properties": { }, "geometry": { "type": "LineString", "coordinates": [ [ -47.93891, -3.674065 ], [ -47.93891, -3.673436 ] ] } },
{ "type": "Feature", "properties": { }, "geometry": { "type": "LineString", "coordinates": [ [ -47.984724, -3.712782 ], [ -47.984724, -3.712512 ] ] } },
{ "type": "Feature", "properties": { }, "geometry": { "type": "LineString", "coordinates": [ [ -47.999097, -3.722753 ], [ -47.999302, -3.722513 ], [ -47.999424, -3.722371 ], [ -47.999583, -3.722254 ], [ -47.999636, -3.722124 ] ] } },
{ "type": "Feature", "properties": { }, "geometry": { "type": "LineString", "coordinates": [ [ -47.887167, -3.709009 ], [ -47.887256, -3.709009 ] ] } },
{ "type": "Feature", "properties": { }, "geometry": { "type": "LineString", "coordinates": [ [ -47.887167, -3.709009 ], [ -47.886924, -3.708819 ], [ -47.886755, -3.708685 ], [ -47.886557, -3.708525 ], [ -47.886328, -3.70834 ], [ -47.886071, -3.70813 ], [ -47.885789, -3.7079 ], [ -47.885491, -3.707659 ], [ -47.885191, -3.707417 ], [ -47.884907, -3.707193 ], [ -47.884472, -3.706853 ] ] } },
{ "type": "Feature", "properties": { }, "geometry": { "type": "LineString", "coordinates": [ [ -47.845575, -3.688887 ], [ -47.845664, -3.688887 ] ] } },
{ "type": "Feature", "properties": { }, "geometry": { "type": "LineString", "coordinates": [ [ -47.845575, -3.688887 ], [ -47.845575, -3.688797 ] ] } },
{ "type": "Feature", "properties": { }, "geometry": { "type": "LineString", "coordinates": [ [ -47.947713, -3.723292 ], [ -47.94771, -3.722447 ], [ -47.94771, -3.721958 ], [ -47.947713, -3.721136 ] ] } },
{ "type": "Feature", "properties": { }, "geometry": { "type": "LineString", "coordinates": [ [ -47.92155, -3.737675 ], [ -47.921505, -3.737927 ] ] } },
{ "type": "Feature", "properties": { }, "geometry": { "type": "LineString", "coordinates": [ [ -47.9867, -3.679185 ], [ -47.98679, -3.679185 ] ] } },
{ "type": "Feature", "properties": { }, "geometry": { "type": "LineString", "coordinates": [ [ -47.975201, -3.707212 ], [ -47.975291, -3.707212 ] ] } },
{ "type": "Feature", "properties": { }, "geometry": { "type": "LineString", "coordinates": [ [ -47.880609, -3.713501 ], [ -47.88092, -3.713395 ], [ -47.881103, -3.713334 ], [ -47.881417, -3.713231 ] ] } },
{ "type": "Feature", "properties": { }, "geometry": { "type": "LineString", "coordinates": [ [ -47.872255, -3.707841 ], [ -47.872342, -3.70768 ], [ -47.872403, -3.707571 ], [ -47.872475, -3.707447 ], [ -47.872554, -3.707309 ], [ -47.872637, -3.707162 ], [ -47.872721, -3.707009 ], [ -47.872801, -3.706856 ], [ -47.872872, -3.706713 ], [ -47.872973, -3.706494 ] ] } },
{ "type": "Feature", "properties": { }, "geometry": { "type": "LineString", "coordinates": [ [ -47.884202, -3.721226 ], [ -47.884202, -3.721136 ] ] } },
{ "type": "Feature", "properties": { }, "geometry": { "type": "LineString", "coordinates": [ [ -47.984724, -3.689965 ], [ -47.984775, -3.689462 ], [ -47.984809, -3.689163 ], [ -47.984847, -3.688864 ], [ -47.984887, -3.688577 ], [ -47.984929, -3.688305 ], [ -47.984972, -3.688044 ], [ -47.985016, -3.687792 ], [ -47.985061, -3.687547 ], [ -47.985105, -3.687308 ], [ -47.98515, -3.687075 ], [ -47.985195, -3.68685 ], [ -47.98524, -3.686635 ], [ -47.985285, -3.686431 ], [ -47.98533, -3.686235 ], [ -47.985375, -3.686043 ], [ -47.985419, -3.68585 ], [ -47.985462, -3.685648 ], [ -47.985504, -3.685434 ], [ -47.985543, -3.685211 ], [ -47.985576, -3.684996 ], [ -47.985622, -3.684665 ] ] } },
{ "type": "Feature", "properties": { }, "geometry": { "type": "LineString", "coordinates": [ [ -47.9814, -3.678107 ], [ -47.981468, -3.677897 ], [ -47.981511, -3.677754 ], [ -47.981555, -3.677589 ], [ -47.981601, -3.677406 ], [ -47.981646, -3.677206 ], [ -47.981691, -3.676995 ], [ -47.981736, -3.676774 ], [ -47.981781, -3.676546 ], [ -47.981826, -3.676314 ], [ -47.981871, -3.676078 ], [ -47.981916, -3.67584 ], [ -47.981961, -3.675601 ], [ -47.982006, -3.675361 ], [ -47.982051, -3.675122 ], [ -47.982096, -3.674885 ], [ -47.982141, -3.674649 ], [ -47.982186, -3.674414 ], [ -47.982231, -3.674178 ], [ -47.982275, -3.673938 ], [ -47.982319, -3.673692 ], [ -47.982361, -3.673443 ], [ -47.9824, -3.673194 ], [ -47.982434, -3.672964 ], [ -47.982478, -3.672627 ] ] } },
{ "type": "Feature", "properties": { }, "geometry": { "type": "LineString", "coordinates": [ [ -47.9814, -3.678107 ], [ -47.981058, -3.678055 ], [ -47.980847, -3.678021 ], [ -47.980624, -3.677983 ], [ -47.980397, -3.677943 ], [ -47.980166, -3.6779 ], [ -47.97993, -3.677856 ], [ -47.97969, -3.67781 ], [ -47.979452, -3.677765 ], [ -47.979228, -3.677723 ], [ -47.978885, -3.677658 ] ] } },
{ "type": "Feature", "properties": { }, "geometry": { "type": "LineString", "coordinates": [ [ -47.980052, -3.685563 ], [ -47.980142, -3.685563 ] ] } },
{ "type": "Feature", "properties": { }, "geometry": { "type": "LineString", "coordinates": [ [ -47.980052, -3.685563 ], [ -47.980058, -3.685345 ], [ -47.980067, -3.6852 ], [ -47.980083, -3.685038 ], [ -47.980107, -3.684863 ], [ -47.980138, -3.684677 ], [ -47.980174, -3.684483 ], [ -47.980213, -3.684284 ], [ -47.980256, -3.684081 ], [ -47.9803, -3.683876 ], [ -47.980344, -3.683671 ], [ -47.980389, -3.683466 ], [ -47.980435, -3.683264 ], [ -47.980481, -3.683065 ], [ -47.980527, -3.682868 ], [ -47.980573, -3.682677 ], [ -47.98062, -3.682492 ], [ -47.980665, -3.682321 ], [ -47.980708, -3.682172 ], [ -47.980771, -3.68197 ] ] } },
{ "type": "Feature", "properties": { }, "geometry": { "type": "LineString", "coordinates": [ [ -47.980771, -3.713501 ], [ -47.980823, -3.713197 ], [ -47.980857, -3.713013 ], [ -47.980895, -3.712828 ], [ -47.980936, -3.712651 ], [ -47.980978, -3.712488 ], [ -47.981023, -3.712342 ], [ -47.981068, -3.712213 ], [ -47.981113, -3.712101 ], [ -47.981155, -3.712008 ], [ -47.98122, -3.711884 ] ] } },
{ "type": "Feature", "properties": { }, "geometry": { "type": "LineString", "coordinates": [ [ -47.988676, -3.725808 ], [ -47.988766, -3.725808 ] ] } },
{ "type": "Feature", "properties": { }, "geometry": { "type": "LineString", "coordinates": [ [ -47.988676, -3.725808 ], [ -47.988676, -3.725718 ] ] } },
{ "type": "Feature", "properties": { }, "geometry": { "type": "LineString", "coordinates": [ [ -47.923818, -3.689875 ], [ -47.923908, -3.689875 ] ] } },
{ "type": "Feature", "properties": { }, "geometry": { "type": "LineString", "coordinates": [ [ -47.923818, -3.689875 ], [ -47.923818, -3.689785 ] ] } },
{ "type": "Feature", "properties": { }, "geometry": { "type": "LineString", "coordinates": [ [ -47.927231, -3.674783 ], [ -47.927159, -3.674509 ], [ -47.927104, -3.674337 ], [ -47.927032, -3.674154 ], [ -47.926937, -3.673965 ], [ -47.926814, -3.673774 ], [ -47.926653, -3.673583 ], [ -47.926446, -3.673392 ], [ -47.92619, -3.673205 ], [ -47.925887, -3.673026 ], [ -47.92556, -3.672865 ], [ -47.924986, -3.672627 ] ] } },
{ "type": "Feature", "properties": { }, "geometry": { "type": "LineString", "coordinates": [ [ -47.859948, -3.695265 ], [ -47.860037, -3.695265 ] ] } },
{ "type": "Feature", "properties": { }, "geometry": { "type": "LineString", "coordinates": [ [ -47.859948, -3.695265 ], [ -47.859736, -3.694969 ], [ -47.859613, -3.694795 ], [ -47.859496, -3.694627 ], [ -47.859319, -3.694367 ] ] } },
{ "type": "Feature", "properties": { }, "geometry": { "type": "LineString", "coordinates": [ [ -47.931633, -3.699936 ], [ -47.931723, -3.699936 ] ] } },
{ "type": "Feature", "properties": { }, "geometry": { "type": "LineString", "coordinates": [ [ -47.936394, -3.700206 ], [ -47.936484, -3.700206 ] ] } },
{ "type": "Feature", "properties": { }, "geometry": { "type": "LineString", "coordinates": [ [ -47.835424, -3.686911 ], [ -47.835588, -3.686798 ], [ -47.835695, -3.686725 ], [ -47.835812, -3.686645 ], [ -47.835937, -3.686561 ], [ -47.836065, -3.686474 ], [ -47.836197, -3.686386 ], [ -47.83633, -3.686297 ], [ -47.836463, -3.686208 ], [ -47.836597, -3.686119 ], [ -47.83673, -3.686031 ], [ -47.836861, -3.685945 ], [ -47.83699, -3.685861 ], [ -47.837117, -3.685779 ], [ -47.837244, -3.685697 ], [ -47.837372, -3.685614 ], [ -47.837505, -3.685525 ], [ -47.837647, -3.685425 ], [ -47.837801, -3.685313 ], [ -47.837965, -3.685188 ], [ -47.838128, -3.685059 ], [ -47.838388, -3.684844 ] ] } },
{ "type": "Feature", "properties": { }, "geometry": { "type": "LineString", "coordinates": [ [ -47.988497, -3.702362 ], [ -47.988586, -3.702362 ] ] } },
{ "type": "Feature", "properties": { }, "geometry": { "type": "LineString", "coordinates": [ [ -47.988497, -3.702362 ], [ -47.988497, -3.702272 ] ] } },
{ "type": "Feature", "properties": { }, "geometry": { "type": "LineString", "coordinates": [ [ -47.964332, -3.71368 ], [ -47.964422, -3.71368 ] ] } },
{ "type": "Feature", "properties": { }, "geometry": { "type": "LineString", "coordinates": [ [ -47.884202, -3.712243 ], [ -47.884202, -3.709638 ] ] } },
{ "type": "Feature", "properties": { }, "geometry": { "type": "LineString", "coordinates": [ [ -47.91196, -3.703978 ], [ -47.91205, -3.703889 ], [ -47.91205, -3.70344 ] ] } },
{ "type": "Feature", "properties": { }, "geometry": { "type": "LineString", "coordinates": [ [ -47.98661, -3.710985 ], [ -47.986492, -3.710876 ], [ -47.986406, -3.71081 ], [ -47.986301, -3.710743 ], [ -47.986181, -3.710678 ], [ -47.986048, -3.710614 ], [ -47.985911, -3.710549 ], [ -47.985777, -3.710479 ], [ -47.985653, -3.710403 ], [ -47.985545, -3.710318 ], [ -47.985454, -3.710228 ], [ -47.98538, -3.710134 ], [ -47.985326, -3.710045 ], [ -47.985263, -3.709907 ] ] } },
{ "type": "Feature", "properties": { }, "geometry": { "type": "LineString", "coordinates": [ [ -47.985442, -3.716285 ], [ -47.985442, -3.716196 ] ] } },
{ "type": "Feature", "properties": { }, "geometry": { "type": "LineString", "coordinates": [ [ -47.887167, -3.720957 ], [ -47.88717, -3.720393 ], [ -47.88717, -3.720067 ], [ -47.887167, -3.719519 ] ] } },
{ "type": "Feature", "properties": { }, "geometry": { "type": "LineString", "coordinates": [ [ -47.90648, -3.698768 ], [ -47.90657, -3.698768 ] ] } },
{ "type": "Feature", "properties": { }, "geometry": { "type": "LineString", "coordinates": [ [ -47.868122, -3.703709 ], [ -47.868212, -3.703709 ] ] } },
{ "type": "Feature", "properties": { }, "geometry": { "type": "LineString", "coordinates": [ [ -47.976639, -3.706673 ], [ -47.976729, -3.706673 ] ] } },
{ "type": "Feature", "properties": { }, "geometry": { "type": "LineString", "coordinates": [ [ -47.915464, -3.695265 ], [ -47.915464, -3.695175 ] ] } },
{ "type": "Feature", "properties": { }, "geometry": { "type": "LineString", "coordinates": [ [ -47.854737, -3.680083 ], [ -47.854827, -3.679993 ] ] } },
{ "type": "Feature", "properties": { }, "geometry": { "type": "LineString", "coordinates": [ [ -47.854737, -3.680083 ], [ -47.854648, -3.679993 ], [ -47.854737, -3.679904 ] ] } },
{ "type": "Feature", "properties": { }, "geometry": { "type": "LineString", "coordinates": [ [ -47.906211, -3.690234 ], [ -47.906792, -3.690182 ], [ -47.90713, -3.690147 ], [ -47.907456, -3.690109 ], [ -47.907751, -3.690068 ], [ -47.908008, -3.690025 ], [ -47.908227, -3.689982 ], [ -47.908404, -3.68994 ], [ -47.908636, -3.689875 ] ] } },
{ "type": "Feature", "properties": { }, "geometry": { "type": "LineString", "coordinates": [ [ -47.983735, -3.707123 ], [ -47.983735, -3.707033 ] ] } },
{ "type": "Feature", "properties": { }, "geometry": { "type": "LineString", "coordinates": [ [ -47.947533, -3.729131 ], [ -47.947623, -3.729041 ], [ -47.947533, -3.728952 ] ] } },
{ "type": "Feature", "properties": { }, "geometry": { "type": "LineString", "coordinates": [ [ -47.947533, -3.729131 ], [ -47.947444, -3.729041 ], [ -47.947533, -3.728952 ] ] } },
{ "type": "Feature", "properties": { }, "geometry": { "type": "LineString", "coordinates": [ [ -47.93882, -3.699307 ], [ -47.938436, -3.699183 ], [ -47.938216, -3.699122 ], [ -47.938008, -3.699076 ], [ -47.937825, -3.699047 ], [ -47.937675, -3.699035 ], [ -47.937472, -3.699038 ] ] } },
{ "type": "Feature", "properties": { }, "geometry": { "type": "LineString", "coordinates": [ [ -47.866326, -3.702811 ], [ -47.866472, -3.702718 ], [ -47.866559, -3.702665 ], [ -47.866643, -3.702615 ], [ -47.866775, -3.702541 ] ] } },
{ "type": "Feature", "properties": { }, "geometry": { "type": "LineString", "coordinates": [ [ -47.941245, -3.682599 ], [ -47.941026, -3.682545 ], [ -47.940888, -3.682511 ], [ -47.940743, -3.682472 ], [ -47.940599, -3.682432 ], [ -47.940465, -3.682393 ], [ -47.940257, -3.682329 ] ] } },
{ "type": "Feature", "properties": { }, "geometry": { "type": "LineString", "coordinates": [ [ -47.906391, -3.671998 ], [ -47.90648, -3.671998 ] ] } },
{ "type": "Feature", "properties": { }, "geometry": { "type": "LineString", "coordinates": [ [ -47.906391, -3.671998 ], [ -47.906391, -3.671909 ] ] } },
{ "type": "Feature", "properties": { }, "geometry": { "type": "LineString", "coordinates": [ [ -47.913128, -3.674065 ], [ -47.913218, -3.674065 ] ] } },
{ "type": "Feature", "properties": { }, "geometry": { "type": "LineString", "coordinates": [ [ -47.913128, -3.674065 ], [ -47.912735, -3.673723 ], [ -47.912499, -3.67352 ], [ -47.912264, -3.67332 ], [ -47.912041, -3.673133 ], [ -47.911837, -3.672962 ], [ -47.911653, -3.672807 ], [ -47.911489, -3.672666 ], [ -47.911345, -3.672539 ], [ -47.911225, -3.672427 ], [ -47.911062, -3.672268 ] ] } },
{ "type": "Feature", "properties": { }, "geometry": { "type": "LineString", "coordinates": [ [ -47.920225, -3.680712 ], [ -47.920314, -3.680712 ] ] } },
{ "type": "Feature", "properties": { }, "geometry": { "type": "LineString", "coordinates": [ [ -47.920225, -3.680712 ], [ -47.919921, -3.680586 ], [ -47.919733, -3.680515 ], [ -47.919545, -3.680449 ], [ -47.919236, -3.680353 ] ] } },
{ "type": "Feature", "properties": { }, "geometry": { "type": "LineString", "coordinates": [ [ -47.902797, -3.708829 ], [ -47.902854, -3.708544 ], [ -47.902879, -3.708361 ], [ -47.902895, -3.708166 ], [ -47.902898, -3.707973 ], [ -47.902887, -3.707662 ] ] } },
{ "type": "Feature", "properties": { }, "geometry": { "type": "LineString", "coordinates": [ [ -47.902797, -3.708829 ], [ -47.902622, -3.708729 ], [ -47.902509, -3.708662 ], [ -47.902389, -3.708587 ], [ -47.902271, -3.70851 ], [ -47.902079, -3.70838 ] ] } },
{ "type": "Feature", "properties": { }, "geometry": { "type": "LineString", "coordinates": [ [ -47.985712, -3.684575 ], [ -47.985764, -3.684321 ], [ -47.985798, -3.684153 ], [ -47.985835, -3.683965 ], [ -47.985875, -3.683762 ], [ -47.985917, -3.683548 ], [ -47.98596, -3.683326 ], [ -47.986004, -3.683099 ], [ -47.986049, -3.682869 ], [ -47.986093, -3.682638 ], [ -47.986138, -3.682406 ], [ -47.986184, -3.682172 ], [ -47.98623, -3.681934 ], [ -47.986276, -3.681694 ], [ -47.986325, -3.681449 ], [ -47.986376, -3.681203 ], [ -47.98643, -3.680957 ], [ -47.986488, -3.680715 ], [ -47.986548, -3.680485 ], [ -47.986607, -3.680281 ], [ -47.9867, -3.679993 ] ] } },
{ "type": "Feature", "properties": { }, "geometry": { "type": "LineString", "coordinates": [ [ -47.988676, -3.725718 ], [ -47.988629, -3.725051 ], [ -47.9886, -3.724678 ], [ -47.98857, -3.724333 ], [ -47.988541, -3.724044 ], [ -47.988497, -3.723652 ] ] } },
{ "type": "Feature", "properties": { }, "geometry": { "type": "LineString", "coordinates": [ [ -47.881687, -3.717902 ], [ -47.884202, -3.717902 ] ] } },
{ "type": "Feature", "properties": { }, "geometry": { "type": "LineString", "coordinates": [ [ -47.868212, -3.698589 ], [ -47.868302, -3.698589 ] ] } },
{ "type": "Feature", "properties": { }, "geometry": { "type": "LineString", "coordinates": [ [ -47.987059, -3.674154 ], [ -47.987239, -3.674154 ], [ -47.987329, -3.674065 ] ] } },
{ "type": "Feature", "properties": { }, "geometry": { "type": "LineString", "coordinates": [ [ -47.990742, -3.713141 ], [ -47.990832, -3.713141 ] ] } },
{ "type": "Feature", "properties": { }, "geometry": { "type": "LineString", "coordinates": [ [ -47.990742, -3.713141 ], [ -47.99041, -3.713097 ], [ -47.990205, -3.713058 ], [ -47.989994, -3.713004 ], [ -47.989784, -3.712934 ], [ -47.98958, -3.712851 ], [ -47.989384, -3.71276 ], [ -47.989197, -3.712667 ], [ -47.989021, -3.712575 ], [ -47.988858, -3.712488 ], [ -47.988709, -3.712409 ], [ -47.988582, -3.71234 ], [ -47.988407, -3.712243 ] ] } },
{ "type": "Feature", "properties": { }, "geometry": { "type": "LineString", "coordinates": [ [ -47.987329, -3.715118 ], [ -47.987329, -3.715028 ] ] } },
{ "type": "Feature", "properties": { }, "geometry": { "type": "LineString", "coordinates": [ [ -47.875488, -3.710446 ], [ -47.877105, -3.708829 ], [ -47.877105, -3.70874 ] ] } },
{ "type": "Feature", "properties": { }, "geometry": { "type": "LineString", "coordinates": [ [ -47.874231, -3.708829 ], [ -47.874231, -3.70874 ] ] } },
{ "type": "Feature", "properties": { }, "geometry": { "type": "LineString", "coordinates": [ [ -47.832729, -3.687449 ], [ -47.832702, -3.687052 ], [ -47.832697, -3.68681 ], [ -47.832707, -3.686564 ], [ -47.832737, -3.686328 ], [ -47.83279, -3.68611 ], [ -47.832859, -3.685921 ], [ -47.832998, -3.685653 ] ] } },
{ "type": "Feature", "properties": { }, "geometry": { "type": "LineString", "coordinates": [ [ -47.832729, -3.687449 ], [ -47.832436, -3.68743 ], [ -47.83225, -3.687404 ], [ -47.83205, -3.687359 ], [ -47.83184, -3.687292 ], [ -47.831623, -3.687198 ], [ -47.831398, -3.687077 ], [ -47.831166, -3.686929 ], [ -47.830929, -3.686761 ], [ -47.830691, -3.686578 ], [ -47.830468, -3.686397 ], [ -47.830124, -3.686102 ] ] } },
{ "type": "Feature", "properties": { }, "geometry": { "type": "LineString", "coordinates": [ [ -47.941784, -3.686911 ], [ -47.941689, -3.686275 ], [ -47.941624, -3.685907 ], [ -47.94155, -3.685556 ], [ -47.941468, -3.685245 ], [ -47.941379, -3.684985 ], [ -47.941285, -3.684774 ], [ -47.941188, -3.684609 ], [ -47.94109, -3.68448 ], [ -47.940993, -3.684378 ], [ -47.940899, -3.684297 ], [ -47.940811, -3.684231 ], [ -47.940732, -3.68418 ], [ -47.940616, -3.684126 ] ] } },
{ "type": "Feature", "properties": { }, "geometry": { "type": "LineString", "coordinates": [ [ -47.953911, -3.716914 ], [ -47.953865, -3.716544 ], [ -47.953836, -3.716327 ], [ -47.953805, -3.716117 ], [ -47.953777, -3.71593 ], [ -47.953732, -3.715657 ] ] } },
{ "type": "Feature", "properties": { }, "geometry": { "type": "LineString", "coordinates": [ [ -47.964422, -3.71386 ], [ -47.964512, -3.71386 ] ] } },
{ "type": "Feature", "properties": { }, "geometry": { "type": "LineString", "coordinates": [ [ -47.964422, -3.71386 ], [ -47.964332, -3.71377 ] ] } },
{ "type": "Feature", "properties": { }, "geometry": { "type": "LineString", "coordinates": [ [ -47.940437, -3.678556 ], [ -47.940437, -3.678466 ] ] } },
{ "type": "Feature", "properties": { }, "geometry": { "type": "LineString", "coordinates": [ [ -47.984724, -3.712423 ], [ -47.984907, -3.712291 ], [ -47.98503, -3.712202 ], [ -47.98517, -3.712099 ], [ -47.985325, -3.711985 ], [ -47.98549, -3.711861 ], [ -47.985664, -3.711729 ], [ -47.985843, -3.711591 ], [ -47.986024, -3.711451 ], [ -47.9862, -3.711313 ], [ -47.986363, -3.711183 ], [ -47.98661, -3.710985 ] ] } },
{ "type": "Feature", "properties": { }, "geometry": { "type": "LineString", "coordinates": [ [ -47.903875, -3.707931 ], [ -47.903822, -3.707593 ], [ -47.903788, -3.707398 ], [ -47.903753, -3.707216 ], [ -47.903696, -3.706943 ] ] } },
{ "type": "Feature", "properties": { }, "geometry": { "type": "LineString", "coordinates": [ [ -47.908097, -3.696882 ], [ -47.908357, -3.696594 ], [ -47.908521, -3.696421 ], [ -47.908696, -3.696248 ], [ -47.90887, -3.696088 ], [ -47.909039, -3.695947 ], [ -47.909196, -3.695829 ], [ -47.909335, -3.695737 ], [ -47.909535, -3.695624 ] ] } },
{ "type": "Feature", "properties": { }, "geometry": { "type": "LineString", "coordinates": [ [ -47.988407, -3.71907 ], [ -47.988407, -3.71898 ] ] } },
{ "type": "Feature", "properties": { }, "geometry": { "type": "LineString", "coordinates": [ [ -47.833537, -3.685653 ], [ -47.833627, -3.685653 ] ] } },
{ "type": "Feature", "properties": { }, "geometry": { "type": "LineString", "coordinates": [ [ -47.833537, -3.685653 ], [ -47.833447, -3.685563 ] ] } },
{ "type": "Feature", "properties": { }, "geometry": { "type": "LineString", "coordinates": [ [ -47.98131, -3.715297 ], [ -47.9814, -3.715297 ] ] } },
{ "type": "Feature", "properties": { }, "geometry": { "type": "LineString", "coordinates": [ [ -47.982927, -3.705146 ], [ -47.98282, -3.704831 ], [ -47.982753, -3.70463 ], [ -47.982682, -3.704416 ], [ -47.98261, -3.704199 ], [ -47.982536, -3.703989 ], [ -47.982461, -3.703792 ], [ -47.982386, -3.703616 ], [ -47.982316, -3.703466 ], [ -47.982208, -3.70326 ] ] } },
{ "type": "Feature", "properties": { }, "geometry": { "type": "LineString", "coordinates": [ [ -47.875938, -3.703799 ], [ -47.876027, -3.703799 ] ] } },
{ "type": "Feature", "properties": { }, "geometry": { "type": "LineString", "coordinates": [ [ -47.875938, -3.703799 ], [ -47.875938, -3.703709 ] ] } },
{ "type": "Feature", "properties": { }, "geometry": { "type": "LineString", "coordinates": [ [ -47.880429, -3.724101 ], [ -47.880429, -3.724011 ] ] } },
{ "type": "Feature", "properties": { }, "geometry": { "type": "LineString", "coordinates": [ [ -47.995503, -3.720058 ], [ -47.995383, -3.7198 ], [ -47.995298, -3.719636 ], [ -47.9952, -3.719462 ], [ -47.995088, -3.719289 ], [ -47.994966, -3.719123 ], [ -47.994837, -3.718971 ], [ -47.994704, -3.718836 ], [ -47.994572, -3.71872 ], [ -47.994445, -3.718621 ], [ -47.994329, -3.718542 ], [ -47.994156, -3.718441 ] ] } },
{ "type": "Feature", "properties": { }, "geometry": { "type": "LineString", "coordinates": [ [ -47.88546, -3.733084 ], [ -47.88555, -3.733084 ] ] } },
{ "type": "Feature", "properties": { }, "geometry": { "type": "LineString", "coordinates": [ [ -47.830483, -3.685563 ], [ -47.83073, -3.685459 ], [ -47.83089, -3.685387 ], [ -47.831064, -3.6853 ], [ -47.831248, -3.68521 ], [ -47.831432, -3.685111 ], [ -47.831581, -3.685001 ], [ -47.831782, -3.684912 ], [ -47.83194, -3.684818 ], [ -47.832085, -3.684731 ], [ -47.832219, -3.68465 ], [ -47.832344, -3.684574 ], [ -47.832466, -3.684484 ], [ -47.832575, -3.684436 ], [ -47.832686, -3.684371 ], [ -47.832794, -3.684307 ], [ -47.832903, -3.684244 ], [ -47.833012, -3.68418 ], [ -47.833123, -3.684114 ], [ -47.833239, -3.684043 ], [ -47.833359, -3.683967 ], [ -47.833484, -3.683884 ], [ -47.83361, -3.683798 ], [ -47.833727, -3.683715 ], [ -47.834017, -3.683555 ] ] } },
{ "type": "Feature", "properties": { }, "geometry": { "type": "LineString", "coordinates": [ [ -47.830483, -3.685563 ], [ -47.830458, -3.684993 ], [ -47.830442, -3.684624 ], [ -47.830423, -3.684223 ], [ -47.830401, -3.683809 ], [ -47.830375, -3.683392 ], [ -47.830344, -3.682983 ], [ -47.830309, -3.682589 ], [ -47.830272, -3.682212 ], [ -47.830235, -3.681854 ], [ -47.830205, -3.681513 ], [ -47.830189, -3.681187 ], [ -47.830202, -3.680878 ], [ -47.830259, -3.68059 ], [ -47.830379, -3.680326 ], [ -47.83058, -3.680093 ], [ -47.830874, -3.679897 ], [ -47.831265, -3.67974 ], [ -47.83174, -3.679624 ], [ -47.832273, -3.67955 ], [ -47.832816, -3.679518 ], [ -47.833717, -3.679544 ] ] } },
{ "type": "Feature", "properties": { }, "geometry": { "type": "LineString", "coordinates": [ [ -47.896779, -3.680622 ], [ -47.896779, -3.680532 ] ] } },
{ "type": "Feature", "properties": { }, "geometry": { "type": "LineString", "coordinates": [ [ -47.98679, -3.71925 ], [ -47.986686, -3.718922 ], [ -47.98662, -3.718715 ], [ -47.986548, -3.718499 ], [ -47.98647, -3.718287 ], [ -47.986383, -3.718093 ], [ -47.986284, -3.717925 ], [ -47.98617, -3.71779 ], [ -47.986041, -3.717691 ], [ -47.9859, -3.717626 ], [ -47.985752, -3.717591 ], [ -47.985605, -3.71758 ], [ -47.985468, -3.717589 ], [ -47.985263, -3.717633 ] ] } },
{ "type": "Feature", "properties": { }, "geometry": { "type": "LineString", "coordinates": [ [ -47.922314, -3.732755 ], [ -47.922269, -3.732969 ] ] } },
{ "type": "Feature", "properties": { }, "geometry": { "type": "LineString", "coordinates": [ [ -47.983466, -3.689516 ], [ -47.984005, -3.688977 ] ] } },
{ "type": "Feature", "properties": { }, "geometry": { "type": "LineString", "coordinates": [ [ -47.886897, -3.723741 ], [ -47.886897, -3.723652 ] ] } },
{ "type": "Feature", "properties": { }, "geometry": { "type": "LineString", "coordinates": [ [ -47.990114, -3.707751 ], [ -47.990274, -3.707653 ], [ -47.990374, -3.707586 ], [ -47.990476, -3.707511 ], [ -47.990576, -3.707428 ], [ -47.99067, -3.70734 ], [ -47.990754, -3.70725 ], [ -47.990825, -3.707165 ], [ -47.990922, -3.707033 ] ] } },
{ "type": "Feature", "properties": { }, "geometry": { "type": "LineString", "coordinates": [ [ -47.861565, -3.69239 ], [ -47.861565, -3.6923 ] ] } },
{ "type": "Feature", "properties": { }, "geometry": { "type": "LineString", "coordinates": [ [ -47.881328, -3.723831 ], [ -47.881597, -3.723831 ] ] } },
{ "type": "Feature", "properties": { }, "geometry": { "type": "LineString", "coordinates": [ [ -47.996402, -3.722214 ], [ -47.996362, -3.721911 ], [ -47.996342, -3.721714 ], [ -47.996327, -3.721504 ], [ -47.996317, -3.721295 ], [ -47.996312, -3.720957 ] ] } },
{ "type": "Feature", "properties": { }, "geometry": { "type": "LineString", "coordinates": [ [ -47.977896, -3.707841 ], [ -47.978132, -3.707657 ], [ -47.978282, -3.707542 ], [ -47.978442, -3.70742 ], [ -47.978608, -3.707294 ], [ -47.97878, -3.707165 ], [ -47.978955, -3.707035 ], [ -47.979132, -3.706905 ], [ -47.97931, -3.706777 ], [ -47.979487, -3.706652 ], [ -47.97966, -3.706533 ], [ -47.979829, -3.706419 ], [ -47.979993, -3.706311 ], [ -47.980152, -3.706205 ], [ -47.980306, -3.706102 ], [ -47.980452, -3.706002 ], [ -47.980584, -3.70591 ], [ -47.980771, -3.705775 ] ] } },
{ "type": "Feature", "properties": { }, "geometry": { "type": "LineString", "coordinates": [ [ -47.952654, -3.721046 ], [ -47.952792, -3.720838 ], [ -47.952873, -3.720716 ], [ -47.953013, -3.720507 ] ] } },
{ "type": "Feature", "properties": { }, "geometry": { "type": "LineString", "coordinates": [ [ -47.981759, -3.728143 ], [ -47.982402, -3.728108 ], [ -47.982768, -3.728088 ], [ -47.983376, -3.728053 ] ] } },
{ "type": "Feature", "properties": { }, "geometry": { "type": "LineString", "coordinates": [ [ -47.88555, -3.731736 ], [ -47.88541, -3.731683 ], [ -47.885324, -3.731649 ], [ -47.885236, -3.73168 ], [ -47.8851, -3.731557 ] ] } },
{ "type": "Feature", "properties": { }, "geometry": { "type": "LineString", "coordinates": [ [ -47.88555, -3.731736 ], [ -47.885833, -3.731632 ], [ -47.886017, -3.731565 ], [ -47.886221, -3.731491 ], [ -47.886439, -3.731406 ], [ -47.886768, -3.731366 ], [ -47.886903, -3.731193 ], [ -47.887144, -3.731056 ], [ -47.887389, -3.7309 ], [ -47.887552, -3.73092 ], [ -47.887634, -3.730731 ], [ -47.887771, -3.730554 ], [ -47.888109, -3.730386 ], [ -47.888332, -3.73023 ], [ -47.888394, -3.730028 ], [ -47.888537, -3.730096 ], [ -47.888716, -3.729987 ], [ -47.888782, -3.729954 ] ] } },
{ "type": "Feature", "properties": { }, "geometry": { "type": "LineString", "coordinates": [ [ -47.887978, -3.734521 ], [ -47.888245, -3.734521 ] ] } },
{ "type": "Feature", "properties": { }, "geometry": { "type": "LineString", "coordinates": [ [ -47.956337, -3.719879 ], [ -47.95634, -3.719632 ], [ -47.95634, -3.71949 ], [ -47.956337, -3.71925 ] ] } },
{ "type": "Feature", "properties": { }, "geometry": { "type": "LineString", "coordinates": [ [ -47.956337, -3.719879 ], [ -47.956161, -3.719843 ], [ -47.956059, -3.719823 ], [ -47.955888, -3.719789 ] ] } },
{ "type": "Feature", "properties": { }, "geometry": { "type": "LineString", "coordinates": [ [ -47.843419, -3.687988 ], [ -47.843582, -3.687797 ], [ -47.843691, -3.687678 ], [ -47.843814, -3.687554 ], [ -47.843947, -3.687431 ], [ -47.844087, -3.687313 ], [ -47.844231, -3.687199 ], [ -47.844377, -3.687089 ], [ -47.844524, -3.686982 ], [ -47.84467, -3.686873 ], [ -47.844817, -3.68676 ], [ -47.844964, -3.686644 ], [ -47.845112, -3.686525 ], [ -47.845258, -3.686407 ], [ -47.845402, -3.686293 ], [ -47.84554, -3.686188 ], [ -47.845668, -3.686095 ], [ -47.84578, -3.686019 ], [ -47.845934, -3.685922 ] ] } },
{ "type": "Feature", "properties": { }, "geometry": { "type": "LineString", "coordinates": [ [ -47.843419, -3.687988 ], [ -47.843101, -3.687992 ], [ -47.842918, -3.687992 ], [ -47.84261, -3.687988 ] ] } },
{ "type": "Feature", "properties": { }, "geometry": { "type": "LineString", "coordinates": [ [ -47.8851, -3.731557 ], [ -47.8851, -3.731467 ] ] } },
{ "type": "Feature", "properties": { }, "geometry": { "type": "LineString", "coordinates": [ [ -47.964422, -3.71368 ], [ -47.964614, -3.713442 ], [ -47.964732, -3.713298 ], [ -47.964853, -3.713152 ], [ -47.96497, -3.713013 ], [ -47.96508, -3.712883 ], [ -47.965178, -3.712769 ], [ -47.96532, -3.712602 ] ] } },
{ "type": "Feature", "properties": { }, "geometry": { "type": "LineString", "coordinates": [ [ -47.910792, -3.689336 ], [ -47.910889, -3.689209 ], [ -47.910955, -3.689131 ], [ -47.911032, -3.689051 ], [ -47.911119, -3.688969 ], [ -47.911218, -3.688887 ], [ -47.91133, -3.688801 ], [ -47.911455, -3.688707 ], [ -47.911596, -3.688603 ], [ -47.911754, -3.688484 ], [ -47.91193, -3.688347 ], [ -47.912125, -3.688187 ], [ -47.912337, -3.688004 ], [ -47.912564, -3.687799 ], [ -47.912798, -3.687575 ], [ -47.913034, -3.68734 ], [ -47.913264, -3.687101 ], [ -47.913479, -3.686866 ], [ -47.913678, -3.686644 ], [ -47.913858, -3.686437 ], [ -47.914021, -3.686249 ], [ -47.914169, -3.686079 ], [ -47.914303, -3.68593 ], [ -47.914416, -3.685808 ], [ -47.914565, -3.685653 ] ] } },
{ "type": "Feature", "properties": { }, "geometry": { "type": "LineString", "coordinates": [ [ -47.882642, -3.731658 ], [ -47.882884, -3.731556 ], [ -47.883265, -3.731453 ], [ -47.883651, -3.731544 ], [ -47.883837, -3.731439 ], [ -47.88413, -3.731468 ], [ -47.884417, -3.731547 ], [ -47.884591, -3.731607 ], [ -47.884965, -3.731687 ], [ -47.885011, -3.731557 ] ] } },
{ "type": "Feature", "properties": { }, "geometry": { "type": "LineString", "coordinates": [ [ -47.882642, -3.731658 ], [ -47.882656, -3.731339 ], [ -47.882662, -3.731198 ], [ -47.882692, -3.731047 ], [ -47.882755, -3.730895 ], [ -47.882856, -3.73075 ], [ -47.882999, -3.730619 ], [ -47.883181, -3.730508 ], [ -47.883398, -3.730419 ], [ -47.883642, -3.730349 ], [ -47.883903, -3.730297 ], [ -47.88417, -3.730259 ], [ -47.884427, -3.730233 ], [ -47.884831, -3.730209 ] ] } },
{ "type": "Feature", "properties": { }, "geometry": { "type": "LineString", "coordinates": [ [ -47.879621, -3.70308 ], [ -47.879711, -3.70299 ] ] } },
{ "type": "Feature", "properties": { }, "geometry": { "type": "LineString", "coordinates": [ [ -47.879621, -3.70308 ], [ -47.879019, -3.703147 ], [ -47.878672, -3.703187 ], [ -47.878342, -3.703227 ], [ -47.878051, -3.703264 ], [ -47.877807, -3.703295 ], [ -47.87761, -3.70332 ], [ -47.877453, -3.703337 ], [ -47.877336, -3.703346 ], [ -47.877195, -3.70335 ] ] } },
{ "type": "Feature", "properties": { }, "geometry": { "type": "LineString", "coordinates": [ [ -47.86417, -3.689246 ], [ -47.864036, -3.689042 ], [ -47.863926, -3.688898 ], [ -47.863776, -3.688725 ], [ -47.863582, -3.688521 ], [ -47.863342, -3.688285 ], [ -47.862979, -3.687953 ], [ -47.862746, -3.687736 ], [ -47.862416, -3.687445 ], [ -47.862086, -3.687163 ], [ -47.861773, -3.686903 ], [ -47.861611, -3.686714 ], [ -47.861254, -3.686502 ], [ -47.860936, -3.686282 ] ] } },
{ "type": "Feature", "properties": { }, "geometry": { "type": "LineString", "coordinates": [ [ -47.834017, -3.683555 ], [ -47.834145, -3.683438 ], [ -47.834244, -3.683398 ], [ -47.834349, -3.683352 ], [ -47.834456, -3.683301 ], [ -47.834565, -3.683245 ], [ -47.83462, -3.683205 ], [ -47.834787, -3.683124 ], [ -47.8349, -3.683061 ], [ -47.835017, -3.682999 ], [ -47.835138, -3.682938 ], [ -47.835318, -3.682827 ], [ -47.835397, -3.682828 ], [ -47.835508, -3.682742 ], [ -47.835665, -3.682741 ], [ -47.835833, -3.682675 ] ] } },
{ "type": "Feature", "properties": { }, "geometry": { "type": "LineString", "coordinates": [ [ -47.834017, -3.683555 ], [ -47.833837, -3.68223 ], [ -47.833802, -3.68148 ], [ -47.833768, -3.680757 ], [ -47.833717, -3.679634 ] ] } },
{ "type": "Feature", "properties": { }, "geometry": { "type": "LineString", "coordinates": [ [ -47.834017, -3.683555 ], [ -47.833896, -3.683497 ] ] } },
{ "type": "Feature", "properties": { }, "geometry": { "type": "LineString", "coordinates": [ [ -47.98652, -3.704428 ], [ -47.98727, -3.703643 ], [ -47.987718, -3.703175 ], [ -47.988497, -3.702362 ] ] } },
{ "type": "Feature", "properties": { }, "geometry": { "type": "LineString", "coordinates": [ [ -47.948432, -3.723741 ], [ -47.948432, -3.723652 ] ] } },
{ "type": "Feature", "properties": { }, "geometry": { "type": "LineString", "coordinates": [ [ -47.995683, -3.723202 ], [ -47.995773, -3.723202 ] ] } },
{ "type": "Feature", "properties": { }, "geometry": { "type": "LineString", "coordinates": [ [ -47.931723, -3.699936 ], [ -47.931723, -3.699846 ] ] } },
{ "type": "Feature", "properties": { }, "geometry": { "type": "LineString", "coordinates": [ [ -47.990024, -3.717004 ], [ -47.990309, -3.716653 ], [ -47.99047, -3.71645 ], [ -47.99062, -3.716255 ], [ -47.990747, -3.716083 ], [ -47.990922, -3.715836 ] ] } },
{ "type": "Feature", "properties": { }, "geometry": { "type": "LineString", "coordinates": [ [ -47.965826, -3.736932 ], [ -47.965799, -3.73685 ], [ -47.965831, -3.736668 ], [ -47.965821, -3.736485 ], [ -47.965853, -3.736229 ], [ -47.965892, -3.735877 ], [ -47.965912, -3.73564 ], [ -47.965901, -3.735597 ], [ -47.965974, -3.735399 ], [ -47.966018, -3.735215 ], [ -47.966062, -3.735062 ], [ -47.966116, -3.734967 ], [ -47.966151, -3.734816 ], [ -47.966196, -3.734712 ], [ -47.966241, -3.734615 ], [ -47.966286, -3.734522 ], [ -47.966331, -3.734431 ], [ -47.966376, -3.734341 ], [ -47.96642, -3.734251 ], [ -47.966465, -3.73416 ], [ -47.966566, -3.734111 ], [ -47.966555, -3.733975 ], [ -47.9666, -3.733879 ], [ -47.966645, -3.733781 ], [ -47.96669, -3.733679 ], [ -47.966808, -3.733608 ], [ -47.96678, -3.733462 ], [ -47.966825, -3.733346 ], [ -47.96687, -3.733225 ], [ -47.966915, -3.733099 ], [ -47.966959, -3.732967 ], [ -47.967004, -3.732831 ], [ -47.96707, -3.732701 ], [ -47.967095, -3.732552 ], [ -47.96714, -3.73241 ], [ -47.967185, -3.732266 ], [ -47.967188, -3.732166 ], [ -47.967274, -3.731994 ], [ -47.967319, -3.7318 ], [ -47.967424, -3.731593 ], [ -47.967403, -3.731442 ], [ -47.967436, -3.73127 ], [ -47.967476, -3.731018 ] ] } },
{ "type": "Feature", "properties": { }, "geometry": { "type": "LineString", "coordinates": [ [ -47.922089, -3.733846 ], [ -47.922044, -3.734104 ] ] } },
{ "type": "Feature", "properties": { }, "geometry": { "type": "LineString", "coordinates": [ [ -47.991616, -3.729956 ], [ -47.991613, -3.729947 ], [ -47.991538, -3.729787 ], [ -47.991443, -3.729614 ], [ -47.991334, -3.729433 ], [ -47.991216, -3.729252 ], [ -47.9911, -3.729078 ], [ -47.990992, -3.728917 ], [ -47.990895, -3.728771 ], [ -47.990812, -3.728641 ], [ -47.990739, -3.728523 ], [ -47.990675, -3.728413 ], [ -47.990615, -3.728308 ], [ -47.990557, -3.728206 ], [ -47.9905, -3.728103 ], [ -47.990444, -3.727999 ], [ -47.990389, -3.727893 ], [ -47.990336, -3.727782 ], [ -47.990286, -3.727663 ], [ -47.99024, -3.727533 ], [ -47.990199, -3.727386 ], [ -47.990164, -3.72722 ], [ -47.990136, -3.727036 ], [ -47.990117, -3.726839 ], [ -47.990108, -3.726646 ], [ -47.990114, -3.726347 ] ] } },
{ "type": "Feature", "properties": { }, "geometry": { "type": "LineString", "coordinates": [ [ -47.941694, -3.688348 ], [ -47.941694, -3.688258 ] ] } },
{ "type": "Feature", "properties": { }, "geometry": { "type": "LineString", "coordinates": [ [ -47.919236, -3.680353 ], [ -47.919086, -3.680196 ], [ -47.918982, -3.68009 ], [ -47.91886, -3.679969 ], [ -47.918724, -3.679834 ], [ -47.918575, -3.679686 ], [ -47.91842, -3.679528 ], [ -47.918263, -3.679362 ], [ -47.918111, -3.679192 ], [ -47.917969, -3.679023 ], [ -47.917838, -3.678857 ], [ -47.917721, -3.678697 ], [ -47.917614, -3.678543 ], [ -47.917517, -3.678395 ], [ -47.917427, -3.678253 ], [ -47.917344, -3.678121 ], [ -47.917271, -3.678003 ], [ -47.91717, -3.677838 ] ] } },
{ "type": "Feature", "properties": { }, "geometry": { "type": "LineString", "coordinates": [ [ -47.880699, -3.72446 ], [ -47.880823, -3.724365 ], [ -47.880901, -3.724301 ], [ -47.880983, -3.724227 ], [ -47.881065, -3.724146 ], [ -47.881145, -3.724059 ], [ -47.881218, -3.723972 ], [ -47.881328, -3.723831 ] ] } },
{ "type": "Feature", "properties": { }, "geometry": { "type": "LineString", "coordinates": [ [ -47.880699, -3.72446 ], [ -47.880429, -3.724191 ], [ -47.880429, -3.724101 ] ] } },
{ "type": "Feature", "properties": { }, "geometry": { "type": "LineString", "coordinates": [ [ -47.888334, -3.734521 ], [ -47.888314, -3.734307 ], [ -47.888296, -3.73417 ], [ -47.888268, -3.734021 ], [ -47.888229, -3.733869 ], [ -47.888173, -3.733719 ], [ -47.888095, -3.733577 ], [ -47.887986, -3.733448 ], [ -47.887838, -3.733333 ], [ -47.88764, -3.733234 ], [ -47.887386, -3.73315 ], [ -47.887076, -3.733078 ], [ -47.886723, -3.733017 ], [ -47.886354, -3.732967 ], [ -47.885729, -3.732904 ] ] } },
{ "type": "Feature", "properties": { }, "geometry": { "type": "LineString", "coordinates": [ [ -47.881417, -3.713231 ], [ -47.881421, -3.712949 ], [ -47.881421, -3.712786 ], [ -47.881417, -3.712512 ] ] } },
{ "type": "Feature", "properties": { }, "geometry": { "type": "LineString", "coordinates": [ [ -47.98131, -3.686282 ], [ -47.981362, -3.686082 ], [ -47.981396, -3.685951 ], [ -47.981433, -3.685806 ], [ -47.981473, -3.68565 ], [ -47.981515, -3.685484 ], [ -47.981559, -3.685311 ], [ -47.981603, -3.685132 ], [ -47.981647, -3.684952 ], [ -47.981691, -3.684775 ], [ -47.981735, -3.684603 ], [ -47.981778, -3.68444 ], [ -47.981819, -3.684286 ], [ -47.981858, -3.684145 ], [ -47.981891, -3.684024 ], [ -47.981939, -3.683856 ] ] } },
{ "type": "Feature", "properties": { }, "geometry": { "type": "LineString", "coordinates": [ [ -47.983376, -3.728053 ], [ -47.983466, -3.728053 ] ] } },
{ "type": "Feature", "properties": { }, "geometry": { "type": "LineString", "coordinates": [ [ -47.915194, -3.69266 ], [ -47.914607, -3.692588 ], [ -47.914221, -3.692551 ], [ -47.913799, -3.69252 ], [ -47.913376, -3.6925 ], [ -47.912679, -3.69248 ] ] } },
{ "type": "Feature", "properties": { }, "geometry": { "type": "LineString", "coordinates": [ [ -47.841263, -3.696972 ], [ -47.841227, -3.696832 ], [ -47.841207, -3.696751 ], [ -47.841173, -3.696612 ] ] } },
{ "type": "Feature", "properties": { }, "geometry": { "type": "LineString", "coordinates": [ [ -47.982837, -3.700655 ], [ -47.982864, -3.70025 ], [ -47.982975, -3.700049 ], [ -47.982898, -3.699736 ], [ -47.982927, -3.699307 ] ] } },
{ "type": "Feature", "properties": { }, "geometry": { "type": "LineString", "coordinates": [ [ -47.982837, -3.700655 ], [ -47.982557, -3.700507 ], [ -47.982382, -3.700409 ], [ -47.982201, -3.700302 ], [ -47.982022, -3.700191 ], [ -47.981854, -3.700084 ], [ -47.981705, -3.699988 ], [ -47.98149, -3.699846 ] ] } },
{ "type": "Feature", "properties": { }, "geometry": { "type": "LineString", "coordinates": [ [ -47.999097, -3.722843 ], [ -47.999097, -3.722753 ] ] } },
{ "type": "Feature", "properties": { }, "geometry": { "type": "LineString", "coordinates": [ [ -47.918877, -3.681251 ], [ -47.918967, -3.681251 ] ] } },
{ "type": "Feature", "properties": { }, "geometry": { "type": "LineString", "coordinates": [ [ -47.918877, -3.681251 ], [ -47.918877, -3.681161 ] ] } },
{ "type": "Feature", "properties": { }, "geometry": { "type": "LineString", "coordinates": [ [ -47.970979, -3.727514 ], [ -47.971178, -3.727322 ], [ -47.971306, -3.727208 ], [ -47.971446, -3.727098 ], [ -47.971593, -3.726998 ], [ -47.971747, -3.726913 ], [ -47.971905, -3.726844 ], [ -47.972067, -3.72679 ], [ -47.972226, -3.726752 ], [ -47.972373, -3.726727 ], [ -47.972596, -3.726706 ] ] } },
{ "type": "Feature", "properties": { }, "geometry": { "type": "LineString", "coordinates": [ [ -47.970979, -3.727514 ], [ -47.970755, -3.727446 ], [ -47.970615, -3.727403 ], [ -47.970469, -3.727358 ], [ -47.97032, -3.727312 ], [ -47.970171, -3.727265 ], [ -47.970024, -3.727219 ], [ -47.96988, -3.727173 ], [ -47.969746, -3.727131 ], [ -47.969542, -3.727065 ] ] } },
{ "type": "Feature", "properties": { }, "geometry": { "type": "LineString", "coordinates": [ [ -47.970979, -3.727514 ], [ -47.970875, -3.727894 ], [ -47.970798, -3.728108 ], [ -47.970701, -3.728308 ], [ -47.970582, -3.72848 ], [ -47.970435, -3.72862 ], [ -47.970255, -3.728729 ], [ -47.970037, -3.72881 ], [ -47.969781, -3.728868 ], [ -47.969488, -3.728905 ], [ -47.969167, -3.728925 ], [ -47.968831, -3.72893 ], [ -47.968495, -3.728923 ], [ -47.968174, -3.728907 ], [ -47.967879, -3.728885 ], [ -47.967619, -3.728858 ], [ -47.967403, -3.728829 ], [ -47.967117, -3.728772 ] ] } },
{ "type": "Feature", "properties": { }, "geometry": { "type": "LineString", "coordinates": [ [ -47.978166, -3.694007 ], [ -47.97825, -3.693838 ], [ -47.978301, -3.693721 ], [ -47.978353, -3.693585 ], [ -47.978405, -3.693435 ], [ -47.978456, -3.693278 ], [ -47.978504, -3.69312 ], [ -47.978548, -3.692973 ], [ -47.978615, -3.69275 ] ] } },
{ "type": "Feature", "properties": { }, "geometry": { "type": "LineString", "coordinates": [ [ -47.990653, -3.722304 ], [ -47.990653, -3.722214 ] ] } },
{ "type": "Feature", "properties": { }, "geometry": { "type": "LineString", "coordinates": [ [ -47.918608, -3.693019 ], [ -47.918608, -3.692929 ] ] } },
{ "type": "Feature", "properties": { }, "geometry": { "type": "LineString", "coordinates": [ [ -47.921482, -3.67631 ], [ -47.921482, -3.676221 ] ] } },
{ "type": "Feature", "properties": { }, "geometry": { "type": "LineString", "coordinates": [ [ -47.980591, -3.69769 ], [ -47.980591, -3.697151 ], [ -47.980502, -3.697061 ] ] } },
{ "type": "Feature", "properties": { }, "geometry": { "type": "LineString", "coordinates": [ [ -47.980591, -3.69769 ], [ -47.980385, -3.697654 ], [ -47.980265, -3.69762 ], [ -47.980149, -3.697574 ], [ -47.980045, -3.697514 ], [ -47.979955, -3.697443 ], [ -47.979881, -3.697369 ], [ -47.979783, -3.697241 ] ] } },
{ "type": "Feature", "properties": { }, "geometry": { "type": "LineString", "coordinates": [ [ -47.912589, -3.69257 ], [ -47.912589, -3.69248 ] ] } },
{ "type": "Feature", "properties": { }, "geometry": { "type": "LineString", "coordinates": [ [ -47.92292, -3.680802 ], [ -47.92299, -3.680661 ], [ -47.923031, -3.68058 ], [ -47.923099, -3.680443 ] ] } },
{ "type": "Feature", "properties": { }, "geometry": { "type": "LineString", "coordinates": [ [ -47.926962, -3.678466 ], [ -47.927052, -3.678466 ] ] } },
{ "type": "Feature", "properties": { }, "geometry": { "type": "LineString", "coordinates": [ [ -47.926962, -3.678466 ], [ -47.926808, -3.678261 ], [ -47.926717, -3.678138 ], [ -47.92663, -3.678016 ], [ -47.926549, -3.6779 ], [ -47.926478, -3.677794 ], [ -47.926418, -3.677701 ], [ -47.926333, -3.677568 ] ] } },
{ "type": "Feature", "properties": { }, "geometry": { "type": "LineString", "coordinates": [ [ -47.979693, -3.697151 ], [ -47.979783, -3.697151 ] ] } },
{ "type": "Feature", "properties": { }, "geometry": { "type": "LineString", "coordinates": [ [ -47.979693, -3.697151 ], [ -47.979252, -3.697098 ], [ -47.978979, -3.697063 ], [ -47.978697, -3.697025 ], [ -47.978424, -3.696985 ], [ -47.978176, -3.696945 ], [ -47.977807, -3.696882 ] ] } },
{ "type": "Feature", "properties": { }, "geometry": { "type": "LineString", "coordinates": [ [ -47.987688, -3.731018 ], [ -47.98942, -3.731117 ], [ -47.99033, -3.731081 ], [ -47.992034, -3.731121 ], [ -47.992241, -3.731183 ], [ -47.993837, -3.731161 ], [ -47.995615, -3.731199 ], [ -47.997264, -3.731234 ], [ -47.999815, -3.731287 ], [ -47.997264, -3.731234 ], [ -47.996733, -3.731219 ], [ -47.995615, -3.731199 ], [ -47.993837, -3.731161 ], [ -47.992034, -3.731121 ], [ -47.99033, -3.731081 ], [ -47.987688, -3.731018 ] ] } },
{ "type": "Feature", "properties": { }, "geometry": { "type": "LineString", "coordinates": [ [ -47.987688, -3.731018 ], [ -47.986486, -3.731012 ], [ -47.985934, -3.731098 ], [ -47.985743, -3.731003 ], [ -47.985361, -3.731095 ], [ -47.984978, -3.730986 ], [ -47.984241, -3.730961 ], [ -47.983564, -3.73093 ], [ -47.982969, -3.730893 ], [ -47.982469, -3.730853 ], [ -47.982074, -3.730813 ], [ -47.98158, -3.730748 ] ] } },
{ "type": "Feature", "properties": { }, "geometry": { "type": "LineString", "coordinates": [ [ -47.987688, -3.731018 ], [ -47.987688, -3.729956 ] ] } },
{ "type": "Feature", "properties": { }, "geometry": { "type": "LineString", "coordinates": [ [ -47.90145, -3.672178 ], [ -47.90145, -3.672088 ] ] } },
{ "type": "Feature", "properties": { }, "geometry": { "type": "LineString", "coordinates": [ [ -47.832998, -3.685653 ], [ -47.833088, -3.685653 ] ] } },
{ "type": "Feature", "properties": { }, "geometry": { "type": "LineString", "coordinates": [ [ -47.916991, -3.709009 ], [ -47.91708, -3.709009 ] ] } },
{ "type": "Feature", "properties": { }, "geometry": { "type": "LineString", "coordinates": [ [ -47.916991, -3.709009 ], [ -47.916813, -3.708761 ], [ -47.916711, -3.708618 ], [ -47.916541, -3.70838 ] ] } },
{ "type": "Feature", "properties": { }, "geometry": { "type": "LineString", "coordinates": [ [ -47.985263, -3.709907 ], [ -47.985263, -3.709818 ] ] } },
{ "type": "Feature", "properties": { }, "geometry": { "type": "LineString", "coordinates": [ [ -47.881597, -3.712333 ], [ -47.881687, -3.712333 ] ] } },
{ "type": "Feature", "properties": { }, "geometry": { "type": "LineString", "coordinates": [ [ -47.881597, -3.712333 ], [ -47.881597, -3.712243 ] ] } },
{ "type": "Feature", "properties": { }, "geometry": { "type": "LineString", "coordinates": [ [ -47.985802, -3.675592 ], [ -47.986128, -3.675215 ], [ -47.98631, -3.675 ], [ -47.986478, -3.674797 ], [ -47.986623, -3.674617 ], [ -47.986744, -3.674461 ], [ -47.986841, -3.674331 ], [ -47.986969, -3.674154 ] ] } },
{ "type": "Feature", "properties": { }, "geometry": { "type": "LineString", "coordinates": [ [ -47.987688, -3.71916 ], [ -47.987688, -3.71907 ] ] } },
{ "type": "Feature", "properties": { }, "geometry": { "type": "LineString", "coordinates": [ [ -47.984634, -3.712423 ], [ -47.984724, -3.712423 ] ] } },
{ "type": "Feature", "properties": { }, "geometry": { "type": "LineString", "coordinates": [ [ -47.984634, -3.712423 ], [ -47.984498, -3.712235 ], [ -47.984418, -3.712121 ], [ -47.984337, -3.712003 ], [ -47.98426, -3.711885 ], [ -47.984185, -3.711769 ], [ -47.984113, -3.711653 ], [ -47.984042, -3.711538 ], [ -47.983974, -3.711424 ], [ -47.983908, -3.711313 ], [ -47.983846, -3.711205 ], [ -47.98379, -3.711102 ], [ -47.98374, -3.711006 ], [ -47.983699, -3.710923 ], [ -47.983646, -3.710806 ] ] } },
{ "type": "Feature", "properties": { }, "geometry": { "type": "LineString", "coordinates": [ [ -47.881597, -3.717992 ], [ -47.881597, -3.717902 ] ] } },
{ "type": "Feature", "properties": { }, "geometry": { "type": "LineString", "coordinates": [ [ -47.923099, -3.681071 ], [ -47.92292, -3.680892 ] ] } },
{ "type": "Feature", "properties": { }, "geometry": { "type": "LineString", "coordinates": [ [ -47.942054, -3.706584 ], [ -47.942054, -3.706494 ] ] } },
{ "type": "Feature", "properties": { }, "geometry": { "type": "LineString", "coordinates": [ [ -47.950857, -3.711974 ], [ -47.950958, -3.711789 ], [ -47.951021, -3.71167 ], [ -47.951088, -3.711542 ], [ -47.951154, -3.711409 ], [ -47.951217, -3.711272 ], [ -47.951275, -3.711136 ], [ -47.951325, -3.711007 ], [ -47.951396, -3.710806 ] ] } },
{ "type": "Feature", "properties": { }, "geometry": { "type": "LineString", "coordinates": [ [ -47.929028, -3.707123 ], [ -47.929082, -3.706978 ], [ -47.929119, -3.706886 ], [ -47.929161, -3.706787 ], [ -47.92921, -3.706684 ], [ -47.929265, -3.706578 ], [ -47.929327, -3.706471 ], [ -47.929397, -3.706364 ], [ -47.929472, -3.706259 ], [ -47.929553, -3.706158 ], [ -47.929635, -3.706064 ], [ -47.929714, -3.705982 ], [ -47.929837, -3.705865 ] ] } },
{ "type": "Feature", "properties": { }, "geometry": { "type": "LineString", "coordinates": [ [ -47.862822, -3.691402 ], [ -47.862732, -3.691312 ] ] } },
{ "type": "Feature", "properties": { }, "geometry": { "type": "LineString", "coordinates": [ [ -47.998109, -3.720867 ], [ -47.998198, -3.720867 ] ] } },
{ "type": "Feature", "properties": { }, "geometry": { "type": "LineString", "coordinates": [ [ -47.998109, -3.720867 ], [ -47.996851, -3.720867 ], [ -47.996761, -3.720777 ] ] } },
{ "type": "Feature", "properties": { }, "geometry": { "type": "LineString", "coordinates": [ [ -47.986251, -3.695894 ], [ -47.986341, -3.695804 ] ] } },
{ "type": "Feature", "properties": { }, "geometry": { "type": "LineString", "coordinates": [ [ -47.986251, -3.695894 ], [ -47.98594, -3.695825 ], [ -47.985744, -3.695783 ], [ -47.985535, -3.695738 ], [ -47.985319, -3.695692 ], [ -47.985097, -3.695646 ], [ -47.984871, -3.6956 ], [ -47.98464, -3.695554 ], [ -47.984407, -3.695507 ], [ -47.984178, -3.695462 ], [ -47.983966, -3.695419 ], [ -47.983646, -3.695355 ] ] } },
{ "type": "Feature", "properties": { }, "geometry": { "type": "LineString", "coordinates": [ [ -47.913128, -3.709279 ], [ -47.912951, -3.70914 ], [ -47.91284, -3.709058 ], [ -47.912722, -3.708978 ], [ -47.912603, -3.708903 ], [ -47.912487, -3.708835 ], [ -47.912352, -3.708904 ], [ -47.912281, -3.708723 ], [ -47.91214, -3.70865 ] ] } },
{ "type": "Feature", "properties": { }, "geometry": { "type": "LineString", "coordinates": [ [ -47.878902, -3.718082 ], [ -47.879715, -3.718022 ], [ -47.880212, -3.717987 ], [ -47.880708, -3.717954 ], [ -47.881507, -3.717902 ] ] } },
{ "type": "Feature", "properties": { }, "geometry": { "type": "LineString", "coordinates": [ [ -47.878902, -3.718082 ], [ -47.878812, -3.717992 ] ] } },
{ "type": "Feature", "properties": { }, "geometry": { "type": "LineString", "coordinates": [ [ -47.956606, -3.721945 ], [ -47.956876, -3.721945 ], [ -47.956966, -3.721855 ] ] } },
{ "type": "Feature", "properties": { }, "geometry": { "type": "LineString", "coordinates": [ [ -47.976729, -3.728413 ], [ -47.976868, -3.728309 ], [ -47.976949, -3.728247 ], [ -47.977088, -3.728143 ] ] } },
{ "type": "Feature", "properties": { }, "geometry": { "type": "LineString", "coordinates": [ [ -47.911152, -3.709458 ], [ -47.911264, -3.709262 ], [ -47.911333, -3.709142 ], [ -47.911401, -3.709022 ], [ -47.911511, -3.708829 ] ] } },
{ "type": "Feature", "properties": { }, "geometry": { "type": "LineString", "coordinates": [ [ -47.911152, -3.709458 ], [ -47.910622, -3.709614 ], [ -47.910544, -3.709496 ], [ -47.910113, -3.709513 ], [ -47.909899, -3.709517 ] ] } },
{ "type": "Feature", "properties": { }, "geometry": { "type": "LineString", "coordinates": [ [ -47.977986, -3.695445 ], [ -47.977986, -3.695355 ] ] } },
{ "type": "Feature", "properties": { }, "geometry": { "type": "LineString", "coordinates": [ [ -47.921954, -3.734688 ], [ -47.921909, -3.735012 ] ] } },
{ "type": "Feature", "properties": { }, "geometry": { "type": "LineString", "coordinates": [ [ -47.98688, -3.695983 ], [ -47.986707, -3.69593 ], [ -47.986603, -3.695896 ], [ -47.986501, -3.695861 ], [ -47.986341, -3.695804 ] ] } },
{ "type": "Feature", "properties": { }, "geometry": { "type": "LineString", "coordinates": [ [ -47.897497, -3.696253 ], [ -47.898665, -3.696253 ] ] } },
{ "type": "Feature", "properties": { }, "geometry": { "type": "LineString", "coordinates": [ [ -47.897497, -3.696253 ], [ -47.897436, -3.696015 ], [ -47.897401, -3.69586 ], [ -47.897367, -3.695689 ], [ -47.897337, -3.695505 ], [ -47.897312, -3.695311 ], [ -47.897291, -3.695111 ], [ -47.897273, -3.69491 ], [ -47.897258, -3.694715 ], [ -47.897246, -3.694538 ], [ -47.897228, -3.694277 ] ] } },
{ "type": "Feature", "properties": { }, "geometry": { "type": "LineString", "coordinates": [ [ -47.961098, -3.731018 ], [ -47.96211, -3.730965 ], [ -47.962738, -3.73093 ], [ -47.963387, -3.730891 ], [ -47.964013, -3.730851 ], [ -47.964578, -3.730812 ], [ -47.96541, -3.730748 ] ] } },
{ "type": "Feature", "properties": { }, "geometry": { "type": "LineString", "coordinates": [ [ -47.904594, -3.702631 ], [ -47.904594, -3.701823 ], [ -47.904684, -3.701733 ] ] } },
{ "type": "Feature", "properties": { }, "geometry": { "type": "LineString", "coordinates": [ [ -47.904594, -3.702631 ], [ -47.904017, -3.702671 ], [ -47.903677, -3.702691 ], [ -47.903346, -3.702706 ], [ -47.90305, -3.702715 ], [ -47.902618, -3.702721 ] ] } },
{ "type": "Feature", "properties": { }, "geometry": { "type": "LineString", "coordinates": [ [ -47.833088, -3.687539 ], [ -47.833154, -3.687261 ], [ -47.833194, -3.687075 ], [ -47.833234, -3.686868 ], [ -47.833272, -3.686652 ], [ -47.833307, -3.68644 ], [ -47.833358, -3.686102 ] ] } },
{ "type": "Feature", "properties": { }, "geometry": { "type": "LineString", "coordinates": [ [ -47.975291, -3.707212 ], [ -47.97549, -3.707081 ], [ -47.975617, -3.707006 ], [ -47.975753, -3.706934 ], [ -47.975899, -3.70687 ], [ -47.976054, -3.706813 ], [ -47.976216, -3.706765 ], [ -47.976376, -3.706726 ], [ -47.976639, -3.706673 ] ] } },
{ "type": "Feature", "properties": { }, "geometry": { "type": "LineString", "coordinates": [ [ -47.881867, -3.710177 ], [ -47.882156, -3.709922 ], [ -47.882319, -3.70978 ], [ -47.882585, -3.709548 ] ] } },
{ "type": "Feature", "properties": { }, "geometry": { "type": "LineString", "coordinates": [ [ -47.881867, -3.710177 ], [ -47.881638, -3.710001 ], [ -47.881484, -3.709881 ], [ -47.881309, -3.709743 ], [ -47.881117, -3.70959 ], [ -47.880911, -3.709426 ], [ -47.880696, -3.709255 ], [ -47.880476, -3.709079 ], [ -47.880256, -3.708903 ], [ -47.880035, -3.708727 ], [ -47.879814, -3.70855 ], [ -47.879592, -3.708371 ], [ -47.879369, -3.708188 ], [ -47.879148, -3.708006 ], [ -47.878943, -3.707835 ], [ -47.878633, -3.707572 ] ] } },
{ "type": "Feature", "properties": { }, "geometry": { "type": "LineString", "coordinates": [ [ -47.884382, -3.706763 ], [ -47.8842, -3.706578 ], [ -47.884069, -3.706451 ], [ -47.883912, -3.706304 ], [ -47.883729, -3.706138 ], [ -47.883522, -3.705956 ], [ -47.883293, -3.705759 ], [ -47.883047, -3.705552 ], [ -47.882791, -3.70534 ], [ -47.882531, -3.705128 ], [ -47.882274, -3.704923 ], [ -47.882028, -3.704733 ], [ -47.8818, -3.704565 ], [ -47.881603, -3.704427 ], [ -47.881328, -3.704248 ] ] } },
{ "type": "Feature", "properties": { }, "geometry": { "type": "LineString", "coordinates": [ [ -47.992, -3.719789 ], [ -47.992449, -3.719789 ] ] } },
{ "type": "Feature", "properties": { }, "geometry": { "type": "LineString", "coordinates": [ [ -47.992, -3.719789 ], [ -47.991896, -3.71965 ], [ -47.991814, -3.719551 ], [ -47.991705, -3.71943 ], [ -47.991562, -3.719283 ], [ -47.991379, -3.719106 ], [ -47.991155, -3.718899 ], [ -47.990894, -3.718665 ], [ -47.990605, -3.718413 ], [ -47.990306, -3.718156 ], [ -47.99002, -3.717914 ], [ -47.989575, -3.717543 ] ] } },
{ "type": "Feature", "properties": { }, "geometry": { "type": "LineString", "coordinates": [ [ -47.894533, -3.696972 ], [ -47.894533, -3.696882 ] ] } },
{ "type": "Feature", "properties": { }, "geometry": { "type": "LineString", "coordinates": [ [ -47.922269, -3.732969 ], [ -47.922224, -3.733176 ] ] } },
{ "type": "Feature", "properties": { }, "geometry": { "type": "LineString", "coordinates": [ [ -47.859588, -3.695714 ], [ -47.859729, -3.695538 ], [ -47.859811, -3.695436 ], [ -47.859948, -3.695265 ] ] } },
{ "type": "Feature", "properties": { }, "geometry": { "type": "LineString", "coordinates": [ [ -47.859588, -3.695714 ], [ -47.859425, -3.695548 ], [ -47.859326, -3.695435 ], [ -47.859225, -3.695303 ], [ -47.859128, -3.695146 ], [ -47.859038, -3.694961 ], [ -47.858958, -3.69474 ], [ -47.858888, -3.694481 ], [ -47.85883, -3.694185 ], [ -47.858788, -3.693862 ], [ -47.858762, -3.693528 ], [ -47.858752, -3.693203 ], [ -47.858758, -3.692902 ], [ -47.858777, -3.692639 ], [ -47.858807, -3.692416 ], [ -47.858845, -3.692232 ], [ -47.858887, -3.692082 ], [ -47.858931, -3.691959 ], [ -47.858975, -3.691866 ], [ -47.859049, -3.691761 ] ] } },
{ "type": "Feature", "properties": { }, "geometry": { "type": "LineString", "coordinates": [ [ -47.868931, -3.69769 ], [ -47.869021, -3.69769 ] ] } },
{ "type": "Feature", "properties": { }, "geometry": { "type": "LineString", "coordinates": [ [ -47.868931, -3.69769 ], [ -47.868931, -3.6976 ] ] } },
{ "type": "Feature", "properties": { }, "geometry": { "type": "LineString", "coordinates": [ [ -47.852941, -3.700745 ], [ -47.853031, -3.700745 ] ] } },
{ "type": "Feature", "properties": { }, "geometry": { "type": "LineString", "coordinates": [ [ -47.852941, -3.700745 ], [ -47.85276, -3.700698 ], [ -47.852653, -3.700669 ], [ -47.852548, -3.700639 ], [ -47.852453, -3.70061 ], [ -47.852312, -3.700565 ] ] } },
{ "type": "Feature", "properties": { }, "geometry": { "type": "LineString", "coordinates": [ [ -47.911062, -3.672178 ], [ -47.911978, -3.672172 ], [ -47.912507, -3.672172 ], [ -47.913397, -3.672178 ] ] } },
{ "type": "Feature", "properties": { }, "geometry": { "type": "LineString", "coordinates": [ [ -47.876566, -3.711614 ], [ -47.876566, -3.711524 ] ] } },
{ "type": "Feature", "properties": { }, "geometry": { "type": "LineString", "coordinates": [ [ -47.829948, -3.686014 ], [ -47.830124, -3.686102 ] ] } },
{ "type": "Feature", "properties": { }, "geometry": { "type": "LineString", "coordinates": [ [ -47.91205, -3.70865 ], [ -47.91214, -3.70865 ] ] } },
{ "type": "Feature", "properties": { }, "geometry": { "type": "LineString", "coordinates": [ [ -47.865877, -3.691133 ], [ -47.865966, -3.691133 ] ] } },
{ "type": "Feature", "properties": { }, "geometry": { "type": "LineString", "coordinates": [ [ -47.865877, -3.691133 ], [ -47.865877, -3.691043 ] ] } },
{ "type": "Feature", "properties": { }, "geometry": { "type": "LineString", "coordinates": [ [ -47.865877, -3.691133 ], [ -47.865436, -3.691161 ], [ -47.865156, -3.691181 ], [ -47.864862, -3.691206 ], [ -47.86457, -3.691234 ], [ -47.864292, -3.691266 ], [ -47.864038, -3.691301 ], [ -47.863812, -3.691337 ], [ -47.863615, -3.691374 ], [ -47.863443, -3.691409 ], [ -47.863293, -3.691439 ], [ -47.863159, -3.691463 ], [ -47.863042, -3.69148 ], [ -47.862946, -3.691489 ], [ -47.862822, -3.691492 ] ] } },
{ "type": "Feature", "properties": { }, "geometry": { "type": "LineString", "coordinates": [ [ -47.828316, -3.686387 ], [ -47.828443, -3.686351 ], [ -47.828629, -3.686307 ], [ -47.828816, -3.686256 ], [ -47.829085, -3.686223 ], [ -47.829345, -3.686185 ], [ -47.82963, -3.686124 ], [ -47.829816, -3.686081 ], [ -47.829948, -3.686014 ] ] } },
{ "type": "Feature", "properties": { }, "geometry": { "type": "LineString", "coordinates": [ [ -47.98679, -3.679185 ], [ -47.98679, -3.679095 ] ] } },
{ "type": "Feature", "properties": { }, "geometry": { "type": "LineString", "coordinates": [ [ -47.928399, -3.688707 ], [ -47.928181, -3.688437 ], [ -47.928039, -3.688261 ], [ -47.927886, -3.68807 ], [ -47.927728, -3.687872 ], [ -47.927571, -3.687674 ], [ -47.92742, -3.68748 ], [ -47.92728, -3.687295 ], [ -47.927153, -3.687124 ], [ -47.92704, -3.686967 ], [ -47.926942, -3.686824 ], [ -47.926856, -3.686696 ], [ -47.926782, -3.686581 ], [ -47.926718, -3.686479 ], [ -47.926667, -3.686393 ], [ -47.926603, -3.686282 ] ] } },
{ "type": "Feature", "properties": { }, "geometry": { "type": "LineString", "coordinates": [ [ -47.938101, -3.688977 ], [ -47.938238, -3.688694 ], [ -47.938323, -3.688534 ], [ -47.938409, -3.688386 ], [ -47.93855, -3.688168 ] ] } },
{ "type": "Feature", "properties": { }, "geometry": { "type": "LineString", "coordinates": [ [ -47.925794, -3.693378 ], [ -47.926457, -3.693349 ], [ -47.926946, -3.693341 ], [ -47.927515, -3.693344 ], [ -47.928134, -3.693358 ], [ -47.928786, -3.693382 ], [ -47.929458, -3.693414 ], [ -47.930135, -3.693451 ], [ -47.930803, -3.693493 ], [ -47.931451, -3.693536 ], [ -47.932073, -3.69358 ], [ -47.932669, -3.693625 ], [ -47.933243, -3.693669 ], [ -47.933802, -3.693712 ], [ -47.934355, -3.693754 ], [ -47.934901, -3.693794 ], [ -47.935438, -3.693832 ], [ -47.935945, -3.693866 ], [ -47.936754, -3.693917 ], [ -47.935945, -3.693866 ], [ -47.935438, -3.693832 ], [ -47.934901, -3.693794 ], [ -47.934355, -3.693754 ], [ -47.933802, -3.693712 ], [ -47.933243, -3.693669 ], [ -47.932669, -3.693625 ], [ -47.932073, -3.69358 ], [ -47.931451, -3.693536 ], [ -47.930803, -3.693493 ], [ -47.930135, -3.693451 ], [ -47.929458, -3.693414 ], [ -47.928786, -3.693382 ], [ -47.928134, -3.693358 ], [ -47.927515, -3.693344 ], [ -47.926946, -3.693341 ], [ -47.926457, -3.693349 ], [ -47.925794, -3.693378 ] ] } },
{ "type": "Feature", "properties": { }, "geometry": { "type": "LineString", "coordinates": [ [ -47.925794, -3.693378 ], [ -47.925542, -3.693327 ], [ -47.925388, -3.693293 ], [ -47.925231, -3.693255 ], [ -47.925074, -3.693215 ], [ -47.924919, -3.693173 ], [ -47.924764, -3.69313 ], [ -47.924609, -3.693087 ], [ -47.924452, -3.693043 ], [ -47.924294, -3.693001 ], [ -47.924137, -3.69296 ], [ -47.923984, -3.692921 ], [ -47.923844, -3.692887 ], [ -47.923638, -3.692839 ] ] } },
{ "type": "Feature", "properties": { }, "geometry": { "type": "LineString", "coordinates": [ [ -47.991191, -3.715836 ], [ -47.991281, -3.715836 ] ] } },
{ "type": "Feature", "properties": { }, "geometry": { "type": "LineString", "coordinates": [ [ -47.99173, -3.730389 ], [ -47.9917, -3.730211 ], [ -47.991666, -3.730089 ], [ -47.991616, -3.729956 ] ] } },
{ "type": "Feature", "properties": { }, "geometry": { "type": "LineString", "coordinates": [ [ -47.985263, -3.709818 ], [ -47.985352, -3.709728 ] ] } },
{ "type": "Feature", "properties": { }, "geometry": { "type": "LineString", "coordinates": [ [ -47.859409, -3.690773 ], [ -47.859342, -3.690266 ], [ -47.859294, -3.689968 ], [ -47.859239, -3.689684 ], [ -47.859139, -3.689246 ] ] } },
{ "type": "Feature", "properties": { }, "geometry": { "type": "LineString", "coordinates": [ [ -47.988676, -3.719789 ], [ -47.988766, -3.719789 ] ] } },
{ "type": "Feature", "properties": { }, "geometry": { "type": "LineString", "coordinates": [ [ -47.988676, -3.719789 ], [ -47.9884, -3.719707 ], [ -47.988235, -3.719651 ], [ -47.988071, -3.719588 ], [ -47.987919, -3.71952 ], [ -47.987787, -3.719451 ], [ -47.987598, -3.71934 ] ] } },
{ "type": "Feature", "properties": { }, "geometry": { "type": "LineString", "coordinates": [ [ -47.93307, -3.675322 ], [ -47.93307, -3.675232 ] ] } },
{ "type": "Feature", "properties": { }, "geometry": { "type": "LineString", "coordinates": [ [ -47.976028, -3.729956 ], [ -47.976071, -3.729797 ], [ -47.976167, -3.729516 ], [ -47.976272, -3.729258 ], [ -47.976382, -3.729027 ], [ -47.97649, -3.728821 ], [ -47.976587, -3.728649 ], [ -47.976729, -3.728413 ] ] } },
{ "type": "Feature", "properties": { }, "geometry": { "type": "LineString", "coordinates": [ [ -47.867763, -3.69257 ], [ -47.867853, -3.69257 ] ] } },
{ "type": "Feature", "properties": { }, "geometry": { "type": "LineString", "coordinates": [ [ -47.867763, -3.69257 ], [ -47.867763, -3.69248 ] ] } },
{ "type": "Feature", "properties": { }, "geometry": { "type": "LineString", "coordinates": [ [ -47.866056, -3.690953 ], [ -47.866146, -3.690953 ] ] } },
{ "type": "Feature", "properties": { }, "geometry": { "type": "LineString", "coordinates": [ [ -47.866056, -3.690953 ], [ -47.866056, -3.690863 ] ] } },
{ "type": "Feature", "properties": { }, "geometry": { "type": "LineString", "coordinates": [ [ -47.908367, -3.67128 ], [ -47.908367, -3.6711 ] ] } },
{ "type": "Feature", "properties": { }, "geometry": { "type": "LineString", "coordinates": [ [ -47.908367, -3.67128 ], [ -47.908261, -3.671283 ], [ -47.9082, -3.671283 ], [ -47.908097, -3.67128 ] ] } },
{ "type": "Feature", "properties": { }, "geometry": { "type": "LineString", "coordinates": [ [ -47.89624, -3.685833 ], [ -47.89615, -3.685743 ] ] } },
{ "type": "Feature", "properties": { }, "geometry": { "type": "LineString", "coordinates": [ [ -47.930915, -3.703889 ], [ -47.930915, -3.703799 ] ] } },
{ "type": "Feature", "properties": { }, "geometry": { "type": "LineString", "coordinates": [ [ -47.897048, -3.677478 ], [ -47.897138, -3.677478 ] ] } },
{ "type": "Feature", "properties": { }, "geometry": { "type": "LineString", "coordinates": [ [ -47.897048, -3.677478 ], [ -47.897008, -3.67656 ], [ -47.896988, -3.676031 ], [ -47.896958, -3.675143 ] ] } },
{ "type": "Feature", "properties": { }, "geometry": { "type": "LineString", "coordinates": [ [ -47.987598, -3.728233 ], [ -47.987601, -3.727563 ], [ -47.987601, -3.727177 ], [ -47.987598, -3.726526 ] ] } },
{ "type": "Feature", "properties": { }, "geometry": { "type": "LineString", "coordinates": [ [ -47.987598, -3.728233 ], [ -47.986715, -3.728171 ], [ -47.986219, -3.728128 ], [ -47.98576, -3.728079 ], [ -47.985366, -3.728024 ], [ -47.985048, -3.727968 ], [ -47.984634, -3.727874 ] ] } },
{ "type": "Feature", "properties": { }, "geometry": { "type": "LineString", "coordinates": [ [ -47.864888, -3.695534 ], [ -47.864978, -3.695534 ] ] } },
{ "type": "Feature", "properties": { }, "geometry": { "type": "LineString", "coordinates": [ [ -47.864888, -3.695534 ], [ -47.864557, -3.695242 ], [ -47.864348, -3.695055 ], [ -47.864127, -3.694857 ], [ -47.863907, -3.694658 ], [ -47.863693, -3.694462 ], [ -47.863487, -3.694272 ], [ -47.863285, -3.694085 ], [ -47.863077, -3.69389 ], [ -47.862854, -3.693677 ], [ -47.862605, -3.693436 ], [ -47.86233, -3.693164 ], [ -47.862045, -3.692878 ], [ -47.861565, -3.69239 ] ] } },
{ "type": "Feature", "properties": { }, "geometry": { "type": "LineString", "coordinates": [ [ -47.921909, -3.735012 ], [ -47.921864, -3.735355 ] ] } },
{ "type": "Feature", "properties": { }, "geometry": { "type": "LineString", "coordinates": [ [ -47.867763, -3.69248 ], [ -47.86751, -3.692201 ], [ -47.867339, -3.692023 ], [ -47.867144, -3.691832 ], [ -47.866933, -3.691634 ], [ -47.866711, -3.691435 ], [ -47.866494, -3.691247 ], [ -47.866146, -3.690953 ] ] } },
{ "type": "Feature", "properties": { }, "geometry": { "type": "LineString", "coordinates": [ [ -47.91717, -3.694007 ], [ -47.917321, -3.693926 ], [ -47.917417, -3.693873 ], [ -47.91752, -3.693816 ], [ -47.917628, -3.693754 ], [ -47.917742, -3.693687 ], [ -47.91786, -3.693613 ], [ -47.917982, -3.693532 ], [ -47.918106, -3.693444 ], [ -47.91823, -3.69335 ], [ -47.918348, -3.693254 ], [ -47.918454, -3.693162 ], [ -47.918608, -3.693019 ] ] } },
{ "type": "Feature", "properties": { }, "geometry": { "type": "LineString", "coordinates": [ [ -47.90693, -3.705056 ], [ -47.90686, -3.704895 ], [ -47.906817, -3.704791 ], [ -47.906771, -3.704679 ], [ -47.906725, -3.704562 ], [ -47.906679, -3.704444 ], [ -47.906637, -3.704333 ], [ -47.90657, -3.704158 ] ] } },
{ "type": "Feature", "properties": { }, "geometry": { "type": "LineString", "coordinates": [ [ -47.957415, -3.72985 ], [ -47.957587, -3.729738 ], [ -47.957702, -3.729656 ], [ -47.957832, -3.729555 ], [ -47.957973, -3.729435 ], [ -47.958123, -3.729296 ], [ -47.958277, -3.729143 ], [ -47.958431, -3.728978 ], [ -47.958581, -3.728807 ], [ -47.958722, -3.728636 ], [ -47.958853, -3.728469 ], [ -47.95897, -3.728312 ], [ -47.959071, -3.728167 ], [ -47.959157, -3.728038 ], [ -47.959223, -3.727929 ], [ -47.959301, -3.727784 ] ] } },
{ "type": "Feature", "properties": { }, "geometry": { "type": "LineString", "coordinates": [ [ -47.957415, -3.72985 ], [ -47.957308, -3.729707 ], [ -47.957246, -3.729626 ], [ -47.957145, -3.729491 ] ] } },
{ "type": "Feature", "properties": { }, "geometry": { "type": "LineString", "coordinates": [ [ -47.957415, -3.72985 ], [ -47.956908, -3.729907 ], [ -47.956604, -3.729928 ], [ -47.956302, -3.729936 ], [ -47.956018, -3.729925 ], [ -47.955763, -3.729893 ], [ -47.955538, -3.729841 ], [ -47.955343, -3.729769 ], [ -47.955173, -3.729679 ], [ -47.955022, -3.729572 ], [ -47.954884, -3.729452 ], [ -47.954754, -3.729321 ], [ -47.95463, -3.729188 ], [ -47.954519, -3.729061 ], [ -47.954361, -3.728862 ] ] } },
{ "type": "Feature", "properties": { }, "geometry": { "type": "LineString", "coordinates": [ [ -47.991551, -3.723921 ], [ -47.991641, -3.723831 ], [ -47.99209, -3.723831 ] ] } },
{ "type": "Feature", "properties": { }, "geometry": { "type": "LineString", "coordinates": [ [ -47.991551, -3.723921 ], [ -47.991444, -3.723817 ], [ -47.991377, -3.723746 ], [ -47.991307, -3.723664 ], [ -47.991236, -3.723572 ], [ -47.991165, -3.72347 ], [ -47.991096, -3.723357 ], [ -47.991028, -3.723235 ], [ -47.990961, -3.723102 ], [ -47.990897, -3.722961 ], [ -47.990835, -3.722813 ], [ -47.990777, -3.722664 ], [ -47.990726, -3.722523 ], [ -47.990653, -3.722304 ] ] } },
{ "type": "Feature", "properties": { }, "geometry": { "type": "LineString", "coordinates": [ [ -47.862643, -3.691402 ], [ -47.862643, -3.691312 ] ] } },
{ "type": "Feature", "properties": { }, "geometry": { "type": "LineString", "coordinates": [ [ -47.939179, -3.706404 ], [ -47.939449, -3.706134 ] ] } },
{ "type": "Feature", "properties": { }, "geometry": { "type": "LineString", "coordinates": [ [ -47.90666, -3.698858 ], [ -47.906848, -3.698755 ], [ -47.906958, -3.698691 ], [ -47.907066, -3.698625 ], [ -47.907166, -3.698559 ], [ -47.907253, -3.6985 ], [ -47.907379, -3.698409 ] ] } },
{ "type": "Feature", "properties": { }, "geometry": { "type": "LineString", "coordinates": [ [ -47.90666, -3.698858 ], [ -47.90657, -3.698768 ] ] } },
{ "type": "Feature", "properties": { }, "geometry": { "type": "LineString", "coordinates": [ [ -47.910792, -3.694277 ], [ -47.911067, -3.693998 ], [ -47.911238, -3.693839 ], [ -47.911415, -3.69369 ], [ -47.911592, -3.693561 ], [ -47.911763, -3.693455 ], [ -47.911927, -3.69337 ], [ -47.912079, -3.693304 ], [ -47.912214, -3.693255 ], [ -47.912409, -3.693199 ] ] } },
{ "type": "Feature", "properties": { }, "geometry": { "type": "LineString", "coordinates": [ [ -47.9814, -3.699756 ], [ -47.981393, -3.699491 ], [ -47.981392, -3.699334 ], [ -47.981393, -3.699183 ], [ -47.9814, -3.698948 ] ] } },
{ "type": "Feature", "properties": { }, "geometry": { "type": "LineString", "coordinates": [ [ -47.977717, -3.696972 ], [ -47.977717, -3.696882 ] ] } },
{ "type": "Feature", "properties": { }, "geometry": { "type": "LineString", "coordinates": [ [ -47.881687, -3.712333 ], [ -47.884112, -3.712333 ] ] } },
{ "type": "Feature", "properties": { }, "geometry": { "type": "LineString", "coordinates": [ [ -47.988497, -3.723652 ], [ -47.988609, -3.72347 ], [ -47.988662, -3.723348 ], [ -47.988694, -3.723209 ], [ -47.988694, -3.72306 ], [ -47.988653, -3.722905 ], [ -47.988571, -3.722751 ], [ -47.988458, -3.722609 ], [ -47.988227, -3.722394 ] ] } },
{ "type": "Feature", "properties": { }, "geometry": { "type": "LineString", "coordinates": [ [ -47.988497, -3.723652 ], [ -47.98843, -3.723492 ], [ -47.988389, -3.723388 ], [ -47.98835, -3.723273 ], [ -47.988313, -3.723149 ], [ -47.988282, -3.723018 ], [ -47.988257, -3.72288 ], [ -47.98824, -3.72274 ], [ -47.988231, -3.722605 ], [ -47.988227, -3.722394 ] ] } },
{ "type": "Feature", "properties": { }, "geometry": { "type": "LineString", "coordinates": [ [ -47.991551, -3.683497 ], [ -47.991603, -3.683246 ], [ -47.991637, -3.68308 ], [ -47.991675, -3.682896 ], [ -47.991715, -3.682698 ], [ -47.991756, -3.682488 ], [ -47.991797, -3.68227 ], [ -47.991835, -3.682045 ], [ -47.991868, -3.681817 ], [ -47.99189, -3.681587 ], [ -47.991897, -3.681358 ], [ -47.991882, -3.681132 ], [ -47.991842, -3.680915 ], [ -47.991774, -3.680711 ], [ -47.991681, -3.680527 ], [ -47.991572, -3.680374 ], [ -47.991371, -3.680173 ] ] } },
{ "type": "Feature", "properties": { }, "geometry": { "type": "LineString", "coordinates": [ [ -47.931723, -3.699846 ], [ -47.931758, -3.697604 ], [ -47.931779, -3.696362 ], [ -47.931813, -3.694367 ] ] } },
{ "type": "Feature", "properties": { }, "geometry": { "type": "LineString", "coordinates": [ [ -47.86929, -3.706224 ], [ -47.86929, -3.706134 ] ] } },
{ "type": "Feature", "properties": { }, "geometry": { "type": "LineString", "coordinates": [ [ -47.834346, -3.693378 ], [ -47.834673, -3.693319 ], [ -47.834877, -3.693284 ], [ -47.835084, -3.69325 ], [ -47.835424, -3.693199 ] ] } },
{ "type": "Feature", "properties": { }, "geometry": { "type": "LineString", "coordinates": [ [ -47.836142, -3.683048 ], [ -47.836072, -3.682907 ], [ -47.836031, -3.682825 ], [ -47.835833, -3.682675 ] ] } },
{ "type": "Feature", "properties": { }, "geometry": { "type": "LineString", "coordinates": [ [ -47.906391, -3.672088 ], [ -47.906391, -3.671998 ] ] } },
{ "type": "Feature", "properties": { }, "geometry": { "type": "LineString", "coordinates": [ [ -47.979603, -3.68727 ], [ -47.979693, -3.68727 ] ] } },
{ "type": "Feature", "properties": { }, "geometry": { "type": "LineString", "coordinates": [ [ -47.991281, -3.674154 ], [ -47.991007, -3.674119 ], [ -47.990845, -3.674099 ], [ -47.990563, -3.674065 ] ] } },
{ "type": "Feature", "properties": { }, "geometry": { "type": "LineString", "coordinates": [ [ -47.944838, -3.712243 ], [ -47.945013, -3.712234 ] ] } },
{ "type": "Feature", "properties": { }, "geometry": { "type": "LineString", "coordinates": [ [ -47.944838, -3.712243 ], [ -47.944262, -3.712263 ], [ -47.944136, -3.712191 ], [ -47.943705, -3.712157 ], [ -47.943261, -3.71212 ], [ -47.942819, -3.71208 ], [ -47.942386, -3.712038 ], [ -47.941961, -3.711995 ], [ -47.941541, -3.71195 ], [ -47.941124, -3.711906 ], [ -47.940706, -3.71186 ], [ -47.940284, -3.711815 ], [ -47.939861, -3.711769 ], [ -47.939442, -3.711722 ], [ -47.939039, -3.711676 ], [ -47.938667, -3.71163 ], [ -47.938349, -3.711588 ], [ -47.937921, -3.711524 ] ] } },
{ "type": "Feature", "properties": { }, "geometry": { "type": "LineString", "coordinates": [ [ -47.90675, -3.706314 ], [ -47.90675, -3.705236 ], [ -47.90693, -3.705056 ] ] } },
{ "type": "Feature", "properties": { }, "geometry": { "type": "LineString", "coordinates": [ [ -47.906031, -3.693917 ], [ -47.906121, -3.693828 ], [ -47.906121, -3.692211 ] ] } },
{ "type": "Feature", "properties": { }, "geometry": { "type": "LineString", "coordinates": [ [ -47.882585, -3.709548 ], [ -47.882675, -3.709548 ] ] } },
{ "type": "Feature", "properties": { }, "geometry": { "type": "LineString", "coordinates": [ [ -47.882585, -3.709548 ], [ -47.882585, -3.709458 ] ] } },
{ "type": "Feature", "properties": { }, "geometry": { "type": "LineString", "coordinates": [ [ -47.88835, -3.734661 ], [ -47.888334, -3.734611 ] ] } },
{ "type": "Feature", "properties": { }, "geometry": { "type": "LineString", "coordinates": [ [ -47.980135, -3.729956 ], [ -47.980081, -3.729868 ], [ -47.980002, -3.729737 ], [ -47.979927, -3.729613 ], [ -47.979856, -3.729493 ], [ -47.979786, -3.729377 ], [ -47.979714, -3.729261 ], [ -47.979639, -3.729144 ], [ -47.97956, -3.729028 ], [ -47.979478, -3.728911 ], [ -47.979394, -3.728796 ], [ -47.97931, -3.728683 ], [ -47.979227, -3.728572 ], [ -47.979148, -3.728465 ], [ -47.979077, -3.728369 ], [ -47.978974, -3.728233 ] ] } },
{ "type": "Feature", "properties": { }, "geometry": { "type": "LineString", "coordinates": [ [ -47.988946, -3.707123 ], [ -47.988422, -3.706553 ], [ -47.988096, -3.706201 ], [ -47.987761, -3.705841 ], [ -47.987436, -3.705494 ], [ -47.987138, -3.705176 ], [ -47.986881, -3.704902 ], [ -47.98652, -3.704517 ] ] } },
{ "type": "Feature", "properties": { }, "geometry": { "type": "LineString", "coordinates": [ [ -47.991281, -3.715746 ], [ -47.991281, -3.715207 ] ] } },
{ "type": "Feature", "properties": { }, "geometry": { "type": "LineString", "coordinates": [ [ -47.884202, -3.717902 ], [ -47.884292, -3.717902 ] ] } },
{ "type": "Feature", "properties": { }, "geometry": { "type": "LineString", "coordinates": [ [ -47.87998, -3.725358 ], [ -47.880117, -3.725218 ], [ -47.880204, -3.725132 ], [ -47.880297, -3.725046 ], [ -47.880392, -3.724964 ], [ -47.880484, -3.724888 ], [ -47.88057, -3.724823 ], [ -47.880699, -3.72473 ] ] } },
{ "type": "Feature", "properties": { }, "geometry": { "type": "LineString", "coordinates": [ [ -47.921505, -3.737927 ], [ -47.92146, -3.738162 ] ] } },
{ "type": "Feature", "properties": { }, "geometry": { "type": "LineString", "coordinates": [ [ -47.888245, -3.734521 ], [ -47.888334, -3.734521 ] ] } },
{ "type": "Feature", "properties": { }, "geometry": { "type": "LineString", "coordinates": [ [ -47.897138, -3.677478 ], [ -47.897255, -3.677357 ], [ -47.897326, -3.677277 ], [ -47.897398, -3.677188 ], [ -47.897466, -3.677093 ], [ -47.89753, -3.676994 ], [ -47.897589, -3.676893 ], [ -47.897643, -3.676792 ], [ -47.897694, -3.676692 ], [ -47.897742, -3.676594 ], [ -47.897789, -3.676498 ], [ -47.897835, -3.676403 ], [ -47.897881, -3.676309 ], [ -47.897928, -3.676214 ], [ -47.897977, -3.676116 ], [ -47.898027, -3.676015 ], [ -47.898079, -3.675909 ], [ -47.898133, -3.675798 ], [ -47.898186, -3.675684 ], [ -47.898235, -3.675577 ], [ -47.898306, -3.675412 ] ] } },
{ "type": "Feature", "properties": { }, "geometry": { "type": "LineString", "coordinates": [ [ -47.979783, -3.672178 ], [ -47.979873, -3.672088 ] ] } },
{ "type": "Feature", "properties": { }, "geometry": { "type": "LineString", "coordinates": [ [ -47.979783, -3.672178 ], [ -47.97951, -3.672078 ], [ -47.979335, -3.672019 ], [ -47.979147, -3.67196 ], [ -47.978951, -3.671904 ], [ -47.978747, -3.671851 ], [ -47.978538, -3.671801 ], [ -47.978323, -3.671754 ], [ -47.978102, -3.671708 ], [ -47.977877, -3.671663 ], [ -47.977649, -3.67162 ], [ -47.977424, -3.671579 ], [ -47.977208, -3.67154 ], [ -47.977013, -3.671506 ], [ -47.976729, -3.671459 ] ] } },
{ "type": "Feature", "properties": { }, "geometry": { "type": "LineString", "coordinates": [ [ -47.952294, -3.723023 ], [ -47.952384, -3.723023 ] ] } },
{ "type": "Feature", "properties": { }, "geometry": { "type": "LineString", "coordinates": [ [ -47.884472, -3.723562 ], [ -47.884395, -3.722889 ], [ -47.884344, -3.722465 ], [ -47.884292, -3.722032 ], [ -47.884202, -3.721316 ] ] } },
{ "type": "Feature", "properties": { }, "geometry": { "type": "LineString", "coordinates": [ [ -47.900102, -3.688078 ], [ -47.900192, -3.688078 ] ] } },
{ "type": "Feature", "properties": { }, "geometry": { "type": "LineString", "coordinates": [ [ -47.900102, -3.688078 ], [ -47.899631, -3.687559 ], [ -47.899365, -3.687264 ], [ -47.899117, -3.686986 ], [ -47.898899, -3.686741 ], [ -47.898711, -3.686531 ], [ -47.898549, -3.686353 ], [ -47.898408, -3.686203 ], [ -47.89829, -3.686082 ], [ -47.898126, -3.685922 ] ] } },
{ "type": "Feature", "properties": { }, "geometry": { "type": "LineString", "coordinates": [ [ -47.978705, -3.714938 ], [ -47.978916, -3.714802 ], [ -47.979054, -3.714709 ], [ -47.979205, -3.714601 ], [ -47.979363, -3.714482 ], [ -47.979523, -3.714352 ], [ -47.979679, -3.714218 ], [ -47.979826, -3.714084 ], [ -47.979956, -3.713959 ], [ -47.980142, -3.71377 ] ] } },
{ "type": "Feature", "properties": { }, "geometry": { "type": "LineString", "coordinates": [ [ -47.978705, -3.714938 ], [ -47.978347, -3.714528 ], [ -47.978129, -3.714276 ], [ -47.977905, -3.714016 ], [ -47.977685, -3.713756 ], [ -47.97747, -3.713503 ], [ -47.977264, -3.713258 ], [ -47.97707, -3.713026 ], [ -47.976896, -3.712818 ], [ -47.976639, -3.712512 ] ] } },
{ "type": "Feature", "properties": { }, "geometry": { "type": "LineString", "coordinates": [ [ -47.978705, -3.714938 ], [ -47.978615, -3.715084 ], [ -47.978559, -3.715178 ], [ -47.978501, -3.71528 ], [ -47.978443, -3.715388 ], [ -47.978383, -3.7155 ], [ -47.978321, -3.715616 ], [ -47.978253, -3.715732 ], [ -47.978173, -3.715846 ], [ -47.978077, -3.715956 ], [ -47.977957, -3.716056 ], [ -47.977809, -3.716144 ], [ -47.977631, -3.716215 ], [ -47.977426, -3.716269 ], [ -47.977198, -3.716302 ], [ -47.97696, -3.716312 ], [ -47.976722, -3.716298 ], [ -47.976496, -3.716258 ], [ -47.976288, -3.716194 ], [ -47.976101, -3.716106 ], [ -47.975934, -3.715995 ], [ -47.975783, -3.715866 ], [ -47.975642, -3.715721 ], [ -47.975509, -3.715565 ], [ -47.975381, -3.715403 ], [ -47.975258, -3.715239 ], [ -47.975142, -3.715076 ], [ -47.975033, -3.714918 ], [ -47.974933, -3.714766 ], [ -47.974841, -3.71462 ], [ -47.974758, -3.71448 ], [ -47.974685, -3.714346 ], [ -47.974628, -3.714225 ], [ -47.974573, -3.71404 ] ] } },
{ "type": "Feature", "properties": { }, "geometry": { "type": "LineString", "coordinates": [ [ -47.999995, -3.727514 ], [ -47.999707, -3.727161 ], [ -47.999512, -3.726926 ], [ -47.999292, -3.726665 ], [ -47.999059, -3.726394 ], [ -47.998832, -3.726132 ], [ -47.998468, -3.725718 ] ] } },
{ "type": "Feature", "properties": { }, "geometry": { "type": "LineString", "coordinates": [ [ -47.977807, -3.696882 ], [ -47.977807, -3.696792 ] ] } },
{ "type": "Feature", "properties": { }, "geometry": { "type": "LineString", "coordinates": [ [ -47.990832, -3.713231 ], [ -47.990832, -3.713141 ] ] } },
{ "type": "Feature", "properties": { }, "geometry": { "type": "LineString", "coordinates": [ [ -47.878722, -3.720687 ], [ -47.878663, -3.72052 ], [ -47.878628, -3.720418 ], [ -47.878594, -3.720315 ], [ -47.878543, -3.720148 ] ] } },
{ "type": "Feature", "properties": { }, "geometry": { "type": "LineString", "coordinates": [ [ -47.950498, -3.722933 ], [ -47.950588, -3.722933 ] ] } },
{ "type": "Feature", "properties": { }, "geometry": { "type": "LineString", "coordinates": [ [ -47.950498, -3.722933 ], [ -47.950498, -3.722843 ] ] } },
{ "type": "Feature", "properties": { }, "geometry": { "type": "LineString", "coordinates": [ [ -47.894533, -3.696882 ], [ -47.894533, -3.694456 ], [ -47.894353, -3.694277 ] ] } },
{ "type": "Feature", "properties": { }, "geometry": { "type": "LineString", "coordinates": [ [ -47.8745, -3.698319 ], [ -47.87459, -3.698319 ] ] } },
{ "type": "Feature", "properties": { }, "geometry": { "type": "LineString", "coordinates": [ [ -47.8745, -3.698319 ], [ -47.8745, -3.698229 ] ] } },
{ "type": "Feature", "properties": { }, "geometry": { "type": "LineString", "coordinates": [ [ -47.898665, -3.709099 ], [ -47.898611, -3.706747 ], [ -47.898578, -3.705447 ], [ -47.898543, -3.704283 ], [ -47.898485, -3.702631 ] ] } },
{ "type": "Feature", "properties": { }, "geometry": { "type": "LineString", "coordinates": [ [ -47.898665, -3.709099 ], [ -47.897514, -3.709146 ], [ -47.896784, -3.709169 ], [ -47.896014, -3.709186 ], [ -47.895251, -3.709195 ], [ -47.894786, -3.709207 ], [ -47.894534, -3.709194 ], [ -47.893893, -3.709184 ], [ -47.893348, -3.709166 ], [ -47.892917, -3.709143 ], [ -47.892377, -3.709099 ] ] } },
{ "type": "Feature", "properties": { }, "geometry": { "type": "LineString", "coordinates": [ [ -47.906301, -3.680622 ], [ -47.906391, -3.680622 ] ] } },
{ "type": "Feature", "properties": { }, "geometry": { "type": "LineString", "coordinates": [ [ -47.906301, -3.680622 ], [ -47.906301, -3.680532 ] ] } },
{ "type": "Feature", "properties": { }, "geometry": { "type": "LineString", "coordinates": [ [ -47.879441, -3.71395 ], [ -47.879441, -3.71386 ] ] } },
{ "type": "Feature", "properties": { }, "geometry": { "type": "LineString", "coordinates": [ [ -47.890417, -3.730049 ], [ -47.890321, -3.729955 ], [ -47.889632, -3.729913 ], [ -47.889266, -3.729969 ], [ -47.888963, -3.72985 ] ] } },
{ "type": "Feature", "properties": { }, "geometry": { "type": "LineString", "coordinates": [ [ -47.890417, -3.730049 ], [ -47.890321, -3.729955 ], [ -47.889632, -3.729913 ], [ -47.889266, -3.729969 ], [ -47.888963, -3.72985 ] ] } },
{ "type": "Feature", "properties": { }, "geometry": { "type": "LineString", "coordinates": [ [ -47.980591, -3.67137 ], [ -47.980591, -3.67128 ] ] } },
{ "type": "Feature", "properties": { }, "geometry": { "type": "LineString", "coordinates": [ [ -47.980142, -3.694816 ], [ -47.980232, -3.694816 ] ] } },
{ "type": "Feature", "properties": { }, "geometry": { "type": "LineString", "coordinates": [ [ -47.980142, -3.694816 ], [ -47.980142, -3.694726 ] ] } },
{ "type": "Feature", "properties": { }, "geometry": { "type": "LineString", "coordinates": [ [ -47.98661, -3.679185 ], [ -47.9867, -3.679185 ] ] } },
{ "type": "Feature", "properties": { }, "geometry": { "type": "LineString", "coordinates": [ [ -47.98661, -3.679185 ], [ -47.986306, -3.679117 ], [ -47.986111, -3.679074 ], [ -47.9859, -3.679029 ], [ -47.98568, -3.678983 ], [ -47.985453, -3.678938 ], [ -47.985221, -3.678891 ], [ -47.984987, -3.678845 ], [ -47.984753, -3.678799 ], [ -47.984526, -3.678753 ], [ -47.984318, -3.678711 ], [ -47.984005, -3.678646 ] ] } },
{ "type": "Feature", "properties": { }, "geometry": { "type": "LineString", "coordinates": [ [ -47.926333, -3.677568 ], [ -47.926423, -3.677478 ] ] } },
{ "type": "Feature", "properties": { }, "geometry": { "type": "LineString", "coordinates": [ [ -47.909624, -3.695534 ], [ -47.909825, -3.695292 ], [ -47.909899, -3.695206 ] ] } },
{ "type": "Feature", "properties": { }, "geometry": { "type": "LineString", "coordinates": [ [ -47.898126, -3.685922 ], [ -47.898074, -3.685705 ], [ -47.89804, -3.685573 ], [ -47.898003, -3.685437 ], [ -47.897963, -3.685306 ], [ -47.897921, -3.685181 ], [ -47.897878, -3.685064 ], [ -47.897834, -3.684954 ], [ -47.897789, -3.684849 ], [ -47.897744, -3.684746 ], [ -47.897699, -3.684643 ], [ -47.897652, -3.684537 ], [ -47.897603, -3.684427 ], [ -47.89755, -3.684312 ], [ -47.897492, -3.684192 ], [ -47.897428, -3.684067 ], [ -47.897355, -3.683938 ], [ -47.897274, -3.683809 ], [ -47.897186, -3.683683 ], [ -47.897099, -3.683569 ], [ -47.896958, -3.683407 ] ] } },
{ "type": "Feature", "properties": { }, "geometry": { "type": "LineString", "coordinates": [ [ -47.932981, -3.675322 ], [ -47.93307, -3.675322 ] ] } },
{ "type": "Feature", "properties": { }, "geometry": { "type": "LineString", "coordinates": [ [ -47.984544, -3.690144 ], [ -47.984724, -3.689965 ] ] } },
{ "type": "Feature", "properties": { }, "geometry": { "type": "LineString", "coordinates": [ [ -47.984544, -3.690144 ], [ -47.984252, -3.690012 ], [ -47.984074, -3.689928 ], [ -47.983894, -3.689838 ], [ -47.983725, -3.689749 ], [ -47.983466, -3.689605 ] ] } },
{ "type": "Feature", "properties": { }, "geometry": { "type": "LineString", "coordinates": [ [ -47.934598, -3.700295 ], [ -47.934687, -3.700206 ], [ -47.936394, -3.700206 ] ] } },
{ "type": "Feature", "properties": { }, "geometry": { "type": "LineString", "coordinates": [ [ -47.934598, -3.700295 ], [ -47.934508, -3.700206 ] ] } },
{ "type": "Feature", "properties": { }, "geometry": { "type": "LineString", "coordinates": [ [ -47.913936, -3.672178 ], [ -47.913936, -3.672088 ] ] } },
{ "type": "Feature", "properties": { }, "geometry": { "type": "LineString", "coordinates": [ [ -47.833088, -3.685563 ], [ -47.833178, -3.685473 ], [ -47.833358, -3.685473 ] ] } },
{ "type": "Feature", "properties": { }, "geometry": { "type": "LineString", "coordinates": [ [ -47.991281, -3.715118 ], [ -47.991371, -3.715118 ] ] } },
{ "type": "Feature", "properties": { }, "geometry": { "type": "LineString", "coordinates": [ [ -47.991281, -3.715118 ], [ -47.991061, -3.715047 ], [ -47.990927, -3.715004 ], [ -47.990792, -3.714959 ], [ -47.990666, -3.714916 ], [ -47.990473, -3.714848 ] ] } },
{ "type": "Feature", "properties": { }, "geometry": { "type": "LineString", "coordinates": [ [ -47.984005, -3.71359 ], [ -47.984114, -3.713454 ], [ -47.984175, -3.713373 ], [ -47.984274, -3.713231 ] ] } },
{ "type": "Feature", "properties": { }, "geometry": { "type": "LineString", "coordinates": [ [ -47.859049, -3.691761 ], [ -47.859498, -3.691761 ] ] } },
{ "type": "Feature", "properties": { }, "geometry": { "type": "LineString", "coordinates": [ [ -47.859049, -3.691761 ], [ -47.858959, -3.691672 ] ] } },
{ "type": "Feature", "properties": { }, "geometry": { "type": "LineString", "coordinates": [ [ -47.910972, -3.672178 ], [ -47.911062, -3.672178 ] ] } },
{ "type": "Feature", "properties": { }, "geometry": { "type": "LineString", "coordinates": [ [ -47.910972, -3.672178 ], [ -47.910638, -3.672127 ], [ -47.910422, -3.672095 ], [ -47.910188, -3.67206 ], [ -47.909942, -3.672024 ], [ -47.909899, -3.672018 ] ] } },
{ "type": "Feature", "properties": { }, "geometry": { "type": "LineString", "coordinates": [ [ -47.878722, -3.717992 ], [ -47.878812, -3.717992 ] ] } },
{ "type": "Feature", "properties": { }, "geometry": { "type": "LineString", "coordinates": [ [ -47.878722, -3.717992 ], [ -47.878248, -3.717957 ], [ -47.877984, -3.717937 ], [ -47.877555, -3.717902 ] ] } },
{ "type": "Feature", "properties": { }, "geometry": { "type": "LineString", "coordinates": [ [ -47.983556, -3.710716 ], [ -47.983646, -3.710716 ] ] } },
{ "type": "Feature", "properties": { }, "geometry": { "type": "LineString", "coordinates": [ [ -47.835424, -3.693199 ], [ -47.835513, -3.693199 ] ] } },
{ "type": "Feature", "properties": { }, "geometry": { "type": "LineString", "coordinates": [ [ -47.990473, -3.674065 ], [ -47.990563, -3.674065 ] ] } },
{ "type": "Feature", "properties": { }, "geometry": { "type": "LineString", "coordinates": [ [ -47.990473, -3.674065 ], [ -47.990473, -3.673975 ] ] } },
{ "type": "Feature", "properties": { }, "geometry": { "type": "LineString", "coordinates": [ [ -47.884472, -3.723741 ], [ -47.884472, -3.723652 ] ] } },
{ "type": "Feature", "properties": { }, "geometry": { "type": "LineString", "coordinates": [ [ -47.961278, -3.719789 ], [ -47.961378, -3.719627 ], [ -47.961437, -3.719523 ], [ -47.961495, -3.719407 ], [ -47.961551, -3.71928 ], [ -47.961602, -3.719139 ], [ -47.96165, -3.718981 ], [ -47.961694, -3.718803 ], [ -47.961734, -3.718609 ], [ -47.961768, -3.718412 ], [ -47.961817, -3.718082 ] ] } },
{ "type": "Feature", "properties": { }, "geometry": { "type": "LineString", "coordinates": [ [ -47.961278, -3.719789 ], [ -47.961035, -3.719627 ], [ -47.96087, -3.719513 ], [ -47.960682, -3.719381 ], [ -47.960478, -3.719234 ], [ -47.960266, -3.719081 ], [ -47.960055, -3.71893 ], [ -47.959853, -3.71879 ], [ -47.959671, -3.718668 ], [ -47.959515, -3.718568 ], [ -47.959301, -3.718441 ] ] } },
{ "type": "Feature", "properties": { }, "geometry": { "type": "LineString", "coordinates": [ [ -47.961278, -3.719789 ], [ -47.961215, -3.720206 ], [ -47.96117, -3.720451 ], [ -47.961115, -3.720692 ], [ -47.961048, -3.720914 ], [ -47.960969, -3.721113 ], [ -47.960877, -3.721286 ], [ -47.960772, -3.721431 ], [ -47.960655, -3.721549 ], [ -47.960527, -3.721639 ], [ -47.960392, -3.721701 ], [ -47.96025, -3.721735 ], [ -47.960104, -3.721741 ], [ -47.959956, -3.721723 ], [ -47.959807, -3.721683 ], [ -47.95966, -3.721627 ], [ -47.959515, -3.721561 ], [ -47.959375, -3.721489 ], [ -47.959237, -3.721415 ], [ -47.959101, -3.721341 ], [ -47.958964, -3.721268 ], [ -47.958825, -3.721196 ], [ -47.958682, -3.721121 ], [ -47.958534, -3.721042 ], [ -47.958381, -3.720957 ], [ -47.958226, -3.720866 ], [ -47.958081, -3.720769 ], [ -47.957864, -3.720597 ] ] } },
{ "type": "Feature", "properties": { }, "geometry": { "type": "LineString", "coordinates": [ [ -47.884202, -3.721316 ], [ -47.884202, -3.721226 ] ] } },
{ "type": "Feature", "properties": { }, "geometry": { "type": "LineString", "coordinates": [ [ -47.908996, -3.671819 ], [ -47.908881, -3.6717 ], [ -47.908807, -3.671628 ], [ -47.908727, -3.671555 ], [ -47.908645, -3.671485 ], [ -47.908563, -3.67142 ], [ -47.908486, -3.671363 ], [ -47.908367, -3.67128 ] ] } },
{ "type": "Feature", "properties": { }, "geometry": { "type": "LineString", "coordinates": [ [ -47.884292, -3.709548 ], [ -47.885413, -3.709513 ], [ -47.886044, -3.709492 ], [ -47.887077, -3.709458 ] ] } },
{ "type": "Feature", "properties": { }, "geometry": { "type": "LineString", "coordinates": [ [ -47.884382, -3.706853 ], [ -47.884472, -3.706853 ] ] } },
{ "type": "Feature", "properties": { }, "geometry": { "type": "LineString", "coordinates": [ [ -47.884382, -3.706853 ], [ -47.884382, -3.706763 ] ] } },
{ "type": "Feature", "properties": { }, "geometry": { "type": "LineString", "coordinates": [ [ -47.998198, -3.720957 ], [ -47.998198, -3.720867 ] ] } },
{ "type": "Feature", "properties": { }, "geometry": { "type": "LineString", "coordinates": [ [ -47.987329, -3.690144 ], [ -47.987419, -3.690144 ] ] } },
{ "type": "Feature", "properties": { }, "geometry": { "type": "LineString", "coordinates": [ [ -47.987329, -3.690144 ], [ -47.987119, -3.69007 ], [ -47.986984, -3.690022 ], [ -47.986838, -3.689969 ], [ -47.986686, -3.689912 ], [ -47.986533, -3.689852 ], [ -47.986388, -3.689792 ], [ -47.986161, -3.689695 ] ] } },
{ "type": "Feature", "properties": { }, "geometry": { "type": "LineString", "coordinates": [ [ -47.967476, -3.731018 ], [ -47.96719, -3.730947 ], [ -47.967014, -3.730904 ], [ -47.96686, -3.730912 ], [ -47.966663, -3.730816 ], [ -47.96653, -3.73089 ], [ -47.966398, -3.730748 ] ] } },
{ "type": "Feature", "properties": { }, "geometry": { "type": "LineString", "coordinates": [ [ -47.885535, -3.733604 ], [ -47.88555, -3.733174 ] ] } },
{ "type": "Feature", "properties": { }, "geometry": { "type": "LineString", "coordinates": [ [ -47.898126, -3.675322 ], [ -47.898216, -3.675322 ] ] } },
{ "type": "Feature", "properties": { }, "geometry": { "type": "LineString", "coordinates": [ [ -47.898126, -3.675322 ], [ -47.898036, -3.675232 ] ] } },
{ "type": "Feature", "properties": { }, "geometry": { "type": "LineString", "coordinates": [ [ -47.884561, -3.723652 ], [ -47.886807, -3.723652 ] ] } },
{ "type": "Feature", "properties": { }, "geometry": { "type": "LineString", "coordinates": [ [ -47.988497, -3.702272 ], [ -47.988408, -3.702104 ], [ -47.988343, -3.701994 ], [ -47.988266, -3.701871 ], [ -47.988179, -3.701735 ], [ -47.988084, -3.701585 ], [ -47.987986, -3.701417 ], [ -47.987892, -3.70123 ], [ -47.987807, -3.701023 ], [ -47.987733, -3.7008 ], [ -47.987674, -3.700576 ], [ -47.987598, -3.700206 ] ] } },
{ "type": "Feature", "properties": { }, "geometry": { "type": "LineString", "coordinates": [ [ -47.959301, -3.727694 ], [ -47.959391, -3.727694 ] ] } },
{ "type": "Feature", "properties": { }, "geometry": { "type": "LineString", "coordinates": [ [ -47.959301, -3.727694 ], [ -47.959211, -3.727604 ], [ -47.959122, -3.727604 ] ] } },
{ "type": "Feature", "properties": { }, "geometry": { "type": "LineString", "coordinates": [ [ -47.868931, -3.6976 ], [ -47.868982, -3.697373 ], [ -47.869015, -3.697218 ], [ -47.86905, -3.697038 ], [ -47.869084, -3.696831 ], [ -47.869115, -3.696593 ], [ -47.86914, -3.696322 ], [ -47.869156, -3.696019 ], [ -47.869159, -3.695692 ], [ -47.869148, -3.695355 ], [ -47.869125, -3.695024 ], [ -47.869091, -3.694722 ], [ -47.869021, -3.694277 ] ] } },
{ "type": "Feature", "properties": { }, "geometry": { "type": "LineString", "coordinates": [ [ -47.96541, -3.730748 ], [ -47.96541, -3.730658 ] ] } },
{ "type": "Feature", "properties": { }, "geometry": { "type": "LineString", "coordinates": [ [ -48.001192, -3.731289 ], [ -48.001235, -3.730048 ], [ -48.001021, -3.729427 ], [ -48.000677, -3.72887 ], [ -48.000463, -3.727564 ], [ -47.999111, -3.72523 ], [ -47.998253, -3.724459 ], [ -47.998059, -3.724052 ], [ -47.998059, -3.723581 ], [ -47.99866, -3.722789 ], [ -47.999583, -3.722254 ], [ -47.999604, -3.72189 ], [ -47.997824, -3.715273 ], [ -47.99748, -3.714609 ], [ -47.997544, -3.713903 ], [ -47.997502, -3.71356 ], [ -47.996965, -3.713303 ], [ -47.995935, -3.71249 ], [ -47.995356, -3.71189 ], [ -47.994862, -3.711076 ], [ -47.994433, -3.710798 ], [ -47.994004, -3.710584 ], [ -47.993661, -3.710263 ], [ -47.992202, -3.708079 ], [ -47.991408, -3.707286 ], [ -47.989991, -3.706472 ], [ -47.987545, -3.705209 ], [ -47.987052, -3.70446 ], [ -47.986129, -3.703796 ], [ -47.984842, -3.702811 ], [ -47.98452, -3.702083 ], [ -47.984198, -3.701847 ], [ -47.983833, -3.701183 ], [ -47.982975, -3.700049 ], [ -47.98276, -3.699064 ] ] } },
{ "type": "Feature", "properties": { }, "geometry": { "type": "LineString", "coordinates": [ [ -47.887167, -3.71943 ], [ -47.887167, -3.717902 ], [ -47.887077, -3.717813 ] ] } },
{ "type": "Feature", "properties": { }, "geometry": { "type": "LineString", "coordinates": [ [ -47.917799, -3.676131 ], [ -47.917851, -3.67582 ], [ -47.917885, -3.675634 ], [ -47.917922, -3.675449 ], [ -47.917962, -3.675275 ], [ -47.918004, -3.675113 ], [ -47.918047, -3.674966 ], [ -47.918092, -3.674829 ], [ -47.918136, -3.674702 ], [ -47.918181, -3.674579 ], [ -47.918226, -3.674458 ], [ -47.918271, -3.674336 ], [ -47.918316, -3.674209 ], [ -47.918361, -3.674078 ], [ -47.918406, -3.673939 ], [ -47.918451, -3.673792 ], [ -47.918496, -3.673636 ], [ -47.918541, -3.673472 ], [ -47.918586, -3.6733 ], [ -47.91863, -3.673122 ], [ -47.918675, -3.672937 ], [ -47.918718, -3.672747 ], [ -47.91876, -3.672553 ], [ -47.918799, -3.672359 ], [ -47.918833, -3.672178 ], [ -47.918877, -3.671909 ] ] } },
{ "type": "Feature", "properties": { }, "geometry": { "type": "LineString", "coordinates": [ [ -47.989575, -3.717543 ], [ -47.989487, -3.717405 ], [ -47.989421, -3.717311 ], [ -47.989338, -3.717202 ], [ -47.989231, -3.717076 ], [ -47.989096, -3.716932 ], [ -47.988931, -3.716765 ], [ -47.988737, -3.716578 ], [ -47.988521, -3.716372 ], [ -47.988293, -3.716156 ], [ -47.988067, -3.71594 ], [ -47.987856, -3.715735 ], [ -47.987673, -3.715554 ], [ -47.987419, -3.715297 ] ] } },
{ "type": "Feature", "properties": { }, "geometry": { "type": "LineString", "coordinates": [ [ -47.92292, -3.680892 ], [ -47.92292, -3.680802 ] ] } },
{ "type": "Feature", "properties": { }, "geometry": { "type": "LineString", "coordinates": [ [ -47.9867, -3.679993 ], [ -47.98661, -3.679904 ], [ -47.98661, -3.679275 ] ] } },
{ "type": "Feature", "properties": { }, "geometry": { "type": "LineString", "coordinates": [ [ -47.902258, -3.694906 ], [ -47.902348, -3.694816 ] ] } },
{ "type": "Feature", "properties": { }, "geometry": { "type": "LineString", "coordinates": [ [ -47.987239, -3.715028 ], [ -47.987329, -3.715028 ] ] } },
{ "type": "Feature", "properties": { }, "geometry": { "type": "LineString", "coordinates": [ [ -47.987239, -3.715028 ], [ -47.986886, -3.714741 ], [ -47.986654, -3.714546 ], [ -47.986397, -3.714326 ], [ -47.986126, -3.714086 ], [ -47.985848, -3.713834 ], [ -47.985573, -3.71358 ], [ -47.985309, -3.713334 ], [ -47.985072, -3.713111 ], [ -47.984724, -3.712782 ] ] } },
{ "type": "Feature", "properties": { }, "geometry": { "type": "LineString", "coordinates": [ [ -47.91196, -3.689605 ], [ -47.912876, -3.689535 ], [ -47.913406, -3.689494 ], [ -47.914296, -3.689426 ] ] } },
{ "type": "Feature", "properties": { }, "geometry": { "type": "LineString", "coordinates": [ [ -47.91196, -3.689605 ], [ -47.911504, -3.689501 ], [ -47.911239, -3.68944 ], [ -47.910792, -3.689336 ] ] } },
{ "type": "Feature", "properties": { }, "geometry": { "type": "LineString", "coordinates": [ [ -47.989575, -3.707392 ], [ -47.989575, -3.707302 ] ] } },
{ "type": "Feature", "properties": { }, "geometry": { "type": "LineString", "coordinates": [ [ -47.939538, -3.678736 ], [ -47.939538, -3.678646 ] ] } },
{ "type": "Feature", "properties": { }, "geometry": { "type": "LineString", "coordinates": [ [ -47.947623, -3.712962 ], [ -47.947518, -3.712884 ] ] } },
{ "type": "Feature", "properties": { }, "geometry": { "type": "LineString", "coordinates": [ [ -47.903696, -3.698409 ], [ -47.903696, -3.698319 ] ] } },
{ "type": "Feature", "properties": { }, "geometry": { "type": "LineString", "coordinates": [ [ -47.881597, -3.723831 ], [ -47.881956, -3.723472 ] ] } },
{ "type": "Feature", "properties": { }, "geometry": { "type": "LineString", "coordinates": [ [ -47.901629, -3.709189 ], [ -47.901576, -3.709023 ], [ -47.901542, -3.70892 ], [ -47.901507, -3.708817 ], [ -47.90145, -3.70865 ] ] } },
{ "type": "Feature", "properties": { }, "geometry": { "type": "LineString", "coordinates": [ [ -47.901629, -3.709189 ], [ -47.901279, -3.709158 ], [ -47.901075, -3.709138 ], [ -47.900731, -3.709099 ] ] } },
{ "type": "Feature", "properties": { }, "geometry": { "type": "LineString", "coordinates": [ [ -47.983466, -3.728143 ], [ -47.983466, -3.728053 ] ] } },
{ "type": "Feature", "properties": { }, "geometry": { "type": "LineString", "coordinates": [ [ -47.956517, -3.720238 ], [ -47.956446, -3.720097 ], [ -47.956405, -3.720016 ], [ -47.956337, -3.719879 ] ] } },
{ "type": "Feature", "properties": { }, "geometry": { "type": "LineString", "coordinates": [ [ -47.985442, -3.699756 ], [ -47.985532, -3.699756 ] ] } },
{ "type": "Feature", "properties": { }, "geometry": { "type": "LineString", "coordinates": [ [ -47.98149, -3.703709 ], [ -47.98149, -3.703619 ] ] } },
{ "type": "Feature", "properties": { }, "geometry": { "type": "LineString", "coordinates": [ [ -47.887167, -3.712333 ], [ -47.887167, -3.709548 ], [ -47.887077, -3.709458 ] ] } },
{ "type": "Feature", "properties": { }, "geometry": { "type": "LineString", "coordinates": [ [ -47.977178, -3.701194 ], [ -47.977178, -3.701104 ] ] } },
{ "type": "Feature", "properties": { }, "geometry": { "type": "LineString", "coordinates": [ [ -47.857073, -3.682599 ], [ -47.857163, -3.682599 ] ] } },
{ "type": "Feature", "properties": { }, "geometry": { "type": "LineString", "coordinates": [ [ -47.857073, -3.682599 ], [ -47.856255, -3.68176 ], [ -47.855813, -3.681297 ], [ -47.855424, -3.680878 ], [ -47.855117, -3.680535 ], [ -47.854737, -3.680083 ] ] } },
{ "type": "Feature", "properties": { }, "geometry": { "type": "LineString", "coordinates": [ [ -47.857073, -3.682599 ], [ -47.856814, -3.682625 ], [ -47.856656, -3.682632 ], [ -47.856492, -3.68263 ], [ -47.856328, -3.682617 ], [ -47.856165, -3.682594 ], [ -47.856003, -3.682562 ], [ -47.855839, -3.682525 ], [ -47.855672, -3.682484 ], [ -47.855503, -3.68244 ], [ -47.855332, -3.682395 ], [ -47.855165, -3.682349 ], [ -47.855004, -3.682303 ], [ -47.854857, -3.682257 ], [ -47.85473, -3.682215 ], [ -47.854558, -3.682149 ] ] } },
{ "type": "Feature", "properties": { }, "geometry": { "type": "LineString", "coordinates": [ [ -47.909984, -3.705416 ], [ -47.909984, -3.705326 ] ] } },
{ "type": "Feature", "properties": { }, "geometry": { "type": "LineString", "coordinates": [ [ -47.913936, -3.672088 ], [ -47.914999, -3.672048 ], [ -47.91565, -3.672028 ], [ -47.916313, -3.672013 ], [ -47.916934, -3.672004 ], [ -47.917889, -3.671998 ] ] } },
{ "type": "Feature", "properties": { }, "geometry": { "type": "LineString", "coordinates": [ [ -47.985173, -3.709818 ], [ -47.985263, -3.709818 ] ] } },
{ "type": "Feature", "properties": { }, "geometry": { "type": "LineString", "coordinates": [ [ -47.989934, -3.722753 ], [ -47.99013, -3.722597 ], [ -47.99025, -3.722508 ], [ -47.99037, -3.722426 ], [ -47.990563, -3.722304 ] ] } },
{ "type": "Feature", "properties": { }, "geometry": { "type": "LineString", "coordinates": [ [ -47.942054, -3.706494 ], [ -47.942143, -3.706494 ] ] } },
{ "type": "Feature", "properties": { }, "geometry": { "type": "LineString", "coordinates": [ [ -47.942054, -3.706494 ], [ -47.941643, -3.706426 ], [ -47.941379, -3.706384 ], [ -47.941092, -3.70634 ], [ -47.940794, -3.706298 ], [ -47.940495, -3.706257 ], [ -47.940205, -3.706218 ], [ -47.939939, -3.706184 ], [ -47.939538, -3.706134 ] ] } },
{ "type": "Feature", "properties": { }, "geometry": { "type": "LineString", "coordinates": [ [ -47.929208, -3.710896 ], [ -47.929179, -3.709769 ], [ -47.929159, -3.709143 ], [ -47.929136, -3.70857 ], [ -47.929109, -3.708085 ], [ -47.929079, -3.707702 ], [ -47.929028, -3.707212 ] ] } },
{ "type": "Feature", "properties": { }, "geometry": { "type": "LineString", "coordinates": [ [ -47.929208, -3.710896 ], [ -47.928831, -3.71089 ], [ -47.928558, -3.710881 ], [ -47.92823, -3.710864 ], [ -47.927851, -3.710841 ], [ -47.92743, -3.71081 ], [ -47.926983, -3.710774 ], [ -47.926527, -3.710733 ], [ -47.926082, -3.71069 ], [ -47.925665, -3.710645 ], [ -47.925363, -3.710694 ], [ -47.924962, -3.710554 ], [ -47.924697, -3.710512 ], [ -47.924357, -3.710446 ] ] } },
{ "type": "Feature", "properties": { }, "geometry": { "type": "LineString", "coordinates": [ [ -47.98661, -3.716196 ], [ -47.98661, -3.716106 ] ] } },
{ "type": "Feature", "properties": { }, "geometry": { "type": "LineString", "coordinates": [ [ -47.98661, -3.716196 ], [ -47.9865, -3.716344 ], [ -47.986421, -3.716422 ], [ -47.986324, -3.716487 ], [ -47.986211, -3.716528 ], [ -47.986082, -3.71654 ], [ -47.985941, -3.716523 ], [ -47.985796, -3.716478 ], [ -47.985658, -3.716415 ], [ -47.985442, -3.716285 ] ] } },
{ "type": "Feature", "properties": { }, "geometry": { "type": "LineString", "coordinates": [ [ -47.867314, -3.699577 ], [ -47.867314, -3.699487 ] ] } },
{ "type": "Feature", "properties": { }, "geometry": { "type": "LineString", "coordinates": [ [ -47.920225, -3.680802 ], [ -47.920225, -3.680712 ] ] } },
{ "type": "Feature", "properties": { }, "geometry": { "type": "LineString", "coordinates": [ [ -47.920225, -3.680802 ], [ -47.920064, -3.680902 ], [ -47.919963, -3.68096 ], [ -47.919856, -3.681018 ], [ -47.919745, -3.68107 ], [ -47.919632, -3.681117 ], [ -47.919519, -3.681157 ], [ -47.919407, -3.68119 ], [ -47.9193, -3.681216 ], [ -47.919202, -3.681234 ], [ -47.919057, -3.681251 ] ] } },
{ "type": "Feature", "properties": { }, "geometry": { "type": "LineString", "coordinates": [ [ -47.99182, -3.722753 ], [ -47.991768, -3.722527 ], [ -47.991733, -3.722393 ], [ -47.991695, -3.722259 ], [ -47.991654, -3.722131 ], [ -47.991611, -3.722012 ], [ -47.991568, -3.721904 ], [ -47.991526, -3.72181 ], [ -47.991461, -3.721675 ] ] } },
{ "type": "Feature", "properties": { }, "geometry": { "type": "LineString", "coordinates": [ [ -47.951396, -3.710806 ], [ -47.951396, -3.710716 ] ] } },
{ "type": "Feature", "properties": { }, "geometry": { "type": "LineString", "coordinates": [ [ -47.884202, -3.712333 ], [ -47.884202, -3.712243 ] ] } },
{ "type": "Feature", "properties": { }, "geometry": { "type": "LineString", "coordinates": [ [ -47.904235, -3.69769 ], [ -47.904004, -3.697608 ], [ -47.90385, -3.697567 ], [ -47.903677, -3.697538 ], [ -47.90349, -3.697524 ], [ -47.903295, -3.697529 ], [ -47.903104, -3.697547 ], [ -47.902797, -3.6976 ] ] } },
{ "type": "Feature", "properties": { }, "geometry": { "type": "LineString", "coordinates": [ [ -47.85321, -3.698319 ], [ -47.853262, -3.697188 ], [ -47.853296, -3.696451 ], [ -47.853333, -3.695643 ], [ -47.853371, -3.694794 ], [ -47.853411, -3.693927 ], [ -47.85345, -3.693068 ], [ -47.853487, -3.692246 ], [ -47.85352, -3.691505 ], [ -47.85357, -3.690414 ] ] } },
{ "type": "Feature", "properties": { }, "geometry": { "type": "LineString", "coordinates": [ [ -47.863721, -3.698858 ], [ -47.86381, -3.698858 ] ] } },
{ "type": "Feature", "properties": { }, "geometry": { "type": "LineString", "coordinates": [ [ -47.863721, -3.698858 ], [ -47.863447, -3.698906 ], [ -47.863278, -3.698935 ], [ -47.863103, -3.698963 ], [ -47.862929, -3.698987 ], [ -47.862762, -3.699003 ], [ -47.862602, -3.69901 ], [ -47.862451, -3.699004 ], [ -47.862306, -3.698984 ], [ -47.862167, -3.698952 ], [ -47.862035, -3.698908 ], [ -47.861917, -3.698859 ], [ -47.861744, -3.698768 ] ] } },
{ "type": "Feature", "properties": { }, "geometry": { "type": "LineString", "coordinates": [ [ -47.940347, -3.678556 ], [ -47.940437, -3.678556 ] ] } },
{ "type": "Feature", "properties": { }, "geometry": { "type": "LineString", "coordinates": [ [ -47.875488, -3.710536 ], [ -47.875488, -3.710446 ] ] } },
{ "type": "Feature", "properties": { }, "geometry": { "type": "LineString", "coordinates": [ [ -47.896689, -3.685833 ], [ -47.896766, -3.685073 ], [ -47.896816, -3.684609 ], [ -47.896868, -3.684149 ], [ -47.896958, -3.683407 ] ] } },
{ "type": "Feature", "properties": { }, "geometry": { "type": "LineString", "coordinates": [ [ -47.963523, -3.729041 ], [ -47.963638, -3.728875 ], [ -47.96371, -3.728769 ], [ -47.963786, -3.728656 ], [ -47.963863, -3.728538 ], [ -47.963942, -3.728418 ], [ -47.964022, -3.728295 ], [ -47.964102, -3.72817 ], [ -47.964181, -3.728045 ], [ -47.96426, -3.727918 ], [ -47.964338, -3.727789 ], [ -47.964415, -3.727656 ], [ -47.964491, -3.727517 ], [ -47.964567, -3.727372 ], [ -47.964642, -3.727221 ], [ -47.964714, -3.727069 ], [ -47.964779, -3.726925 ], [ -47.964871, -3.726706 ] ] } },
{ "type": "Feature", "properties": { }, "geometry": { "type": "LineString", "coordinates": [ [ -47.963523, -3.729041 ], [ -47.963372, -3.728969 ], [ -47.963275, -3.728922 ], [ -47.963172, -3.72887 ], [ -47.963065, -3.728814 ], [ -47.962954, -3.728753 ], [ -47.96284, -3.728689 ], [ -47.962723, -3.72862 ], [ -47.962601, -3.728547 ], [ -47.962475, -3.728469 ], [ -47.962342, -3.728388 ], [ -47.962201, -3.728302 ], [ -47.962048, -3.728212 ], [ -47.961884, -3.728116 ], [ -47.961713, -3.728019 ], [ -47.961545, -3.727927 ], [ -47.961278, -3.727784 ] ] } },
{ "type": "Feature", "properties": { }, "geometry": { "type": "LineString", "coordinates": [ [ -47.892826, -3.691672 ], [ -47.892726, -3.691338 ], [ -47.892667, -3.691118 ], [ -47.892609, -3.690874 ], [ -47.892556, -3.690613 ], [ -47.892508, -3.690342 ], [ -47.892466, -3.690067 ], [ -47.892432, -3.689797 ], [ -47.892406, -3.689539 ], [ -47.892388, -3.6893 ], [ -47.892379, -3.689092 ], [ -47.892377, -3.688797 ] ] } },
{ "type": "Feature", "properties": { }, "geometry": { "type": "LineString", "coordinates": [ [ -47.922021, -3.710446 ], [ -47.921968, -3.708119 ], [ -47.921933, -3.706749 ], [ -47.921895, -3.705411 ], [ -47.921855, -3.704195 ], [ -47.921815, -3.703161 ], [ -47.921752, -3.701733 ] ] } },
{ "type": "Feature", "properties": { }, "geometry": { "type": "LineString", "coordinates": [ [ -47.922021, -3.710446 ], [ -47.921673, -3.710441 ], [ -47.921445, -3.710432 ], [ -47.921193, -3.710415 ], [ -47.920927, -3.710392 ], [ -47.920653, -3.710361 ], [ -47.920376, -3.710325 ], [ -47.920101, -3.710285 ], [ -47.91983, -3.710243 ], [ -47.91956, -3.710199 ], [ -47.91929, -3.710154 ], [ -47.919017, -3.710108 ], [ -47.91874, -3.710062 ], [ -47.918461, -3.710016 ], [ -47.918183, -3.709969 ], [ -47.917918, -3.709924 ], [ -47.917683, -3.709881 ], [ -47.91735, -3.709818 ] ] } },
{ "type": "Feature", "properties": { }, "geometry": { "type": "LineString", "coordinates": [ [ -47.953822, -3.715477 ], [ -47.953774, -3.715205 ], [ -47.953745, -3.715043 ], [ -47.953715, -3.714879 ], [ -47.953685, -3.714718 ], [ -47.953656, -3.714555 ], [ -47.953624, -3.714385 ], [ -47.953586, -3.714198 ], [ -47.953535, -3.713988 ], [ -47.953466, -3.71375 ], [ -47.953374, -3.713487 ], [ -47.953258, -3.713206 ], [ -47.953123, -3.71292 ], [ -47.952982, -3.712651 ], [ -47.952744, -3.712243 ] ] } },
{ "type": "Feature", "properties": { }, "geometry": { "type": "LineString", "coordinates": [ [ -47.916991, -3.709099 ], [ -47.916991, -3.709009 ] ] } },
{ "type": "Feature", "properties": { }, "geometry": { "type": "LineString", "coordinates": [ [ -47.919057, -3.681251 ], [ -47.919057, -3.681161 ] ] } },
{ "type": "Feature", "properties": { }, "geometry": { "type": "LineString", "coordinates": [ [ -47.882046, -3.723382 ], [ -47.882919, -3.722544 ], [ -47.883408, -3.722076 ], [ -47.884202, -3.721316 ] ] } },
{ "type": "Feature", "properties": { }, "geometry": { "type": "LineString", "coordinates": [ [ -47.926064, -3.679993 ], [ -47.926207, -3.679853 ], [ -47.926294, -3.679761 ], [ -47.926384, -3.679659 ], [ -47.926472, -3.67955 ], [ -47.926554, -3.679435 ], [ -47.926631, -3.679316 ], [ -47.926701, -3.679193 ], [ -47.926764, -3.679069 ], [ -47.92682, -3.678945 ], [ -47.926869, -3.678826 ], [ -47.926909, -3.678717 ], [ -47.926962, -3.678556 ] ] } },
{ "type": "Feature", "properties": { }, "geometry": { "type": "LineString", "coordinates": [ [ -47.926064, -3.679993 ], [ -47.925794, -3.679724 ], [ -47.925794, -3.679634 ] ] } },
{ "type": "Feature", "properties": { }, "geometry": { "type": "LineString", "coordinates": [ [ -47.980591, -3.67128 ], [ -47.980591, -3.6711 ] ] } },
{ "type": "Feature", "properties": { }, "geometry": { "type": "LineString", "coordinates": [ [ -47.833447, -3.685473 ], [ -47.833537, -3.685473 ] ] } },
{ "type": "Feature", "properties": { }, "geometry": { "type": "LineString", "coordinates": [ [ -47.833447, -3.685473 ], [ -47.833447, -3.685383 ] ] } },
{ "type": "Feature", "properties": { }, "geometry": { "type": "LineString", "coordinates": [ [ -47.999007, -3.722843 ], [ -47.999097, -3.722843 ] ] } },
{ "type": "Feature", "properties": { }, "geometry": { "type": "LineString", "coordinates": [ [ -47.999007, -3.722843 ], [ -47.99866, -3.722789 ], [ -47.998548, -3.722757 ], [ -47.998383, -3.722721 ], [ -47.998231, -3.722682 ], [ -47.998095, -3.722644 ], [ -47.997973, -3.722609 ], [ -47.997862, -3.722577 ], [ -47.997759, -3.722551 ], [ -47.99766, -3.722533 ], [ -47.997563, -3.722523 ], [ -47.997464, -3.722519 ], [ -47.997361, -3.722518 ], [ -47.997252, -3.722517 ], [ -47.997136, -3.72251 ], [ -47.997015, -3.722493 ], [ -47.99689, -3.722465 ], [ -47.996766, -3.722426 ], [ -47.996654, -3.722382 ], [ -47.996492, -3.722304 ] ] } },
{ "type": "Feature", "properties": { }, "geometry": { "type": "LineString", "coordinates": [ [ -47.980142, -3.694726 ], [ -47.979693, -3.694277 ], [ -47.979603, -3.694277 ] ] } },
{ "type": "Feature", "properties": { }, "geometry": { "type": "LineString", "coordinates": [ [ -47.999636, -3.722035 ], [ -47.999725, -3.722035 ] ] } },
{ "type": "Feature", "properties": { }, "geometry": { "type": "LineString", "coordinates": [ [ -47.999636, -3.722035 ], [ -47.999604, -3.72189 ] ] } },
{ "type": "Feature", "properties": { }, "geometry": { "type": "LineString", "coordinates": [ [ -47.880519, -3.713501 ], [ -47.880609, -3.713501 ] ] } },
{ "type": "Feature", "properties": { }, "geometry": { "type": "LineString", "coordinates": [ [ -47.880519, -3.713501 ], [ -47.880519, -3.713411 ] ] } },
{ "type": "Feature", "properties": { }, "geometry": { "type": "LineString", "coordinates": [ [ -47.984454, -3.706404 ], [ -47.984544, -3.706404 ] ] } },
{ "type": "Feature", "properties": { }, "geometry": { "type": "LineString", "coordinates": [ [ -47.984454, -3.706404 ], [ -47.984024, -3.706027 ], [ -47.983777, -3.705815 ], [ -47.983542, -3.705619 ], [ -47.983334, -3.70545 ], [ -47.983161, -3.705317 ], [ -47.982927, -3.705146 ] ] } },
{ "type": "Feature", "properties": { }, "geometry": { "type": "LineString", "coordinates": [ [ -47.940347, -3.684395 ], [ -47.940616, -3.684126 ] ] } },
{ "type": "Feature", "properties": { }, "geometry": { "type": "LineString", "coordinates": [ [ -47.876566, -3.715207 ], [ -47.876656, -3.715207 ] ] } },
{ "type": "Feature", "properties": { }, "geometry": { "type": "LineString", "coordinates": [ [ -47.876566, -3.715207 ], [ -47.876566, -3.715118 ] ] } },
{ "type": "Feature", "properties": { }, "geometry": { "type": "LineString", "coordinates": [ [ -47.834974, -3.691402 ], [ -47.834922, -3.691158 ], [ -47.834888, -3.691003 ], [ -47.834848, -3.690839 ], [ -47.834805, -3.690674 ], [ -47.834758, -3.690512 ], [ -47.834706, -3.690357 ], [ -47.83465, -3.690211 ], [ -47.83459, -3.690076 ], [ -47.834532, -3.689957 ], [ -47.834435, -3.689785 ] ] } },
{ "type": "Feature", "properties": { }, "geometry": { "type": "LineString", "coordinates": [ [ -47.898216, -3.675322 ], [ -47.898216, -3.675232 ] ] } },
{ "type": "Feature", "properties": { }, "geometry": { "type": "LineString", "coordinates": [ [ -47.8745, -3.698229 ], [ -47.874058, -3.697833 ], [ -47.873804, -3.697609 ], [ -47.873564, -3.697399 ], [ -47.873356, -3.69722 ], [ -47.873063, -3.696972 ] ] } },
{ "type": "Feature", "properties": { }, "geometry": { "type": "LineString", "coordinates": [ [ -47.998378, -3.725718 ], [ -47.998468, -3.725718 ] ] } },
{ "type": "Feature", "properties": { }, "geometry": { "type": "LineString", "coordinates": [ [ -47.998378, -3.725718 ], [ -47.997907, -3.7253 ], [ -47.9976, -3.725028 ], [ -47.997264, -3.72473 ], [ -47.996916, -3.724422 ], [ -47.996579, -3.724125 ], [ -47.996042, -3.723652 ] ] } },
{ "type": "Feature", "properties": { }, "geometry": { "type": "LineString", "coordinates": [ [ -47.990383, -3.673885 ], [ -47.990473, -3.673885 ] ] } },
{ "type": "Feature", "properties": { }, "geometry": { "type": "LineString", "coordinates": [ [ -47.990383, -3.673885 ], [ -47.990024, -3.673833 ], [ -47.9898, -3.673799 ], [ -47.989565, -3.673762 ], [ -47.989325, -3.673721 ], [ -47.989082, -3.67368 ], [ -47.988838, -3.673637 ], [ -47.988595, -3.673593 ], [ -47.988354, -3.67355 ], [ -47.988118, -3.673507 ], [ -47.987893, -3.673466 ], [ -47.987683, -3.673428 ], [ -47.987499, -3.673394 ], [ -47.987239, -3.673346 ] ] } },
{ "type": "Feature", "properties": { }, "geometry": { "type": "LineString", "coordinates": [ [ -47.998468, -3.725718 ], [ -47.998468, -3.725628 ] ] } },
{ "type": "Feature", "properties": { }, "geometry": { "type": "LineString", "coordinates": [ [ -47.905492, -3.700655 ], [ -47.905466, -3.699821 ], [ -47.905438, -3.699348 ], [ -47.905393, -3.698909 ], [ -47.905328, -3.698537 ], [ -47.905241, -3.698243 ], [ -47.905132, -3.698025 ], [ -47.904999, -3.697872 ], [ -47.904847, -3.697773 ], [ -47.90468, -3.697713 ], [ -47.904512, -3.697686 ], [ -47.904235, -3.69769 ] ] } },
{ "type": "Feature", "properties": { }, "geometry": { "type": "LineString", "coordinates": [ [ -47.849797, -3.682958 ], [ -47.849975, -3.68289 ], [ -47.850087, -3.682847 ], [ -47.850205, -3.682802 ], [ -47.850325, -3.682757 ], [ -47.850448, -3.682712 ], [ -47.850575, -3.682667 ], [ -47.850704, -3.682621 ], [ -47.850838, -3.682576 ], [ -47.850977, -3.682531 ], [ -47.851121, -3.682486 ], [ -47.851274, -3.682441 ], [ -47.851437, -3.682397 ], [ -47.851618, -3.682353 ], [ -47.851821, -3.68231 ], [ -47.852053, -3.682269 ], [ -47.852317, -3.682233 ], [ -47.852614, -3.682201 ], [ -47.852937, -3.682176 ], [ -47.853274, -3.682158 ], [ -47.8536, -3.682149 ], [ -47.854109, -3.682149 ] ] } },
{ "type": "Feature", "properties": { }, "geometry": { "type": "LineString", "coordinates": [ [ -47.849797, -3.682958 ], [ -47.849098, -3.682311 ], [ -47.848709, -3.681956 ], [ -47.848351, -3.681635 ], [ -47.848046, -3.68137 ], [ -47.847795, -3.681161 ], [ -47.847591, -3.681001 ], [ -47.847424, -3.680877 ], [ -47.847281, -3.68078 ], [ -47.847155, -3.680701 ], [ -47.847038, -3.680633 ], [ -47.846927, -3.680572 ], [ -47.846818, -3.680518 ], [ -47.84671, -3.680469 ], [ -47.846603, -3.680426 ], [ -47.846501, -3.68039 ], [ -47.846411, -3.680367 ], [ -47.846293, -3.680353 ] ] } },
{ "type": "Feature", "properties": { }, "geometry": { "type": "LineString", "coordinates": [ [ -47.923099, -3.685383 ], [ -47.923009, -3.685294 ], [ -47.921662, -3.685294 ] ] } },
{ "type": "Feature", "properties": { }, "geometry": { "type": "LineString", "coordinates": [ [ -47.916901, -3.676131 ], [ -47.916991, -3.676131 ], [ -47.91708, -3.676041 ] ] } },
{ "type": "Feature", "properties": { }, "geometry": { "type": "LineString", "coordinates": [ [ -47.903606, -3.698319 ], [ -47.903696, -3.698319 ] ] } },
{ "type": "Feature", "properties": { }, "geometry": { "type": "LineString", "coordinates": [ [ -47.903606, -3.698319 ], [ -47.903441, -3.698227 ], [ -47.903335, -3.698159 ], [ -47.90322, -3.698075 ], [ -47.903101, -3.697978 ], [ -47.902985, -3.697873 ], [ -47.902797, -3.69769 ] ] } },
{ "type": "Feature", "properties": { }, "geometry": { "type": "LineString", "coordinates": [ [ -47.978615, -3.69275 ], [ -47.978705, -3.69275 ] ] } },
{ "type": "Feature", "properties": { }, "geometry": { "type": "LineString", "coordinates": [ [ -47.978615, -3.69275 ], [ -47.978615, -3.69266 ] ] } },
{ "type": "Feature", "properties": { }, "geometry": { "type": "LineString", "coordinates": [ [ -47.8851, -3.731467 ], [ -47.885075, -3.731106 ], [ -47.885053, -3.730892 ], [ -47.885023, -3.730683 ], [ -47.884988, -3.730492 ], [ -47.884921, -3.730209 ] ] } },
{ "type": "Feature", "properties": { }, "geometry": { "type": "LineString", "coordinates": [ [ -47.91708, -3.677838 ], [ -47.91717, -3.677838 ] ] } },
{ "type": "Feature", "properties": { }, "geometry": { "type": "LineString", "coordinates": [ [ -47.990293, -3.685563 ], [ -47.990383, -3.685473 ] ] } },
{ "type": "Feature", "properties": { }, "geometry": { "type": "LineString", "coordinates": [ [ -47.990293, -3.685563 ], [ -47.990096, -3.685495 ], [ -47.989965, -3.685452 ], [ -47.989818, -3.685407 ], [ -47.989657, -3.685362 ], [ -47.989484, -3.685316 ], [ -47.989304, -3.685269 ], [ -47.98912, -3.685223 ], [ -47.98894, -3.685177 ], [ -47.98877, -3.685131 ], [ -47.98862, -3.685089 ], [ -47.988407, -3.685024 ] ] } },
{ "type": "Feature", "properties": { }, "geometry": { "type": "LineString", "coordinates": [ [ -47.992539, -3.718262 ], [ -47.992898, -3.718262 ] ] } },
{ "type": "Feature", "properties": { }, "geometry": { "type": "LineString", "coordinates": [ [ -47.992898, -3.72437 ], [ -47.99286, -3.724228 ], [ -47.992843, -3.724135 ], [ -47.992833, -3.724034 ], [ -47.992834, -3.723927 ], [ -47.992845, -3.723818 ], [ -47.992867, -3.723708 ], [ -47.992898, -3.723599 ], [ -47.992937, -3.723492 ], [ -47.992982, -3.723386 ], [ -47.993031, -3.723282 ], [ -47.993084, -3.723178 ], [ -47.993139, -3.723075 ], [ -47.993195, -3.722973 ], [ -47.993251, -3.722872 ], [ -47.993306, -3.722772 ], [ -47.99336, -3.722673 ], [ -47.993413, -3.722575 ], [ -47.993466, -3.722476 ], [ -47.993522, -3.722375 ], [ -47.993582, -3.722271 ], [ -47.993647, -3.722162 ], [ -47.993717, -3.722049 ], [ -47.99379, -3.721935 ], [ -47.993862, -3.72183 ], [ -47.993976, -3.721675 ] ] } },
{ "type": "Feature", "properties": { }, "geometry": { "type": "LineString", "coordinates": [ [ -47.99182, -3.720058 ], [ -47.991891, -3.719953 ], [ -47.991932, -3.719892 ], [ -47.992, -3.719789 ] ] } },
{ "type": "Feature", "properties": { }, "geometry": { "type": "LineString", "coordinates": [ [ -47.839915, -3.679904 ], [ -47.839915, -3.679814 ] ] } },
{ "type": "Feature", "properties": { }, "geometry": { "type": "LineString", "coordinates": [ [ -47.892646, -3.702631 ], [ -47.898396, -3.702631 ] ] } },
{ "type": "Feature", "properties": { }, "geometry": { "type": "LineString", "coordinates": [ [ -47.892646, -3.702631 ], [ -47.892608, -3.702306 ], [ -47.892591, -3.702081 ], [ -47.892583, -3.701823 ], [ -47.892587, -3.701541 ], [ -47.892604, -3.701247 ], [ -47.892637, -3.700954 ], [ -47.892683, -3.700676 ], [ -47.892744, -3.700421 ], [ -47.892817, -3.700191 ], [ -47.892899, -3.699987 ], [ -47.892988, -3.699805 ], [ -47.893078, -3.699641 ], [ -47.893167, -3.699492 ], [ -47.893251, -3.699356 ], [ -47.89333, -3.699228 ], [ -47.893404, -3.699108 ], [ -47.893472, -3.698994 ], [ -47.893536, -3.698884 ], [ -47.893596, -3.698778 ], [ -47.893652, -3.698676 ], [ -47.893705, -3.698582 ], [ -47.893751, -3.698503 ], [ -47.893814, -3.698409 ] ] } },
{ "type": "Feature", "properties": { }, "geometry": { "type": "LineString", "coordinates": [ [ -47.908636, -3.689516 ], [ -47.908636, -3.689426 ] ] } },
{ "type": "Feature", "properties": { }, "geometry": { "type": "LineString", "coordinates": [ [ -47.953732, -3.715657 ], [ -47.953822, -3.715567 ] ] } },
{ "type": "Feature", "properties": { }, "geometry": { "type": "LineString", "coordinates": [ [ -47.884921, -3.730209 ], [ -47.884921, -3.730119 ] ] } },
{ "type": "Feature", "properties": { }, "geometry": { "type": "LineString", "coordinates": [ [ -47.952654, -3.712243 ], [ -47.952744, -3.712243 ] ] } },
{ "type": "Feature", "properties": { }, "geometry": { "type": "LineString", "coordinates": [ [ -47.952654, -3.712243 ], [ -47.952431, -3.712388 ], [ -47.952288, -3.71247 ], [ -47.952133, -3.712543 ], [ -47.951973, -3.712597 ], [ -47.951812, -3.712626 ], [ -47.951653, -3.712624 ], [ -47.951499, -3.71259 ], [ -47.951353, -3.712527 ], [ -47.951219, -3.712442 ], [ -47.951097, -3.712342 ], [ -47.950995, -3.712238 ], [ -47.950857, -3.712063 ] ] } },
{ "type": "Feature", "properties": { }, "geometry": { "type": "LineString", "coordinates": [ [ -47.898485, -3.702182 ], [ -47.898575, -3.702182 ] ] } },
{ "type": "Feature", "properties": { }, "geometry": { "type": "LineString", "coordinates": [ [ -47.898485, -3.702182 ], [ -47.898491, -3.701923 ], [ -47.8985, -3.70173 ], [ -47.898516, -3.701483 ], [ -47.898539, -3.701161 ], [ -47.898568, -3.700741 ], [ -47.898602, -3.700198 ], [ -47.898637, -3.699519 ], [ -47.898672, -3.698717 ], [ -47.898705, -3.697853 ], [ -47.898755, -3.696343 ] ] } },
{ "type": "Feature", "properties": { }, "geometry": { "type": "LineString", "coordinates": [ [ -47.849437, -3.699038 ], [ -47.849798, -3.699008 ], [ -47.850026, -3.698987 ], [ -47.850266, -3.698963 ], [ -47.850503, -3.698936 ], [ -47.850723, -3.698908 ], [ -47.851054, -3.698858 ] ] } },
{ "type": "Feature", "properties": { }, "geometry": { "type": "LineString", "coordinates": [ [ -47.849437, -3.699038 ], [ -47.849115, -3.698906 ], [ -47.848922, -3.698828 ], [ -47.848729, -3.698751 ], [ -47.848546, -3.698676 ], [ -47.848378, -3.6986 ], [ -47.848229, -3.69852 ], [ -47.848099, -3.69843 ], [ -47.84799, -3.698327 ], [ -47.847903, -3.698207 ], [ -47.84784, -3.698072 ], [ -47.8478, -3.697923 ], [ -47.847783, -3.697766 ], [ -47.847786, -3.697606 ], [ -47.847809, -3.697448 ], [ -47.847848, -3.697295 ], [ -47.847902, -3.697148 ], [ -47.847967, -3.697009 ], [ -47.848041, -3.696884 ], [ -47.84818, -3.696702 ] ] } },
{ "type": "Feature", "properties": { }, "geometry": { "type": "LineString", "coordinates": [ [ -47.884382, -3.720867 ], [ -47.884382, -3.719789 ], [ -47.884292, -3.719699 ] ] } },
{ "type": "Feature", "properties": { }, "geometry": { "type": "LineString", "coordinates": [ [ -47.881238, -3.704248 ], [ -47.881328, -3.704248 ] ] } },
{ "type": "Feature", "properties": { }, "geometry": { "type": "LineString", "coordinates": [ [ -47.881238, -3.704248 ], [ -47.881238, -3.704158 ] ] } },
{ "type": "Feature", "properties": { }, "geometry": { "type": "LineString", "coordinates": [ [ -47.925704, -3.679544 ], [ -47.925794, -3.679544 ] ] } },
{ "type": "Feature", "properties": { }, "geometry": { "type": "LineString", "coordinates": [ [ -47.925704, -3.679544 ], [ -47.925459, -3.67944 ], [ -47.925317, -3.679379 ], [ -47.925075, -3.679275 ] ] } },
{ "type": "Feature", "properties": { }, "geometry": { "type": "LineString", "coordinates": [ [ -47.834435, -3.688258 ], [ -47.834525, -3.688258 ] ] } },
{ "type": "Feature", "properties": { }, "geometry": { "type": "LineString", "coordinates": [ [ -47.834435, -3.688258 ], [ -47.834291, -3.688334 ], [ -47.834194, -3.688379 ], [ -47.834083, -3.68842 ], [ -47.833961, -3.688452 ], [ -47.833832, -3.688466 ], [ -47.833699, -3.688457 ], [ -47.833569, -3.688418 ], [ -47.833449, -3.688348 ], [ -47.833344, -3.688248 ], [ -47.833258, -3.688124 ], [ -47.83319, -3.687987 ], [ -47.83314, -3.687851 ], [ -47.833088, -3.687629 ] ] } },
{ "type": "Feature", "properties": { }, "geometry": { "type": "LineString", "coordinates": [ [ -47.984544, -3.706404 ], [ -47.985274, -3.705638 ], [ -47.985682, -3.705211 ], [ -47.986341, -3.704517 ] ] } },
{ "type": "Feature", "properties": { }, "geometry": { "type": "LineString", "coordinates": [ [ -47.950857, -3.723023 ], [ -47.951075, -3.722984 ], [ -47.951214, -3.722966 ], [ -47.951364, -3.722955 ], [ -47.951523, -3.722952 ], [ -47.951688, -3.722957 ], [ -47.951859, -3.722971 ], [ -47.952026, -3.722988 ], [ -47.952294, -3.723023 ] ] } },
{ "type": "Feature", "properties": { }, "geometry": { "type": "LineString", "coordinates": [ [ -47.98661, -3.679275 ], [ -47.98661, -3.679185 ] ] } },
{ "type": "Feature", "properties": { }, "geometry": { "type": "LineString", "coordinates": [ [ -47.933699, -3.700385 ], [ -47.933699, -3.700295 ] ] } },
{ "type": "Feature", "properties": { }, "geometry": { "type": "LineString", "coordinates": [ [ -47.921639, -3.737101 ], [ -47.921594, -3.737401 ] ] } },
{ "type": "Feature", "properties": { }, "geometry": { "type": "LineString", "coordinates": [ [ -47.853659, -3.690234 ], [ -47.853781, -3.690037 ], [ -47.853858, -3.689913 ], [ -47.853943, -3.689782 ], [ -47.854031, -3.689648 ], [ -47.854122, -3.689515 ], [ -47.854213, -3.689383 ], [ -47.854302, -3.689253 ], [ -47.854388, -3.689124 ], [ -47.854469, -3.688997 ], [ -47.854545, -3.688872 ], [ -47.854618, -3.688747 ], [ -47.854689, -3.688623 ], [ -47.854762, -3.688498 ], [ -47.854837, -3.688371 ], [ -47.854916, -3.688242 ], [ -47.854998, -3.688112 ], [ -47.855083, -3.687981 ], [ -47.855168, -3.68785 ], [ -47.855253, -3.68772 ], [ -47.855338, -3.68759 ], [ -47.855424, -3.687459 ], [ -47.855509, -3.687329 ], [ -47.855595, -3.687198 ], [ -47.855682, -3.687066 ], [ -47.855768, -3.686935 ], [ -47.855854, -3.686805 ], [ -47.855938, -3.686676 ], [ -47.85602, -3.686548 ], [ -47.856101, -3.686423 ], [ -47.85618, -3.686299 ], [ -47.856258, -3.686176 ], [ -47.856336, -3.686053 ], [ -47.856415, -3.685929 ], [ -47.856494, -3.685805 ], [ -47.856574, -3.68568 ], [ -47.856655, -3.685554 ], [ -47.856736, -3.685428 ], [ -47.856819, -3.685301 ], [ -47.856904, -3.685171 ], [ -47.856992, -3.685037 ], [ -47.857086, -3.684899 ], [ -47.857183, -3.684757 ], [ -47.857283, -3.684611 ], [ -47.857384, -3.684465 ], [ -47.857483, -3.68432 ], [ -47.85758, -3.684177 ], [ -47.857672, -3.68404 ], [ -47.85776, -3.683908 ], [ -47.857839, -3.683788 ], [ -47.857903, -3.683691 ], [ -47.857971, -3.683587 ] ] } },
{ "type": "Feature", "properties": { }, "geometry": { "type": "LineString", "coordinates": [ [ -47.977088, -3.728143 ], [ -47.977178, -3.728143 ] ] } },
{ "type": "Feature", "properties": { }, "geometry": { "type": "LineString", "coordinates": [ [ -47.977088, -3.728143 ], [ -47.977088, -3.728053 ] ] } },
{ "type": "Feature", "properties": { }, "geometry": { "type": "LineString", "coordinates": [ [ -47.91735, -3.709818 ], [ -47.91735, -3.709189 ], [ -47.91717, -3.709009 ] ] } },
{ "type": "Feature", "properties": { }, "geometry": { "type": "LineString", "coordinates": [ [ -47.91735, -3.709818 ], [ -47.917139, -3.709821 ], [ -47.917016, -3.709821 ], [ -47.916811, -3.709818 ] ] } },
{ "type": "Feature", "properties": { }, "geometry": { "type": "LineString", "coordinates": [ [ -47.902079, -3.70838 ], [ -47.902079, -3.70829 ] ] } },
{ "type": "Feature", "properties": { }, "geometry": { "type": "LineString", "coordinates": [ [ -47.922485, -3.731593 ], [ -47.922445, -3.731942 ] ] } },
{ "type": "Feature", "properties": { }, "geometry": { "type": "LineString", "coordinates": [ [ -47.896958, -3.675143 ], [ -47.896868, -3.675053 ] ] } },
{ "type": "Feature", "properties": { }, "geometry": { "type": "LineString", "coordinates": [ [ -47.91708, -3.709009 ], [ -47.91717, -3.709009 ] ] } },
{ "type": "Feature", "properties": { }, "geometry": { "type": "LineString", "coordinates": [ [ -47.874051, -3.707302 ], [ -47.874051, -3.707212 ] ] } },
{ "type": "Feature", "properties": { }, "geometry": { "type": "LineString", "coordinates": [ [ -47.956337, -3.710177 ], [ -47.956427, -3.710087 ], [ -47.956427, -3.708829 ] ] } },
{ "type": "Feature", "properties": { }, "geometry": { "type": "LineString", "coordinates": [ [ -47.930286, -3.704787 ], [ -47.930339, -3.704516 ], [ -47.930374, -3.704354 ], [ -47.930412, -3.704193 ], [ -47.930452, -3.704041 ], [ -47.930492, -3.703906 ], [ -47.930555, -3.703709 ] ] } },
{ "type": "Feature", "properties": { }, "geometry": { "type": "LineString", "coordinates": [ [ -47.923459, -3.685383 ], [ -47.924405, -3.685348 ], [ -47.924975, -3.685328 ], [ -47.925974, -3.685294 ] ] } },
{ "type": "Feature", "properties": { }, "geometry": { "type": "LineString", "coordinates": [ [ -47.834435, -3.693738 ], [ -47.834346, -3.693648 ], [ -47.834346, -3.693468 ] ] } },
{ "type": "Feature", "properties": { }, "geometry": { "type": "LineString", "coordinates": [ [ -47.948342, -3.723652 ], [ -47.948432, -3.723652 ] ] } },
{ "type": "Feature", "properties": { }, "geometry": { "type": "LineString", "coordinates": [ [ -47.913218, -3.674154 ], [ -47.913218, -3.674065 ] ] } },
{ "type": "Feature", "properties": { }, "geometry": { "type": "LineString", "coordinates": [ [ -47.913308, -3.698858 ], [ -47.913439, -3.698641 ], [ -47.913515, -3.698511 ], [ -47.913588, -3.698379 ], [ -47.913654, -3.698251 ], [ -47.913715, -3.69813 ], [ -47.913769, -3.698016 ], [ -47.913819, -3.697907 ], [ -47.913867, -3.697803 ], [ -47.913914, -3.697703 ], [ -47.913961, -3.697606 ], [ -47.914008, -3.69751 ], [ -47.914058, -3.697413 ], [ -47.91411, -3.697315 ], [ -47.914167, -3.697212 ], [ -47.91423, -3.697105 ], [ -47.914299, -3.696991 ], [ -47.914375, -3.69687 ], [ -47.914458, -3.696742 ], [ -47.914549, -3.696606 ], [ -47.914648, -3.696462 ], [ -47.914752, -3.696312 ], [ -47.914862, -3.696156 ], [ -47.914974, -3.695997 ], [ -47.915084, -3.695839 ], [ -47.91519, -3.695686 ], [ -47.915285, -3.695544 ], [ -47.915364, -3.695423 ], [ -47.915464, -3.695265 ] ] } },
{ "type": "Feature", "properties": { }, "geometry": { "type": "LineString", "coordinates": [ [ -47.913308, -3.698858 ], [ -47.913026, -3.698788 ], [ -47.912863, -3.698747 ], [ -47.912589, -3.698678 ] ] } },
{ "type": "Feature", "properties": { }, "geometry": { "type": "LineString", "coordinates": [ [ -47.937472, -3.672358 ], [ -47.937562, -3.672358 ] ] } },
{ "type": "Feature", "properties": { }, "geometry": { "type": "LineString", "coordinates": [ [ -47.937472, -3.672358 ], [ -47.937472, -3.672268 ] ] } },
{ "type": "Feature", "properties": { }, "geometry": { "type": "LineString", "coordinates": [ [ -47.89597, -3.686102 ], [ -47.89624, -3.685833 ] ] } },
{ "type": "Feature", "properties": { }, "geometry": { "type": "LineString", "coordinates": [ [ -47.990114, -3.715028 ], [ -47.990254, -3.714957 ], [ -47.990336, -3.714917 ], [ -47.990473, -3.714848 ] ] } },
{ "type": "Feature", "properties": { }, "geometry": { "type": "LineString", "coordinates": [ [ -47.990114, -3.715028 ], [ -47.98995, -3.714911 ], [ -47.989844, -3.714834 ], [ -47.989728, -3.714747 ], [ -47.989606, -3.714656 ], [ -47.989479, -3.714561 ], [ -47.989348, -3.714465 ], [ -47.989214, -3.714371 ], [ -47.989076, -3.714278 ], [ -47.988935, -3.714184 ], [ -47.988792, -3.71409 ], [ -47.98865, -3.713996 ], [ -47.988518, -3.713907 ], [ -47.988317, -3.71377 ] ] } },
{ "type": "Feature", "properties": { }, "geometry": { "type": "LineString", "coordinates": [ [ -47.952744, -3.712153 ], [ -47.952888, -3.71197 ], [ -47.952999, -3.711842 ], [ -47.953141, -3.71169 ], [ -47.953317, -3.711515 ], [ -47.953526, -3.711318 ], [ -47.953763, -3.711102 ], [ -47.954019, -3.710876 ], [ -47.95428, -3.710651 ], [ -47.954531, -3.710439 ], [ -47.954756, -3.710255 ], [ -47.955079, -3.709997 ] ] } },
{ "type": "Feature", "properties": { }, "geometry": { "type": "LineString", "coordinates": [ [ -47.998198, -3.720867 ], [ -47.998343, -3.720687 ], [ -47.998424, -3.720586 ], [ -47.998558, -3.720418 ] ] } },
{ "type": "Feature", "properties": { }, "geometry": { "type": "LineString", "coordinates": [ [ -47.875938, -3.703709 ], [ -47.875986, -3.703411 ], [ -47.876014, -3.703197 ], [ -47.876043, -3.702939 ], [ -47.876067, -3.702638 ], [ -47.876086, -3.702299 ], [ -47.876096, -3.701933 ], [ -47.876098, -3.701557 ], [ -47.876091, -3.701192 ], [ -47.876079, -3.700854 ], [ -47.876064, -3.700554 ], [ -47.87605, -3.700293 ], [ -47.876039, -3.700072 ], [ -47.876032, -3.699894 ], [ -47.876027, -3.699667 ] ] } },
{ "type": "Feature", "properties": { }, "geometry": { "type": "LineString", "coordinates": [ [ -47.986341, -3.695804 ], [ -47.986392, -3.695381 ], [ -47.986426, -3.69512 ], [ -47.986464, -3.694849 ], [ -47.986504, -3.694582 ], [ -47.986546, -3.694323 ], [ -47.986589, -3.694076 ], [ -47.986633, -3.693841 ], [ -47.986678, -3.693618 ], [ -47.986722, -3.693401 ], [ -47.986767, -3.693186 ], [ -47.986812, -3.69297 ], [ -47.986857, -3.692748 ], [ -47.986902, -3.692519 ], [ -47.986947, -3.692283 ], [ -47.986992, -3.692041 ], [ -47.987037, -3.691795 ], [ -47.987082, -3.69155 ], [ -47.987126, -3.691308 ], [ -47.987169, -3.691072 ], [ -47.987211, -3.690848 ], [ -47.98725, -3.69064 ], [ -47.987284, -3.690464 ], [ -47.987329, -3.690234 ] ] } },
{ "type": "Feature", "properties": { }, "geometry": { "type": "LineString", "coordinates": [ [ -47.990832, -3.713141 ], [ -47.990892, -3.712921 ], [ -47.990927, -3.712784 ], [ -47.99096, -3.712647 ], [ -47.991012, -3.712423 ] ] } },
{ "type": "Feature", "properties": { }, "geometry": { "type": "LineString", "coordinates": [ [ -47.9814, -3.679454 ], [ -47.981453, -3.679076 ], [ -47.981487, -3.678851 ], [ -47.981522, -3.678631 ], [ -47.98158, -3.678287 ] ] } },
{ "type": "Feature", "properties": { }, "geometry": { "type": "LineString", "coordinates": [ [ -47.940437, -3.678466 ], [ -47.940346, -3.678254 ], [ -47.940285, -3.67812 ], [ -47.940217, -3.677977 ], [ -47.940145, -3.677829 ], [ -47.940071, -3.677677 ], [ -47.939998, -3.677518 ], [ -47.939929, -3.677348 ], [ -47.939864, -3.677159 ], [ -47.939806, -3.676945 ], [ -47.939751, -3.676701 ], [ -47.939701, -3.676427 ], [ -47.939653, -3.676133 ], [ -47.939606, -3.675832 ], [ -47.93956, -3.675541 ], [ -47.939513, -3.675274 ], [ -47.939465, -3.675041 ], [ -47.939413, -3.674844 ], [ -47.939358, -3.67468 ], [ -47.939298, -3.674541 ], [ -47.939232, -3.674422 ], [ -47.939161, -3.674316 ], [ -47.939087, -3.674222 ], [ -47.939016, -3.674148 ], [ -47.93891, -3.674065 ] ] } },
{ "type": "Feature", "properties": { }, "geometry": { "type": "LineString", "coordinates": [ [ -47.881507, -3.716914 ], [ -47.881507, -3.713321 ], [ -47.881417, -3.713231 ] ] } },
{ "type": "Feature", "properties": { }, "geometry": { "type": "LineString", "coordinates": [ [ -47.835693, -3.69266 ], [ -47.835783, -3.69266 ] ] } },
{ "type": "Feature", "properties": { }, "geometry": { "type": "LineString", "coordinates": [ [ -47.835693, -3.69266 ], [ -47.835591, -3.692479 ], [ -47.835529, -3.692367 ], [ -47.835464, -3.692252 ], [ -47.835398, -3.692135 ], [ -47.835329, -3.692018 ], [ -47.835256, -3.6919 ], [ -47.835179, -3.691782 ], [ -47.835102, -3.691669 ], [ -47.834974, -3.691492 ] ] } },
{ "type": "Feature", "properties": { }, "geometry": { "type": "LineString", "coordinates": [ [ -47.913577, -3.673705 ], [ -47.91353, -3.673365 ], [ -47.913501, -3.673137 ], [ -47.913471, -3.672882 ], [ -47.913442, -3.672621 ], [ -47.913397, -3.672178 ] ] } },
{ "type": "Feature", "properties": { }, "geometry": { "type": "LineString", "coordinates": [ [ -47.871446, -3.701643 ], [ -47.870793, -3.701038 ], [ -47.870401, -3.700675 ], [ -47.870009, -3.700311 ], [ -47.869642, -3.699968 ], [ -47.869314, -3.69966 ], [ -47.869035, -3.699392 ], [ -47.868808, -3.699167 ], [ -47.868629, -3.698982 ], [ -47.868494, -3.698833 ], [ -47.868398, -3.698721 ], [ -47.868302, -3.698589 ] ] } },
{ "type": "Feature", "properties": { }, "geometry": { "type": "LineString", "coordinates": [ [ -47.980322, -3.685563 ], [ -47.980232, -3.685653 ], [ -47.980142, -3.685563 ] ] } },
{ "type": "Feature", "properties": { }, "geometry": { "type": "LineString", "coordinates": [ [ -47.872434, -3.710267 ], [ -47.872503, -3.71013 ], [ -47.872545, -3.710043 ], [ -47.87259, -3.70995 ], [ -47.872635, -3.709853 ], [ -47.87268, -3.709755 ], [ -47.872726, -3.709657 ], [ -47.872771, -3.70956 ], [ -47.872816, -3.709465 ], [ -47.872861, -3.70937 ], [ -47.872907, -3.709275 ], [ -47.872952, -3.70918 ], [ -47.872999, -3.709083 ], [ -47.873045, -3.708985 ], [ -47.873092, -3.708885 ], [ -47.873138, -3.708787 ], [ -47.87318, -3.708695 ], [ -47.873243, -3.70856 ] ] } },
{ "type": "Feature", "properties": { }, "geometry": { "type": "LineString", "coordinates": [ [ -47.986969, -3.674154 ], [ -47.987059, -3.674154 ] ] } },
{ "type": "Feature", "properties": { }, "geometry": { "type": "LineString", "coordinates": [ [ -47.986969, -3.674154 ], [ -47.986969, -3.674065 ] ] } },
{ "type": "Feature", "properties": { }, "geometry": { "type": "LineString", "coordinates": [ [ -47.987688, -3.729956 ], [ -47.987688, -3.728323 ], [ -47.987598, -3.728233 ] ] } },
{ "type": "Feature", "properties": { }, "geometry": { "type": "LineString", "coordinates": [ [ -47.855636, -3.698678 ], [ -47.855636, -3.698319 ] ] } },
{ "type": "Feature", "properties": { }, "geometry": { "type": "LineString", "coordinates": [ [ -47.884382, -3.726436 ], [ -47.884472, -3.726436 ] ] } },
{ "type": "Feature", "properties": { }, "geometry": { "type": "LineString", "coordinates": [ [ -47.937472, -3.674873 ], [ -47.937562, -3.674873 ] ] } },
{ "type": "Feature", "properties": { }, "geometry": { "type": "LineString", "coordinates": [ [ -47.937472, -3.674873 ], [ -47.937469, -3.673886 ], [ -47.937469, -3.673316 ], [ -47.937472, -3.672358 ] ] } },
{ "type": "Feature", "properties": { }, "geometry": { "type": "LineString", "coordinates": [ [ -47.99173, -3.720058 ], [ -47.99182, -3.720058 ] ] } },
{ "type": "Feature", "properties": { }, "geometry": { "type": "LineString", "coordinates": [ [ -47.99173, -3.720058 ], [ -47.991355, -3.720006 ], [ -47.991116, -3.719972 ], [ -47.990858, -3.719935 ], [ -47.99059, -3.719895 ], [ -47.990318, -3.719854 ], [ -47.990047, -3.719812 ], [ -47.989785, -3.71977 ], [ -47.989537, -3.71973 ], [ -47.989313, -3.719692 ], [ -47.98912, -3.719658 ], [ -47.988856, -3.719609 ] ] } },
{ "type": "Feature", "properties": { }, "geometry": { "type": "LineString", "coordinates": [ [ -47.98131, -3.680712 ], [ -47.981384, -3.680417 ], [ -47.981414, -3.680231 ], [ -47.98143, -3.680036 ], [ -47.981428, -3.679847 ], [ -47.9814, -3.679544 ] ] } },
{ "type": "Feature", "properties": { }, "geometry": { "type": "LineString", "coordinates": [ [ -47.930915, -3.703799 ], [ -47.931031, -3.703664 ], [ -47.931114, -3.703579 ], [ -47.931211, -3.703487 ], [ -47.931321, -3.703395 ], [ -47.931436, -3.703307 ], [ -47.931633, -3.70317 ] ] } },
{ "type": "Feature", "properties": { }, "geometry": { "type": "LineString", "coordinates": [ [ -47.860846, -3.686461 ], [ -47.860936, -3.686372 ] ] } },
{ "type": "Feature", "properties": { }, "geometry": { "type": "LineString", "coordinates": [ [ -47.860846, -3.686461 ], [ -47.860756, -3.686372 ] ] } },
{ "type": "Feature", "properties": { }, "geometry": { "type": "LineString", "coordinates": [ [ -47.977717, -3.696882 ], [ -47.977807, -3.696882 ] ] } },
{ "type": "Feature", "properties": { }, "geometry": { "type": "LineString", "coordinates": [ [ -47.977717, -3.696882 ], [ -47.977245, -3.696822 ], [ -47.976955, -3.696787 ], [ -47.976663, -3.696754 ], [ -47.97619, -3.696702 ] ] } },
{ "type": "Feature", "properties": { }, "geometry": { "type": "LineString", "coordinates": [ [ -47.972866, -3.709818 ], [ -47.973037, -3.70964 ], [ -47.973139, -3.709529 ], [ -47.973241, -3.709411 ], [ -47.973337, -3.709292 ], [ -47.973427, -3.709172 ], [ -47.973513, -3.709053 ], [ -47.973599, -3.708933 ], [ -47.973687, -3.708813 ], [ -47.973782, -3.708691 ], [ -47.973887, -3.70857 ], [ -47.974001, -3.708451 ], [ -47.974123, -3.708336 ], [ -47.974249, -3.708231 ], [ -47.974375, -3.708139 ], [ -47.974495, -3.70806 ], [ -47.974602, -3.708 ], [ -47.974752, -3.707931 ] ] } },
{ "type": "Feature", "properties": { }, "geometry": { "type": "LineString", "coordinates": [ [ -47.903696, -3.706943 ], [ -47.903696, -3.706853 ] ] } },
{ "type": "Feature", "properties": { }, "geometry": { "type": "LineString", "coordinates": [ [ -47.893095, -3.680532 ], [ -47.896689, -3.680532 ] ] } },
{ "type": "Feature", "properties": { }, "geometry": { "type": "LineString", "coordinates": [ [ -47.893095, -3.680532 ], [ -47.893027, -3.680067 ], [ -47.892985, -3.679765 ], [ -47.89294, -3.679438 ], [ -47.892895, -3.679101 ], [ -47.892849, -3.678766 ], [ -47.892804, -3.678444 ], [ -47.892759, -3.678142 ], [ -47.892714, -3.677862 ], [ -47.89267, -3.677601 ], [ -47.892628, -3.677354 ], [ -47.892588, -3.677112 ], [ -47.892554, -3.676869 ], [ -47.892527, -3.676617 ], [ -47.892511, -3.676352 ], [ -47.892507, -3.676078 ], [ -47.892516, -3.675801 ], [ -47.89254, -3.675532 ], [ -47.892573, -3.675294 ], [ -47.892646, -3.674963 ] ] } },
{ "type": "Feature", "properties": { }, "geometry": { "type": "LineString", "coordinates": [ [ -47.986071, -3.690324 ], [ -47.985896, -3.690272 ], [ -47.985775, -3.690237 ], [ -47.985636, -3.690199 ], [ -47.985481, -3.690158 ], [ -47.985315, -3.690115 ], [ -47.985144, -3.690072 ], [ -47.98498, -3.69003 ], [ -47.984724, -3.689965 ] ] } },
{ "type": "Feature", "properties": { }, "geometry": { "type": "LineString", "coordinates": [ [ -47.983466, -3.689605 ], [ -47.983466, -3.689516 ] ] } },
{ "type": "Feature", "properties": { }, "geometry": { "type": "LineString", "coordinates": [ [ -47.956427, -3.715567 ], [ -47.956427, -3.715477 ] ] } },
{ "type": "Feature", "properties": { }, "geometry": { "type": "LineString", "coordinates": [ [ -47.85357, -3.690414 ], [ -47.853659, -3.690324 ] ] } },
{ "type": "Feature", "properties": { }, "geometry": { "type": "LineString", "coordinates": [ [ -47.85357, -3.690414 ], [ -47.853256, -3.690314 ], [ -47.853055, -3.690255 ], [ -47.852839, -3.690196 ], [ -47.852613, -3.69014 ], [ -47.852381, -3.690087 ], [ -47.852146, -3.690037 ], [ -47.851907, -3.68999 ], [ -47.851668, -3.689943 ], [ -47.851428, -3.689898 ], [ -47.851186, -3.689852 ], [ -47.850943, -3.689807 ], [ -47.850698, -3.689763 ], [ -47.85045, -3.689718 ], [ -47.850201, -3.689673 ], [ -47.84995, -3.689628 ], [ -47.849698, -3.689583 ], [ -47.849446, -3.689538 ], [ -47.849194, -3.689493 ], [ -47.848943, -3.689448 ], [ -47.848694, -3.689403 ], [ -47.848446, -3.689358 ], [ -47.848201, -3.689313 ], [ -47.847955, -3.689268 ], [ -47.84771, -3.689223 ], [ -47.847463, -3.689178 ], [ -47.847213, -3.689133 ], [ -47.846958, -3.689088 ], [ -47.8467, -3.689044 ], [ -47.846441, -3.689001 ], [ -47.84619, -3.688961 ], [ -47.845967, -3.688928 ], [ -47.845664, -3.688887 ] ] } },
{ "type": "Feature", "properties": { }, "geometry": { "type": "LineString", "coordinates": [ [ -47.898306, -3.675412 ], [ -47.89874, -3.674931 ], [ -47.899026, -3.674616 ], [ -47.89934, -3.674271 ], [ -47.899659, -3.673924 ], [ -47.900192, -3.673346 ] ] } },
{ "type": "Feature", "properties": { }, "geometry": { "type": "LineString", "coordinates": [ [ -47.898306, -3.675412 ], [ -47.898216, -3.675322 ] ] } },
{ "type": "Feature", "properties": { }, "geometry": { "type": "LineString", "coordinates": [ [ -47.876027, -3.699667 ], [ -47.875701, -3.699338 ], [ -47.875496, -3.699137 ], [ -47.875282, -3.698933 ], [ -47.875072, -3.698739 ], [ -47.874879, -3.698567 ], [ -47.87459, -3.698319 ] ] } },
{ "type": "Feature", "properties": { }, "geometry": { "type": "LineString", "coordinates": [ [ -47.921328, -3.738816 ], [ -47.921311, -3.738904 ] ] } },
{ "type": "Feature", "properties": { }, "geometry": { "type": "LineString", "coordinates": [ [ -47.885729, -3.732904 ], [ -47.885659, -3.732446 ], [ -47.885618, -3.732181 ], [ -47.88555, -3.731736 ] ] } },
{ "type": "Feature", "properties": { }, "geometry": { "type": "LineString", "coordinates": [ [ -47.947893, -3.730838 ], [ -47.948149, -3.7307 ], [ -47.948315, -3.730615 ], [ -47.948498, -3.730529 ], [ -47.948697, -3.730447 ], [ -47.948914, -3.730373 ], [ -47.949152, -3.73031 ], [ -47.949414, -3.730259 ], [ -47.9497, -3.730218 ], [ -47.950004, -3.730185 ], [ -47.95032, -3.730156 ], [ -47.950636, -3.730129 ], [ -47.950941, -3.730101 ], [ -47.951225, -3.730069 ], [ -47.95148, -3.730032 ], [ -47.951702, -3.729992 ], [ -47.95186, -3.729956 ] ] } },
{ "type": "Feature", "properties": { }, "geometry": { "type": "LineString", "coordinates": [ [ -47.956337, -3.715567 ], [ -47.956427, -3.715567 ] ] } },
{ "type": "Feature", "properties": { }, "geometry": { "type": "LineString", "coordinates": [ [ -47.956337, -3.715567 ], [ -47.955737, -3.715576 ], [ -47.955356, -3.715579 ], [ -47.954951, -3.715579 ], [ -47.954554, -3.715576 ], [ -47.953911, -3.715567 ] ] } },
{ "type": "Feature", "properties": { }, "geometry": { "type": "LineString", "coordinates": [ [ -47.835603, -3.694007 ], [ -47.835603, -3.693289 ], [ -47.835513, -3.693199 ] ] } },
{ "type": "Feature", "properties": { }, "geometry": { "type": "LineString", "coordinates": [ [ -47.868122, -3.698589 ], [ -47.868212, -3.698589 ] ] } },
{ "type": "Feature", "properties": { }, "geometry": { "type": "LineString", "coordinates": [ [ -47.868122, -3.698589 ], [ -47.867482, -3.698019 ], [ -47.867072, -3.69766 ], [ -47.866631, -3.697279 ], [ -47.86618, -3.696898 ], [ -47.865749, -3.696539 ], [ -47.865068, -3.695983 ] ] } },
{ "type": "Feature", "properties": { }, "geometry": { "type": "LineString", "coordinates": [ [ -47.961188, -3.727694 ], [ -47.961188, -3.727604 ], [ -47.961008, -3.727425 ] ] } },
{ "type": "Feature", "properties": { }, "geometry": { "type": "LineString", "coordinates": [ [ -47.947444, -3.728862 ], [ -47.947429, -3.728792 ] ] } },
{ "type": "Feature", "properties": { }, "geometry": { "type": "LineString", "coordinates": [ [ -47.921572, -3.685383 ], [ -47.921572, -3.685294 ] ] } },
{ "type": "Feature", "properties": { }, "geometry": { "type": "LineString", "coordinates": [ [ -47.921662, -3.693828 ], [ -47.921669, -3.693547 ], [ -47.92167, -3.693375 ], [ -47.921668, -3.693205 ], [ -47.921662, -3.692929 ] ] } },
{ "type": "Feature", "properties": { }, "geometry": { "type": "LineString", "coordinates": [ [ -47.985532, -3.699756 ], [ -47.985532, -3.699667 ] ] } },
{ "type": "Feature", "properties": { }, "geometry": { "type": "LineString", "coordinates": [ [ -47.930555, -3.703709 ], [ -47.930645, -3.703709 ] ] } },
{ "type": "Feature", "properties": { }, "geometry": { "type": "LineString", "coordinates": [ [ -47.930555, -3.703709 ], [ -47.930555, -3.703619 ] ] } },
{ "type": "Feature", "properties": { }, "geometry": { "type": "LineString", "coordinates": [ [ -47.99209, -3.715297 ], [ -47.99191, -3.715118 ], [ -47.991371, -3.715118 ] ] } },
{ "type": "Feature", "properties": { }, "geometry": { "type": "LineString", "coordinates": [ [ -47.940437, -3.679724 ], [ -47.940443, -3.679352 ], [ -47.940445, -3.679128 ], [ -47.940443, -3.678907 ], [ -47.940437, -3.678556 ] ] } },
{ "type": "Feature", "properties": { }, "geometry": { "type": "LineString", "coordinates": [ [ -47.909085, -3.689605 ], [ -47.909175, -3.689605 ] ] } },
{ "type": "Feature", "properties": { }, "geometry": { "type": "LineString", "coordinates": [ [ -47.909085, -3.689605 ], [ -47.908906, -3.689529 ], [ -47.908804, -3.689488 ], [ -47.908636, -3.689426 ] ] } },
{ "type": "Feature", "properties": { }, "geometry": { "type": "LineString", "coordinates": [ [ -47.990922, -3.715836 ], [ -47.991191, -3.715836 ] ] } },
{ "type": "Feature", "properties": { }, "geometry": { "type": "LineString", "coordinates": [ [ -47.990922, -3.715836 ], [ -47.9908, -3.715759 ], [ -47.990722, -3.715705 ], [ -47.990638, -3.715643 ], [ -47.990551, -3.715572 ], [ -47.990464, -3.715489 ], [ -47.990379, -3.715396 ], [ -47.990297, -3.715296 ], [ -47.990223, -3.715195 ], [ -47.990114, -3.715028 ] ] } },
{ "type": "Feature", "properties": { }, "geometry": { "type": "LineString", "coordinates": [ [ -47.97583, -3.730928 ], [ -47.974916, -3.730951 ], [ -47.974319, -3.731029 ], [ -47.973726, -3.730978 ], [ -47.973454, -3.730971 ], [ -47.973115, -3.730991 ], [ -47.972876, -3.730971 ], [ -47.972528, -3.731001 ], [ -47.972385, -3.731015 ], [ -47.971982, -3.731008 ], [ -47.971498, -3.731073 ], [ -47.971015, -3.731132 ], [ -47.970596, -3.730995 ], [ -47.970348, -3.731066 ], [ -47.970183, -3.730981 ], [ -47.969774, -3.730967 ], [ -47.969637, -3.730971 ], [ -47.969362, -3.730955 ], [ -47.968904, -3.730927 ], [ -47.968554, -3.730952 ], [ -47.968187, -3.730963 ], [ -47.967877, -3.73098 ], [ -47.967612, -3.730913 ], [ -47.967476, -3.731018 ] ] } },
{ "type": "Feature", "properties": { }, "geometry": { "type": "LineString", "coordinates": [ [ -47.97583, -3.730928 ], [ -47.975922, -3.730406 ], [ -47.975989, -3.730099 ], [ -47.976028, -3.729956 ] ] } },
{ "type": "Feature", "properties": { }, "geometry": { "type": "LineString", "coordinates": [ [ -47.93334, -3.690144 ], [ -47.933293, -3.688209 ], [ -47.933264, -3.687022 ], [ -47.933234, -3.685814 ], [ -47.933205, -3.684685 ], [ -47.93316, -3.682958 ] ] } },
{ "type": "Feature", "properties": { }, "geometry": { "type": "LineString", "coordinates": [ [ -47.93334, -3.690144 ], [ -47.932392, -3.690138 ], [ -47.93178, -3.690128 ], [ -47.93112, -3.690111 ], [ -47.930446, -3.690087 ], [ -47.929791, -3.690057 ], [ -47.929195, -3.690023 ], [ -47.928309, -3.689965 ] ] } },
{ "type": "Feature", "properties": { }, "geometry": { "type": "LineString", "coordinates": [ [ -47.887256, -3.712512 ], [ -47.887706, -3.712512 ] ] } },
{ "type": "Feature", "properties": { }, "geometry": { "type": "LineString", "coordinates": [ [ -47.887256, -3.712512 ], [ -47.887167, -3.712423 ] ] } },
{ "type": "Feature", "properties": { }, "geometry": { "type": "LineString", "coordinates": [ [ -47.987329, -3.715297 ], [ -47.987419, -3.715297 ] ] } },
{ "type": "Feature", "properties": { }, "geometry": { "type": "LineString", "coordinates": [ [ -47.987329, -3.715297 ], [ -47.987329, -3.715207 ] ] } },
{ "type": "Feature", "properties": { }, "geometry": { "type": "LineString", "coordinates": [ [ -47.983556, -3.701733 ], [ -47.98397, -3.701303 ], [ -47.984218, -3.701035 ], [ -47.984465, -3.700756 ], [ -47.984694, -3.700481 ], [ -47.984893, -3.700229 ], [ -47.985173, -3.699846 ] ] } },
{ "type": "Feature", "properties": { }, "geometry": { "type": "LineString", "coordinates": [ [ -47.983556, -3.701733 ], [ -47.983381, -3.7015 ], [ -47.983279, -3.701359 ], [ -47.98318, -3.701216 ], [ -47.983088, -3.701078 ], [ -47.983007, -3.700947 ], [ -47.982936, -3.700829 ], [ -47.982837, -3.700655 ] ] } },
{ "type": "Feature", "properties": { }, "geometry": { "type": "LineString", "coordinates": [ [ -47.898485, -3.702631 ], [ -47.898485, -3.702541 ] ] } },
{ "type": "Feature", "properties": { }, "geometry": { "type": "LineString", "coordinates": [ [ -47.986341, -3.704517 ], [ -47.98643, -3.704517 ] ] } },
{ "type": "Feature", "properties": { }, "geometry": { "type": "LineString", "coordinates": [ [ -47.986341, -3.704517 ], [ -47.986341, -3.704428 ] ] } },
{ "type": "Feature", "properties": { }, "geometry": { "type": "LineString", "coordinates": [ [ -47.976729, -3.687629 ], [ -47.977155, -3.68756 ], [ -47.977414, -3.687517 ], [ -47.977677, -3.687471 ], [ -47.977927, -3.687425 ], [ -47.978154, -3.687379 ], [ -47.978347, -3.687336 ], [ -47.978615, -3.68727 ] ] } },
{ "type": "Feature", "properties": { }, "geometry": { "type": "LineString", "coordinates": [ [ -47.988766, -3.725808 ], [ -47.988919, -3.725756 ], [ -47.989016, -3.725722 ], [ -47.989121, -3.725684 ], [ -47.989229, -3.725644 ], [ -47.989338, -3.725602 ], [ -47.989446, -3.725559 ], [ -47.989551, -3.725515 ], [ -47.989655, -3.725471 ], [ -47.989757, -3.725426 ], [ -47.989859, -3.725381 ], [ -47.989961, -3.725336 ], [ -47.990062, -3.725291 ], [ -47.990164, -3.725246 ], [ -47.990265, -3.725201 ], [ -47.990365, -3.725155 ], [ -47.990464, -3.725108 ], [ -47.990563, -3.725059 ], [ -47.990663, -3.725008 ], [ -47.990764, -3.724954 ], [ -47.990868, -3.724896 ], [ -47.990975, -3.724834 ], [ -47.991086, -3.724768 ], [ -47.991198, -3.724698 ], [ -47.991308, -3.724628 ], [ -47.991408, -3.724561 ], [ -47.991551, -3.72446 ] ] } },
{ "type": "Feature", "properties": { }, "geometry": { "type": "LineString", "coordinates": [ [ -47.86911, -3.706045 ], [ -47.8692, -3.706045 ] ] } },
{ "type": "Feature", "properties": { }, "geometry": { "type": "LineString", "coordinates": [ [ -47.86911, -3.706045 ], [ -47.868785, -3.705993 ], [ -47.868596, -3.705959 ], [ -47.868411, -3.705919 ], [ -47.86824, -3.705874 ], [ -47.868086, -3.705819 ], [ -47.867947, -3.705751 ], [ -47.867823, -3.705663 ], [ -47.86771, -3.705548 ], [ -47.867608, -3.705398 ], [ -47.867516, -3.705209 ], [ -47.867433, -3.704979 ], [ -47.86736, -3.704716 ], [ -47.8673, -3.704442 ], [ -47.867224, -3.703978 ] ] } },
{ "type": "Feature", "properties": { }, "geometry": { "type": "LineString", "coordinates": [ [ -47.909624, -3.695624 ], [ -47.909624, -3.695534 ] ] } },
{ "type": "Feature", "properties": { }, "geometry": { "type": "LineString", "coordinates": [ [ -47.907289, -3.703709 ], [ -47.907237, -3.702886 ], [ -47.907203, -3.702422 ], [ -47.907166, -3.701989 ], [ -47.907126, -3.701612 ], [ -47.907084, -3.701294 ], [ -47.90704, -3.701029 ], [ -47.906996, -3.700804 ], [ -47.906952, -3.700608 ], [ -47.906907, -3.70043 ], [ -47.906863, -3.700261 ], [ -47.906821, -3.700095 ], [ -47.90678, -3.699928 ], [ -47.906744, -3.699756 ], [ -47.906712, -3.69958 ], [ -47.906687, -3.699403 ], [ -47.90667, -3.699229 ], [ -47.906661, -3.699073 ], [ -47.90666, -3.698858 ] ] } },
{ "type": "Feature", "properties": { }, "geometry": { "type": "LineString", "coordinates": [ [ -47.950049, -3.720687 ], [ -47.950138, -3.720687 ] ] } },
{ "type": "Feature", "properties": { }, "geometry": { "type": "LineString", "coordinates": [ [ -47.869021, -3.69769 ], [ -47.869198, -3.697638 ], [ -47.869309, -3.697604 ], [ -47.869427, -3.697567 ], [ -47.869549, -3.697527 ], [ -47.869676, -3.697485 ], [ -47.86981, -3.697442 ], [ -47.869956, -3.697398 ], [ -47.870118, -3.697355 ], [ -47.870299, -3.697313 ], [ -47.870503, -3.697273 ], [ -47.870729, -3.697237 ], [ -47.870975, -3.697206 ], [ -47.871234, -3.697181 ], [ -47.871498, -3.697162 ], [ -47.871758, -3.697149 ], [ -47.872005, -3.697138 ], [ -47.872235, -3.697127 ], [ -47.872442, -3.697112 ], [ -47.872626, -3.697089 ], [ -47.872784, -3.697061 ], [ -47.87291, -3.697028 ], [ -47.873063, -3.696972 ] ] } },
{ "type": "Feature", "properties": { }, "geometry": { "type": "LineString", "coordinates": [ [ -47.884242, -3.733118 ], [ -47.88546, -3.733084 ] ] } },
{ "type": "Feature", "properties": { }, "geometry": { "type": "LineString", "coordinates": [ [ -47.980412, -3.727245 ], [ -47.980502, -3.727245 ] ] } },
{ "type": "Feature", "properties": { }, "geometry": { "type": "LineString", "coordinates": [ [ -47.980412, -3.727245 ], [ -47.980412, -3.727155 ] ] } },
{ "type": "Feature", "properties": { }, "geometry": { "type": "LineString", "coordinates": [ [ -47.878543, -3.720148 ], [ -47.878665, -3.720036 ], [ -47.878739, -3.719965 ], [ -47.878814, -3.719889 ], [ -47.878884, -3.719816 ], [ -47.878992, -3.719699 ] ] } },
{ "type": "Feature", "properties": { }, "geometry": { "type": "LineString", "coordinates": [ [ -47.878543, -3.720148 ], [ -47.878399, -3.720052 ], [ -47.878306, -3.719986 ], [ -47.878204, -3.719909 ], [ -47.878097, -3.719822 ], [ -47.877991, -3.719724 ], [ -47.877889, -3.719616 ], [ -47.877795, -3.7195 ], [ -47.877712, -3.719378 ], [ -47.877644, -3.71926 ], [ -47.877555, -3.71907 ] ] } },
{ "type": "Feature", "properties": { }, "geometry": { "type": "LineString", "coordinates": [ [ -47.953642, -3.723741 ], [ -47.953642, -3.722394 ], [ -47.953552, -3.722304 ] ] } },
{ "type": "Feature", "properties": { }, "geometry": { "type": "LineString", "coordinates": [ [ -47.925974, -3.68727 ], [ -47.926064, -3.68727 ] ] } },
{ "type": "Feature", "properties": { }, "geometry": { "type": "LineString", "coordinates": [ [ -47.833627, -3.685563 ], [ -47.833537, -3.685473 ] ] } },
{ "type": "Feature", "properties": { }, "geometry": { "type": "LineString", "coordinates": [ [ -47.878812, -3.715118 ], [ -47.879092, -3.715 ], [ -47.879263, -3.714925 ], [ -47.879439, -3.714841 ], [ -47.87961, -3.714751 ], [ -47.879771, -3.714651 ], [ -47.879919, -3.71454 ], [ -47.880053, -3.714417 ], [ -47.880172, -3.714281 ], [ -47.880276, -3.714134 ], [ -47.880363, -3.71398 ], [ -47.880433, -3.71383 ], [ -47.880519, -3.71359 ] ] } },
{ "type": "Feature", "properties": { }, "geometry": { "type": "LineString", "coordinates": [ [ -47.878812, -3.715118 ], [ -47.878543, -3.714848 ] ] } },
{ "type": "Feature", "properties": { }, "geometry": { "type": "LineString", "coordinates": [ [ -47.916003, -3.680622 ], [ -47.916092, -3.680622 ] ] } },
{ "type": "Feature", "properties": { }, "geometry": { "type": "LineString", "coordinates": [ [ -47.916003, -3.680622 ], [ -47.916003, -3.680532 ] ] } },
{ "type": "Feature", "properties": { }, "geometry": { "type": "LineString", "coordinates": [ [ -47.833896, -3.683497 ], [ -47.834017, -3.683555 ] ] } },
{ "type": "Feature", "properties": { }, "geometry": { "type": "LineString", "coordinates": [ [ -47.964662, -3.729956 ], [ -47.964622, -3.729922 ], [ -47.964461, -3.729792 ], [ -47.964296, -3.729661 ], [ -47.964127, -3.729527 ], [ -47.963954, -3.72939 ], [ -47.963695, -3.729274 ], [ -47.963523, -3.729041 ] ] } },
{ "type": "Feature", "properties": { }, "geometry": { "type": "LineString", "coordinates": [ [ -47.984454, -3.706494 ], [ -47.984454, -3.706404 ] ] } },
{ "type": "Feature", "properties": { }, "geometry": { "type": "LineString", "coordinates": [ [ -47.944659, -3.700385 ], [ -47.944659, -3.700295 ] ] } },
{ "type": "Feature", "properties": { }, "geometry": { "type": "LineString", "coordinates": [ [ -47.900731, -3.695265 ], [ -47.900731, -3.695175 ] ] } },
{ "type": "Feature", "properties": { }, "geometry": { "type": "LineString", "coordinates": [ [ -47.971339, -3.709997 ], [ -47.9714, -3.709465 ], [ -47.971447, -3.709151 ], [ -47.97151, -3.708843 ], [ -47.971593, -3.708558 ], [ -47.971702, -3.708302 ], [ -47.971846, -3.708076 ], [ -47.972028, -3.707879 ], [ -47.972254, -3.707711 ], [ -47.972525, -3.707571 ], [ -47.972838, -3.707456 ], [ -47.973187, -3.707366 ], [ -47.973562, -3.707297 ], [ -47.973949, -3.707248 ], [ -47.97433, -3.707216 ], [ -47.97468, -3.707202 ], [ -47.975201, -3.707212 ] ] } },
{ "type": "Feature", "properties": { }, "geometry": { "type": "LineString", "coordinates": [ [ -47.896599, -3.685922 ], [ -47.896689, -3.685922 ] ] } },
{ "type": "Feature", "properties": { }, "geometry": { "type": "LineString", "coordinates": [ [ -47.896599, -3.685922 ], [ -47.896329, -3.685922 ], [ -47.89624, -3.685833 ] ] } },
{ "type": "Feature", "properties": { }, "geometry": { "type": "LineString", "coordinates": [ [ -47.993617, -3.724999 ], [ -47.994022, -3.724647 ], [ -47.994285, -3.724413 ], [ -47.99457, -3.724155 ], [ -47.994864, -3.723885 ], [ -47.995146, -3.723623 ], [ -47.995593, -3.723202 ] ] } },
{ "type": "Feature", "properties": { }, "geometry": { "type": "LineString", "coordinates": [ [ -47.993617, -3.724999 ], [ -47.993471, -3.724849 ], [ -47.99338, -3.72476 ], [ -47.993286, -3.724673 ], [ -47.993193, -3.724592 ], [ -47.993103, -3.724519 ], [ -47.993021, -3.724457 ], [ -47.992898, -3.72437 ] ] } },
{ "type": "Feature", "properties": { }, "geometry": { "type": "LineString", "coordinates": [ [ -47.913847, -3.672088 ], [ -47.913936, -3.672088 ] ] } },
{ "type": "Feature", "properties": { }, "geometry": { "type": "LineString", "coordinates": [ [ -47.985712, -3.675592 ], [ -47.985802, -3.675592 ] ] } },
{ "type": "Feature", "properties": { }, "geometry": { "type": "LineString", "coordinates": [ [ -47.985712, -3.675592 ], [ -47.985612, -3.675436 ], [ -47.985553, -3.675336 ], [ -47.985494, -3.675229 ], [ -47.985438, -3.675114 ], [ -47.985387, -3.67499 ], [ -47.985339, -3.674856 ], [ -47.985295, -3.67471 ], [ -47.985256, -3.674556 ], [ -47.985221, -3.674403 ], [ -47.985173, -3.674154 ] ] } },
{ "type": "Feature", "properties": { }, "geometry": { "type": "LineString", "coordinates": [ [ -47.949061, -3.721136 ], [ -47.94915, -3.721136 ] ] } },
{ "type": "Feature", "properties": { }, "geometry": { "type": "LineString", "coordinates": [ [ -47.876566, -3.711524 ], [ -47.876656, -3.711524 ] ] } },
{ "type": "Feature", "properties": { }, "geometry": { "type": "LineString", "coordinates": [ [ -47.876566, -3.711524 ], [ -47.876389, -3.711417 ], [ -47.876287, -3.711356 ], [ -47.876117, -3.711255 ] ] } },
{ "type": "Feature", "properties": { }, "geometry": { "type": "LineString", "coordinates": [ [ -47.909899, -3.730411 ], [ -47.909039, -3.730399 ], [ -47.907328, -3.730372 ], [ -47.90702, -3.730349 ], [ -47.905505, -3.730342 ], [ -47.903565, -3.730307 ], [ -47.90203, -3.730335 ], [ -47.901535, -3.730269 ], [ -47.899478, -3.730228 ], [ -47.898183, -3.73021 ], [ -47.897472, -3.730185 ], [ -47.8956, -3.73014 ], [ -47.895304, -3.730174 ], [ -47.893924, -3.730094 ], [ -47.89248, -3.730048 ], [ -47.891279, -3.730001 ], [ -47.890417, -3.730049 ] ] } },
{ "type": "Feature", "properties": { }, "geometry": { "type": "LineString", "coordinates": [ [ -47.909899, -3.730411 ], [ -47.909039, -3.730399 ], [ -47.907328, -3.730372 ], [ -47.90702, -3.730349 ], [ -47.905505, -3.730342 ], [ -47.903565, -3.730307 ], [ -47.90203, -3.730335 ], [ -47.901535, -3.730269 ], [ -47.899478, -3.730228 ], [ -47.898183, -3.73021 ], [ -47.897472, -3.730185 ], [ -47.8956, -3.73014 ], [ -47.895304, -3.730174 ], [ -47.893924, -3.730094 ], [ -47.89248, -3.730048 ], [ -47.891279, -3.730001 ], [ -47.890417, -3.730049 ] ] } },
{ "type": "Feature", "properties": { }, "geometry": { "type": "LineString", "coordinates": [ [ -47.833088, -3.687629 ], [ -47.833088, -3.687539 ] ] } },
{ "type": "Feature", "properties": { }, "geometry": { "type": "LineString", "coordinates": [ [ -47.99721, -3.71934 ], [ -47.9973, -3.71934 ] ] } },
{ "type": "Feature", "properties": { }, "geometry": { "type": "LineString", "coordinates": [ [ -47.99721, -3.71934 ], [ -47.99721, -3.71925 ] ] } },
{ "type": "Feature", "properties": { }, "geometry": { "type": "LineString", "coordinates": [ [ -47.906301, -3.671998 ], [ -47.906391, -3.671998 ] ] } },
{ "type": "Feature", "properties": { }, "geometry": { "type": "LineString", "coordinates": [ [ -47.912589, -3.698678 ], [ -47.912535, -3.69685 ], [ -47.912501, -3.69578 ], [ -47.912467, -3.694761 ], [ -47.912409, -3.693199 ] ] } },
{ "type": "Feature", "properties": { }, "geometry": { "type": "LineString", "coordinates": [ [ -47.912589, -3.698678 ], [ -47.911959, -3.698672 ], [ -47.911545, -3.698663 ], [ -47.911093, -3.698648 ], [ -47.91064, -3.698628 ], [ -47.909899, -3.698589 ] ] } },
{ "type": "Feature", "properties": { }, "geometry": { "type": "LineString", "coordinates": [ [ -47.84818, -3.696702 ], [ -47.84827, -3.696702 ] ] } },
{ "type": "Feature", "properties": { }, "geometry": { "type": "LineString", "coordinates": [ [ -47.977807, -3.707841 ], [ -47.977896, -3.707841 ] ] } },
{ "type": "Feature", "properties": { }, "geometry": { "type": "LineString", "coordinates": [ [ -47.977807, -3.707841 ], [ -47.977578, -3.707616 ], [ -47.977436, -3.707473 ], [ -47.977289, -3.707319 ], [ -47.977145, -3.707163 ], [ -47.977012, -3.707013 ], [ -47.976895, -3.706876 ], [ -47.976729, -3.706673 ] ] } },
{ "type": "Feature", "properties": { }, "geometry": { "type": "LineString", "coordinates": [ [ -47.894802, -3.697241 ], [ -47.894981, -3.697156 ], [ -47.895095, -3.6971 ], [ -47.895215, -3.69704 ], [ -47.895332, -3.69698 ], [ -47.895521, -3.696882 ] ] } },
{ "type": "Feature", "properties": { }, "geometry": { "type": "LineString", "coordinates": [ [ -47.894802, -3.697241 ], [ -47.894533, -3.696972 ] ] } },
{ "type": "Feature", "properties": { }, "geometry": { "type": "LineString", "coordinates": [ [ -47.922224, -3.733176 ], [ -47.922179, -3.733386 ] ] } },
{ "type": "Feature", "properties": { }, "geometry": { "type": "LineString", "coordinates": [ [ -47.904594, -3.705685 ], [ -47.904684, -3.705685 ] ] } },
{ "type": "Feature", "properties": { }, "geometry": { "type": "LineString", "coordinates": [ [ -47.98122, -3.68206 ], [ -47.98126, -3.681728 ], [ -47.98128, -3.681515 ], [ -47.981295, -3.68129 ], [ -47.981305, -3.681068 ], [ -47.98131, -3.680712 ] ] } },
{ "type": "Feature", "properties": { }, "geometry": { "type": "LineString", "coordinates": [ [ -47.98122, -3.68206 ], [ -47.980951, -3.68206 ], [ -47.980861, -3.68197 ] ] } },
{ "type": "Feature", "properties": { }, "geometry": { "type": "LineString", "coordinates": [ [ -47.950138, -3.720687 ], [ -47.9502, -3.720347 ], [ -47.950235, -3.720081 ], [ -47.950269, -3.719739 ], [ -47.950299, -3.719316 ], [ -47.950324, -3.718819 ], [ -47.950345, -3.718264 ], [ -47.950362, -3.717675 ], [ -47.950377, -3.71708 ], [ -47.95039, -3.71652 ], [ -47.950408, -3.715657 ] ] } },
{ "type": "Feature", "properties": { }, "geometry": { "type": "LineString", "coordinates": [ [ -47.977088, -3.701194 ], [ -47.977178, -3.701194 ] ] } },
{ "type": "Feature", "properties": { }, "geometry": { "type": "LineString", "coordinates": [ [ -47.989485, -3.707302 ], [ -47.989575, -3.707302 ] ] } },
{ "type": "Feature", "properties": { }, "geometry": { "type": "LineString", "coordinates": [ [ -47.989485, -3.707302 ], [ -47.989319, -3.707249 ], [ -47.989216, -3.707215 ], [ -47.989113, -3.70718 ], [ -47.988946, -3.707123 ] ] } },
{ "type": "Feature", "properties": { }, "geometry": { "type": "LineString", "coordinates": [ [ -47.887077, -3.709458 ], [ -47.887167, -3.709368 ], [ -47.887167, -3.709099 ] ] } },
{ "type": "Feature", "properties": { }, "geometry": { "type": "LineString", "coordinates": [ [ -47.884472, -3.723652 ], [ -47.884561, -3.723652 ] ] } },
{ "type": "Feature", "properties": { }, "geometry": { "type": "LineString", "coordinates": [ [ -47.884472, -3.723652 ], [ -47.884472, -3.723562 ] ] } },
{ "type": "Feature", "properties": { }, "geometry": { "type": "LineString", "coordinates": [ [ -47.977088, -3.728053 ], [ -47.977053, -3.727733 ], [ -47.977032, -3.72755 ], [ -47.976998, -3.727245 ] ] } },
{ "type": "Feature", "properties": { }, "geometry": { "type": "LineString", "coordinates": [ [ -47.983646, -3.695355 ], [ -47.983646, -3.695265 ] ] } },
{ "type": "Feature", "properties": { }, "geometry": { "type": "LineString", "coordinates": [ [ -47.994066, -3.721496 ], [ -47.994352, -3.721193 ], [ -47.994519, -3.721019 ], [ -47.994682, -3.72085 ], [ -47.994834, -3.720695 ], [ -47.994975, -3.720554 ], [ -47.995107, -3.720425 ], [ -47.99523, -3.720308 ], [ -47.995341, -3.720205 ], [ -47.995503, -3.720058 ] ] } },
{ "type": "Feature", "properties": { }, "geometry": { "type": "LineString", "coordinates": [ [ -47.834885, -3.691492 ], [ -47.834974, -3.691492 ] ] } },
{ "type": "Feature", "properties": { }, "geometry": { "type": "LineString", "coordinates": [ [ -47.982927, -3.708021 ], [ -47.983163, -3.707831 ], [ -47.983302, -3.707722 ], [ -47.983437, -3.707617 ], [ -47.983558, -3.707525 ], [ -47.983735, -3.707392 ] ] } },
{ "type": "Feature", "properties": { }, "geometry": { "type": "LineString", "coordinates": [ [ -47.982927, -3.708021 ], [ -47.982679, -3.707981 ], [ -47.982536, -3.707961 ], [ -47.982298, -3.707931 ] ] } },
{ "type": "Feature", "properties": { }, "geometry": { "type": "LineString", "coordinates": [ [ -47.94915, -3.721226 ], [ -47.94915, -3.721136 ] ] } },
{ "type": "Feature", "properties": { }, "geometry": { "type": "LineString", "coordinates": [ [ -47.901989, -3.70838 ], [ -47.902079, -3.70838 ] ] } },
{ "type": "Feature", "properties": { }, "geometry": { "type": "LineString", "coordinates": [ [ -47.979693, -3.68718 ], [ -47.979745, -3.686824 ], [ -47.97978, -3.686612 ], [ -47.979818, -3.686401 ], [ -47.979859, -3.686203 ], [ -47.979902, -3.686025 ], [ -47.979946, -3.685869 ], [ -47.979987, -3.685739 ], [ -47.980052, -3.685563 ] ] } },
{ "type": "Feature", "properties": { }, "geometry": { "type": "LineString", "coordinates": [ [ -47.982568, -3.678197 ], [ -47.982603, -3.677959 ], [ -47.982622, -3.677795 ], [ -47.982638, -3.677607 ], [ -47.98265, -3.677402 ], [ -47.982656, -3.677194 ], [ -47.982658, -3.676849 ] ] } },
{ "type": "Feature", "properties": { }, "geometry": { "type": "LineString", "coordinates": [ [ -47.880699, -3.72473 ], [ -47.880699, -3.72446 ] ] } },
{ "type": "Feature", "properties": { }, "geometry": { "type": "LineString", "coordinates": [ [ -47.911062, -3.672268 ], [ -47.911062, -3.672178 ] ] } },
{ "type": "Feature", "properties": { }, "geometry": { "type": "LineString", "coordinates": [ [ -47.931993, -3.705595 ], [ -47.934508, -3.705595 ], [ -47.934598, -3.705506 ] ] } },
{ "type": "Feature", "properties": { }, "geometry": { "type": "LineString", "coordinates": [ [ -47.931993, -3.705595 ], [ -47.931813, -3.705416 ] ] } },
{ "type": "Feature", "properties": { }, "geometry": { "type": "LineString", "coordinates": [ [ -47.980681, -3.71359 ], [ -47.980771, -3.71359 ] ] } },
{ "type": "Feature", "properties": { }, "geometry": { "type": "LineString", "coordinates": [ [ -47.904684, -3.705595 ], [ -47.904738, -3.705092 ], [ -47.904775, -3.704799 ], [ -47.904818, -3.704516 ], [ -47.904867, -3.704254 ], [ -47.904921, -3.704017 ], [ -47.904979, -3.703804 ], [ -47.905037, -3.703618 ], [ -47.905133, -3.70335 ] ] } },
{ "type": "Feature", "properties": { }, "geometry": { "type": "LineString", "coordinates": [ [ -47.916003, -3.680532 ], [ -47.915951, -3.680312 ], [ -47.915917, -3.680166 ], [ -47.915879, -3.680004 ], [ -47.915839, -3.679827 ], [ -47.915797, -3.679638 ], [ -47.915754, -3.679439 ], [ -47.915711, -3.67923 ], [ -47.915667, -3.679012 ], [ -47.915625, -3.678783 ], [ -47.915584, -3.678542 ], [ -47.915545, -3.678293 ], [ -47.915512, -3.678049 ], [ -47.915464, -3.677658 ] ] } },
{ "type": "Feature", "properties": { }, "geometry": { "type": "LineString", "coordinates": [ [ -47.924896, -3.672627 ], [ -47.924986, -3.672627 ] ] } },
{ "type": "Feature", "properties": { }, "geometry": { "type": "LineString", "coordinates": [ [ -47.924896, -3.672627 ], [ -47.924896, -3.672537 ] ] } },
{ "type": "Feature", "properties": { }, "geometry": { "type": "LineString", "coordinates": [ [ -47.893634, -3.696882 ], [ -47.893599, -3.69634 ], [ -47.893579, -3.696035 ], [ -47.893545, -3.695534 ] ] } },
{ "type": "Feature", "properties": { }, "geometry": { "type": "LineString", "coordinates": [ [ -47.873153, -3.70838 ], [ -47.873243, -3.70838 ] ] } },
{ "type": "Feature", "properties": { }, "geometry": { "type": "LineString", "coordinates": [ [ -47.873153, -3.70838 ], [ -47.872909, -3.708242 ], [ -47.872767, -3.708161 ], [ -47.872524, -3.708021 ] ] } },
{ "type": "Feature", "properties": { }, "geometry": { "type": "LineString", "coordinates": [ [ -47.931993, -3.711075 ], [ -47.932002, -3.710669 ], [ -47.932005, -3.710413 ], [ -47.932005, -3.710144 ], [ -47.932002, -3.709881 ], [ -47.931993, -3.709458 ] ] } },
{ "type": "Feature", "properties": { }, "geometry": { "type": "LineString", "coordinates": [ [ -47.931993, -3.711075 ], [ -47.931495, -3.711069 ], [ -47.931173, -3.711059 ], [ -47.930821, -3.711042 ], [ -47.930455, -3.711018 ], [ -47.930089, -3.710987 ], [ -47.929743, -3.710954 ], [ -47.929208, -3.710896 ] ] } },
{ "type": "Feature", "properties": { }, "geometry": { "type": "LineString", "coordinates": [ [ -47.898755, -3.696343 ], [ -47.898755, -3.696253 ] ] } },
{ "type": "Feature", "properties": { }, "geometry": { "type": "LineString", "coordinates": [ [ -47.993976, -3.721675 ], [ -47.994066, -3.721675 ] ] } },
{ "type": "Feature", "properties": { }, "geometry": { "type": "LineString", "coordinates": [ [ -47.993976, -3.721675 ], [ -47.993976, -3.721585 ] ] } },
{ "type": "Feature", "properties": { }, "geometry": { "type": "LineString", "coordinates": [ [ -47.900641, -3.709099 ], [ -47.900731, -3.709099 ] ] } },
{ "type": "Feature", "properties": { }, "geometry": { "type": "LineString", "coordinates": [ [ -47.900641, -3.709099 ], [ -47.900018, -3.709105 ], [ -47.899639, -3.709107 ], [ -47.899265, -3.709106 ], [ -47.898665, -3.709099 ] ] } },
{ "type": "Feature", "properties": { }, "geometry": { "type": "LineString", "coordinates": [ [ -47.980861, -3.694726 ], [ -47.980861, -3.694636 ] ] } },
{ "type": "Feature", "properties": { }, "geometry": { "type": "LineString", "coordinates": [ [ -47.983376, -3.689605 ], [ -47.983466, -3.689605 ] ] } },
{ "type": "Feature", "properties": { }, "geometry": { "type": "LineString", "coordinates": [ [ -47.983376, -3.689605 ], [ -47.982029, -3.689605 ], [ -47.981939, -3.689516 ] ] } },
{ "type": "Feature", "properties": { }, "geometry": { "type": "LineString", "coordinates": [ [ -47.914296, -3.689426 ], [ -47.914348, -3.68894 ], [ -47.914382, -3.688659 ], [ -47.914419, -3.688386 ], [ -47.914459, -3.68813 ], [ -47.914501, -3.687887 ], [ -47.914542, -3.687649 ], [ -47.914582, -3.687408 ], [ -47.914619, -3.687159 ], [ -47.914651, -3.686903 ], [ -47.914675, -3.686646 ], [ -47.914688, -3.686394 ], [ -47.914691, -3.686157 ], [ -47.914684, -3.685948 ], [ -47.914655, -3.685653 ] ] } },
{ "type": "Feature", "properties": { }, "geometry": { "type": "LineString", "coordinates": [ [ -47.984993, -3.715926 ], [ -47.985083, -3.715926 ] ] } },
{ "type": "Feature", "properties": { }, "geometry": { "type": "LineString", "coordinates": [ [ -47.984993, -3.715926 ], [ -47.984993, -3.715836 ] ] } },
{ "type": "Feature", "properties": { }, "geometry": { "type": "LineString", "coordinates": [ [ -47.880339, -3.724011 ], [ -47.880429, -3.724011 ] ] } },
{ "type": "Feature", "properties": { }, "geometry": { "type": "LineString", "coordinates": [ [ -47.880339, -3.724011 ], [ -47.880154, -3.723959 ], [ -47.880035, -3.723925 ], [ -47.879904, -3.723887 ], [ -47.879766, -3.723843 ], [ -47.879622, -3.723795 ], [ -47.879471, -3.723738 ], [ -47.879316, -3.723671 ], [ -47.879155, -3.72359 ], [ -47.878991, -3.723494 ], [ -47.878827, -3.723383 ], [ -47.878666, -3.723258 ], [ -47.878516, -3.723124 ], [ -47.878381, -3.722987 ], [ -47.878267, -3.722853 ], [ -47.878176, -3.722724 ], [ -47.878109, -3.722602 ], [ -47.878063, -3.722485 ], [ -47.878039, -3.72237 ], [ -47.878032, -3.722254 ], [ -47.878041, -3.722135 ], [ -47.878063, -3.722012 ], [ -47.878097, -3.721885 ], [ -47.87814, -3.721755 ], [ -47.878193, -3.721622 ], [ -47.878254, -3.721486 ], [ -47.878323, -3.72135 ], [ -47.878399, -3.721212 ], [ -47.878481, -3.721076 ], [ -47.878567, -3.720953 ], [ -47.878722, -3.720777 ] ] } },
{ "type": "Feature", "properties": { }, "geometry": { "type": "LineString", "coordinates": [ [ -47.98122, -3.711884 ], [ -47.981362, -3.711832 ], [ -47.981452, -3.711798 ], [ -47.981547, -3.71176 ], [ -47.981644, -3.711721 ], [ -47.981741, -3.711679 ], [ -47.981837, -3.711635 ], [ -47.981932, -3.711591 ], [ -47.982026, -3.711545 ], [ -47.98212, -3.711498 ], [ -47.982216, -3.711449 ], [ -47.982315, -3.711396 ], [ -47.982418, -3.711338 ], [ -47.982526, -3.711274 ], [ -47.98264, -3.711205 ], [ -47.98276, -3.711129 ], [ -47.982882, -3.71105 ], [ -47.983005, -3.710969 ], [ -47.983123, -3.710891 ], [ -47.983228, -3.710819 ], [ -47.983376, -3.710716 ] ] } },
{ "type": "Feature", "properties": { }, "geometry": { "type": "LineString", "coordinates": [ [ -47.98122, -3.711884 ], [ -47.981218, -3.711397 ], [ -47.981218, -3.71111 ], [ -47.981221, -3.710828 ], [ -47.981225, -3.71057 ], [ -47.981228, -3.710346 ], [ -47.981229, -3.710157 ], [ -47.981227, -3.710008 ], [ -47.98122, -3.709818 ] ] } },
{ "type": "Feature", "properties": { }, "geometry": { "type": "LineString", "coordinates": [ [ -47.884292, -3.712423 ], [ -47.884382, -3.712423 ] ] } },
{ "type": "Feature", "properties": { }, "geometry": { "type": "LineString", "coordinates": [ [ -47.884292, -3.712423 ], [ -47.884202, -3.712333 ] ] } },
{ "type": "Feature", "properties": { }, "geometry": { "type": "LineString", "coordinates": [ [ -47.875399, -3.710446 ], [ -47.875488, -3.710446 ] ] } },
{ "type": "Feature", "properties": { }, "geometry": { "type": "LineString", "coordinates": [ [ -47.875399, -3.710446 ], [ -47.875141, -3.710137 ], [ -47.874997, -3.709959 ], [ -47.874865, -3.709789 ], [ -47.874751, -3.709636 ], [ -47.874655, -3.709498 ], [ -47.874573, -3.709374 ], [ -47.8745, -3.709259 ], [ -47.874432, -3.709152 ], [ -47.874369, -3.70905 ], [ -47.874313, -3.70896 ], [ -47.874231, -3.708829 ] ] } },
{ "type": "Feature", "properties": { }, "geometry": { "type": "LineString", "coordinates": [ [ -47.861565, -3.6923 ], [ -47.861635, -3.692159 ], [ -47.861676, -3.692078 ], [ -47.861744, -3.691941 ] ] } },
{ "type": "Feature", "properties": { }, "geometry": { "type": "LineString", "coordinates": [ [ -47.98276, -3.699064 ], [ -47.983039, -3.698357 ], [ -47.983576, -3.688378 ], [ -47.983404, -3.680777 ], [ -47.98394, -3.679021 ], [ -47.984005, -3.678015 ], [ -47.985035, -3.677137 ], [ -47.98658, -3.676387 ], [ -47.989004, -3.675573 ], [ -47.994455, -3.673111 ], [ -47.994712, -3.672426 ], [ -47.995141, -3.672126 ], [ -47.995399, -3.671376 ], [ -47.99527, -3.670584 ], [ -47.995592, -3.669106 ], [ -47.998467, -3.658699 ] ] } },
{ "type": "Feature", "properties": { }, "geometry": { "type": "LineString", "coordinates": [ [ -47.98276, -3.699064 ], [ -47.981859, -3.698079 ], [ -47.980014, -3.696965 ], [ -47.978533, -3.696537 ], [ -47.976902, -3.694995 ], [ -47.97658, -3.694074 ], [ -47.976237, -3.69249 ], [ -47.975507, -3.690862 ], [ -47.9754, -3.6884 ], [ -47.975872, -3.687822 ], [ -47.976645, -3.686666 ], [ -47.975336, -3.684396 ] ] } },
{ "type": "Feature", "properties": { }, "geometry": { "type": "LineString", "coordinates": [ [ -47.98276, -3.699064 ], [ -47.982889, -3.698865 ], [ -47.982923, -3.698694 ], [ -47.98296, -3.698506 ], [ -47.983039, -3.698357 ], [ -47.983042, -3.698094 ], [ -47.983086, -3.697874 ], [ -47.98313, -3.697647 ], [ -47.983174, -3.697412 ], [ -47.98322, -3.697172 ], [ -47.983265, -3.696927 ], [ -47.983311, -3.696679 ], [ -47.983358, -3.696431 ], [ -47.983404, -3.696186 ], [ -47.98345, -3.695953 ], [ -47.983493, -3.695744 ], [ -47.983556, -3.695445 ] ] } },
{ "type": "Feature", "properties": { }, "geometry": { "type": "LineString", "coordinates": [ [ -47.928938, -3.707212 ], [ -47.929028, -3.707212 ] ] } },
{ "type": "Feature", "properties": { }, "geometry": { "type": "LineString", "coordinates": [ [ -47.909175, -3.689605 ], [ -47.909539, -3.689552 ], [ -47.909766, -3.689517 ], [ -47.909899, -3.689496 ] ] } },
{ "type": "Feature", "properties": { }, "geometry": { "type": "LineString", "coordinates": [ [ -47.941964, -3.711435 ], [ -47.942054, -3.711345 ], [ -47.942054, -3.706584 ] ] } },
{ "type": "Feature", "properties": { }, "geometry": { "type": "LineString", "coordinates": [ [ -47.880968, -3.712423 ], [ -47.881003, -3.711998 ], [ -47.881024, -3.711754 ], [ -47.881058, -3.711345 ] ] } },
{ "type": "Feature", "properties": { }, "geometry": { "type": "LineString", "coordinates": [ [ -47.999725, -3.722214 ], [ -47.999725, -3.722124 ] ] } },
{ "type": "Feature", "properties": { }, "geometry": { "type": "LineString", "coordinates": [ [ -47.979963, -3.709458 ], [ -47.979963, -3.709368 ] ] } },
{ "type": "Feature", "properties": { }, "geometry": { "type": "LineString", "coordinates": [ [ -47.979963, -3.709458 ], [ -47.979763, -3.709589 ], [ -47.979642, -3.709665 ], [ -47.979519, -3.709738 ], [ -47.979398, -3.709805 ], [ -47.979281, -3.709865 ], [ -47.979167, -3.70992 ], [ -47.979054, -3.70997 ], [ -47.978942, -3.710018 ], [ -47.978828, -3.710064 ], [ -47.978713, -3.71011 ], [ -47.978595, -3.710155 ], [ -47.978474, -3.7102 ], [ -47.978349, -3.710245 ], [ -47.978217, -3.710289 ], [ -47.978076, -3.710333 ], [ -47.977919, -3.710375 ], [ -47.977743, -3.710415 ], [ -47.977542, -3.710451 ], [ -47.977309, -3.71048 ], [ -47.977042, -3.710501 ], [ -47.976738, -3.710512 ], [ -47.976401, -3.710512 ], [ -47.976036, -3.710501 ], [ -47.975651, -3.71048 ], [ -47.975256, -3.710451 ], [ -47.974861, -3.710415 ], [ -47.974477, -3.710376 ], [ -47.974112, -3.710334 ], [ -47.973775, -3.71029 ], [ -47.973474, -3.710246 ], [ -47.973215, -3.710203 ], [ -47.973012, -3.71016 ], [ -47.972776, -3.710087 ] ] } },
{ "type": "Feature", "properties": { }, "geometry": { "type": "LineString", "coordinates": [ [ -47.892377, -3.688797 ], [ -47.893275, -3.688797 ], [ -47.893365, -3.688707 ] ] } },
{ "type": "Feature", "properties": { }, "geometry": { "type": "LineString", "coordinates": [ [ -47.892377, -3.688797 ], [ -47.892351, -3.687034 ], [ -47.892345, -3.686007 ], [ -47.892347, -3.685019 ], [ -47.892361, -3.684137 ], [ -47.892383, -3.683393 ], [ -47.892412, -3.682804 ], [ -47.892467, -3.68206 ] ] } },
{ "type": "Feature", "properties": { }, "geometry": { "type": "LineString", "coordinates": [ [ -47.9973, -3.726706 ], [ -47.997482, -3.72656 ], [ -47.997601, -3.726461 ], [ -47.997733, -3.726347 ], [ -47.997873, -3.726219 ], [ -47.998016, -3.726083 ], [ -47.998156, -3.725945 ], [ -47.998378, -3.725718 ] ] } },
{ "type": "Feature", "properties": { }, "geometry": { "type": "LineString", "coordinates": [ [ -47.9973, -3.726706 ], [ -47.99706, -3.726596 ], [ -47.996908, -3.726518 ], [ -47.996744, -3.726425 ], [ -47.996576, -3.726315 ], [ -47.996406, -3.726188 ], [ -47.996237, -3.726046 ], [ -47.996073, -3.725892 ], [ -47.995916, -3.72573 ], [ -47.995772, -3.725565 ], [ -47.995642, -3.725403 ], [ -47.995529, -3.725248 ], [ -47.995435, -3.725101 ], [ -47.99536, -3.724963 ], [ -47.995302, -3.724833 ], [ -47.995261, -3.724712 ], [ -47.995235, -3.7246 ], [ -47.995224, -3.724503 ], [ -47.995234, -3.72437 ] ] } },
{ "type": "Feature", "properties": { }, "geometry": { "type": "LineString", "coordinates": [ [ -47.893006, -3.680622 ], [ -47.893095, -3.680532 ] ] } },
{ "type": "Feature", "properties": { }, "geometry": { "type": "LineString", "coordinates": [ [ -47.896689, -3.685922 ], [ -47.896689, -3.685833 ] ] } },
{ "type": "Feature", "properties": { }, "geometry": { "type": "LineString", "coordinates": [ [ -47.885011, -3.731557 ], [ -47.8851, -3.731557 ] ] } },
{ "type": "Feature", "properties": { }, "geometry": { "type": "LineString", "coordinates": [ [ -47.922403, -3.732253 ], [ -47.922359, -3.73252 ] ] } },
{ "type": "Feature", "properties": { }, "geometry": { "type": "LineString", "coordinates": [ [ -47.881597, -3.712243 ], [ -47.881632, -3.712003 ], [ -47.881653, -3.71186 ], [ -47.881687, -3.711614 ] ] } },
{ "type": "Feature", "properties": { }, "geometry": { "type": "LineString", "coordinates": [ [ -47.971878, -3.710267 ], [ -47.97223, -3.710196 ], [ -47.972434, -3.710156 ], [ -47.972776, -3.710087 ] ] } },
{ "type": "Feature", "properties": { }, "geometry": { "type": "LineString", "coordinates": [ [ -47.971878, -3.710267 ], [ -47.971732, -3.710196 ], [ -47.971644, -3.710153 ], [ -47.971553, -3.710108 ], [ -47.971469, -3.710065 ], [ -47.971339, -3.709997 ] ] } },
{ "type": "Feature", "properties": { }, "geometry": { "type": "LineString", "coordinates": [ [ -47.896868, -3.674963 ], [ -47.896868, -3.671998 ] ] } },
{ "type": "Feature", "properties": { }, "geometry": { "type": "LineString", "coordinates": [ [ -47.905852, -3.704158 ], [ -47.906085, -3.704152 ], [ -47.906224, -3.70415 ], [ -47.906359, -3.704152 ], [ -47.90657, -3.704158 ] ] } },
{ "type": "Feature", "properties": { }, "geometry": { "type": "LineString", "coordinates": [ [ -47.905852, -3.704158 ], [ -47.905657, -3.703916 ], [ -47.905538, -3.703775 ], [ -47.905418, -3.70364 ], [ -47.905306, -3.703521 ], [ -47.905133, -3.70335 ] ] } },
{ "type": "Feature", "properties": { }, "geometry": { "type": "LineString", "coordinates": [ [ -47.915464, -3.695175 ], [ -47.915553, -3.695175 ] ] } },
{ "type": "Feature", "properties": { }, "geometry": { "type": "LineString", "coordinates": [ [ -47.915464, -3.695175 ], [ -47.915464, -3.695085 ] ] } },
{ "type": "Feature", "properties": { }, "geometry": { "type": "LineString", "coordinates": [ [ -47.88555, -3.733174 ], [ -47.88555, -3.733084 ] ] } },
{ "type": "Feature", "properties": { }, "geometry": { "type": "LineString", "coordinates": [ [ -47.917799, -3.681431 ], [ -47.918152, -3.681428 ], [ -47.918355, -3.681428 ], [ -47.918697, -3.681431 ] ] } },
{ "type": "Feature", "properties": { }, "geometry": { "type": "LineString", "coordinates": [ [ -47.917799, -3.681431 ], [ -47.917649, -3.681263 ], [ -47.917554, -3.681141 ], [ -47.917454, -3.680994 ], [ -47.917353, -3.680821 ], [ -47.917256, -3.680624 ], [ -47.917165, -3.680407 ], [ -47.917083, -3.680179 ], [ -47.917011, -3.679951 ], [ -47.916947, -3.679732 ], [ -47.916891, -3.67953 ], [ -47.91684, -3.67935 ], [ -47.916794, -3.679191 ], [ -47.916754, -3.679051 ], [ -47.916721, -3.678924 ], [ -47.916696, -3.678804 ], [ -47.916684, -3.678686 ], [ -47.916688, -3.678566 ], [ -47.916708, -3.678443 ], [ -47.916747, -3.678317 ], [ -47.916802, -3.678193 ], [ -47.91687, -3.678074 ], [ -47.916945, -3.677971 ], [ -47.91708, -3.677838 ] ] } },
{ "type": "Feature", "properties": { }, "geometry": { "type": "LineString", "coordinates": [ [ -47.907648, -3.705236 ], [ -47.907441, -3.705177 ], [ -47.907307, -3.705142 ], [ -47.907167, -3.705108 ], [ -47.90693, -3.705056 ] ] } },
{ "type": "Feature", "properties": { }, "geometry": { "type": "LineString", "coordinates": [ [ -47.980771, -3.705775 ], [ -47.980861, -3.705685 ], [ -47.980951, -3.705775 ] ] } },
{ "type": "Feature", "properties": { }, "geometry": { "type": "LineString", "coordinates": [ [ -47.882046, -3.723472 ], [ -47.882046, -3.723382 ] ] } },
{ "type": "Feature", "properties": { }, "geometry": { "type": "LineString", "coordinates": [ [ -47.974483, -3.702811 ], [ -47.97474, -3.702751 ], [ -47.974896, -3.702709 ], [ -47.975057, -3.702661 ], [ -47.975214, -3.702606 ], [ -47.975365, -3.702547 ], [ -47.975509, -3.702483 ], [ -47.975647, -3.702418 ], [ -47.975782, -3.702352 ], [ -47.975914, -3.702287 ], [ -47.976048, -3.702225 ], [ -47.976184, -3.702163 ], [ -47.976322, -3.702101 ], [ -47.976462, -3.702039 ], [ -47.9766, -3.701976 ], [ -47.976725, -3.701916 ], [ -47.976908, -3.701823 ] ] } },
{ "type": "Feature", "properties": { }, "geometry": { "type": "LineString", "coordinates": [ [ -47.916541, -3.70838 ], [ -47.91634, -3.70831 ], [ -47.916214, -3.708264 ], [ -47.916082, -3.708213 ], [ -47.915951, -3.708159 ], [ -47.91583, -3.708106 ], [ -47.915643, -3.708021 ] ] } },
{ "type": "Feature", "properties": { }, "geometry": { "type": "LineString", "coordinates": [ [ -47.889233, -3.709189 ], [ -47.889323, -3.709189 ] ] } },
{ "type": "Feature", "properties": { }, "geometry": { "type": "LineString", "coordinates": [ [ -47.889233, -3.709189 ], [ -47.889233, -3.709099 ] ] } },
{ "type": "Feature", "properties": { }, "geometry": { "type": "LineString", "coordinates": [ [ -47.934598, -3.705506 ], [ -47.934562, -3.704202 ], [ -47.934542, -3.703449 ], [ -47.934508, -3.702182 ] ] } },
{ "type": "Feature", "properties": { }, "geometry": { "type": "LineString", "coordinates": [ [ -47.843778, -3.690863 ], [ -47.843846, -3.690651 ], [ -47.843889, -3.690519 ], [ -47.843933, -3.690381 ], [ -47.843979, -3.690242 ], [ -47.844024, -3.690103 ], [ -47.844069, -3.689965 ], [ -47.844115, -3.689829 ], [ -47.84416, -3.689695 ], [ -47.844205, -3.689564 ], [ -47.84425, -3.689435 ], [ -47.844296, -3.689307 ], [ -47.844342, -3.689181 ], [ -47.844389, -3.689055 ], [ -47.844436, -3.688929 ], [ -47.844482, -3.688806 ], [ -47.844524, -3.688693 ], [ -47.844586, -3.688527 ] ] } },
{ "type": "Feature", "properties": { }, "geometry": { "type": "LineString", "coordinates": [ [ -47.866236, -3.694007 ], [ -47.866674, -3.693608 ], [ -47.866958, -3.693344 ], [ -47.867256, -3.693061 ], [ -47.867763, -3.69257 ] ] } },
{ "type": "Feature", "properties": { }, "geometry": { "type": "LineString", "coordinates": [ [ -47.85887, -3.691672 ], [ -47.858959, -3.691672 ] ] } },
{ "type": "Feature", "properties": { }, "geometry": { "type": "LineString", "coordinates": [ [ -47.85887, -3.691672 ], [ -47.85863, -3.691603 ], [ -47.858477, -3.691561 ], [ -47.858314, -3.691516 ], [ -47.858144, -3.691471 ], [ -47.857971, -3.691425 ], [ -47.857796, -3.69138 ], [ -47.857619, -3.691335 ], [ -47.85744, -3.69129 ], [ -47.857261, -3.691245 ], [ -47.857079, -3.6912 ], [ -47.856897, -3.691155 ], [ -47.856715, -3.69111 ], [ -47.856534, -3.691065 ], [ -47.856355, -3.69102 ], [ -47.856179, -3.690975 ], [ -47.856003, -3.69093 ], [ -47.855828, -3.690885 ], [ -47.855653, -3.69084 ], [ -47.855478, -3.690796 ], [ -47.855303, -3.690753 ], [ -47.855133, -3.690711 ], [ -47.854972, -3.690671 ], [ -47.854833, -3.690638 ], [ -47.854648, -3.690594 ] ] } },
{ "type": "Feature", "properties": { }, "geometry": { "type": "LineString", "coordinates": [ [ -47.961817, -3.718082 ], [ -47.961887, -3.717976 ], [ -47.961928, -3.717915 ], [ -47.961996, -3.717813 ] ] } },
{ "type": "Feature", "properties": { }, "geometry": { "type": "LineString", "coordinates": [ [ -47.961817, -3.718082 ], [ -47.961468, -3.718047 ], [ -47.961243, -3.718021 ], [ -47.961, -3.717987 ], [ -47.96075, -3.717943 ], [ -47.960504, -3.717889 ], [ -47.960276, -3.71783 ], [ -47.95993, -3.717723 ] ] } },
{ "type": "Feature", "properties": { }, "geometry": { "type": "LineString", "coordinates": [ [ -47.881058, -3.711345 ], [ -47.881058, -3.711255 ] ] } },
{ "type": "Feature", "properties": { }, "geometry": { "type": "LineString", "coordinates": [ [ -47.944569, -3.700295 ], [ -47.944659, -3.700295 ] ] } },
{ "type": "Feature", "properties": { }, "geometry": { "type": "LineString", "coordinates": [ [ -47.896779, -3.680443 ], [ -47.89683, -3.679938 ], [ -47.896863, -3.679631 ], [ -47.896898, -3.679321 ], [ -47.896934, -3.679022 ], [ -47.896967, -3.678744 ], [ -47.896997, -3.678492 ], [ -47.897022, -3.678266 ], [ -47.897039, -3.678067 ], [ -47.897049, -3.677895 ], [ -47.897053, -3.677754 ], [ -47.897048, -3.677568 ] ] } },
{ "type": "Feature", "properties": { }, "geometry": { "type": "LineString", "coordinates": [ [ -47.985352, -3.709279 ], [ -47.985119, -3.709111 ], [ -47.984981, -3.709008 ], [ -47.984846, -3.708903 ], [ -47.984724, -3.708804 ], [ -47.984544, -3.70865 ] ] } },
{ "type": "Feature", "properties": { }, "geometry": { "type": "LineString", "coordinates": [ [ -47.991641, -3.72446 ], [ -47.99178, -3.724453 ], [ -47.991866, -3.724452 ], [ -47.991952, -3.724453 ], [ -47.99209, -3.72446 ] ] } },
{ "type": "Feature", "properties": { }, "geometry": { "type": "LineString", "coordinates": [ [ -47.988407, -3.71898 ], [ -47.988572, -3.718749 ], [ -47.988697, -3.718585 ], [ -47.988852, -3.718389 ], [ -47.989035, -3.718168 ], [ -47.989231, -3.717937 ], [ -47.989575, -3.717543 ] ] } },
{ "type": "Feature", "properties": { }, "geometry": { "type": "LineString", "coordinates": [ [ -47.915374, -3.694995 ], [ -47.915314, -3.694762 ], [ -47.915279, -3.694623 ], [ -47.915246, -3.694488 ], [ -47.915194, -3.694277 ] ] } },
{ "type": "Feature", "properties": { }, "geometry": { "type": "LineString", "coordinates": [ [ -47.918069, -3.682239 ], [ -47.918069, -3.682149 ] ] } },
{ "type": "Feature", "properties": { }, "geometry": { "type": "LineString", "coordinates": [ [ -47.930555, -3.703619 ], [ -47.930592, -3.703043 ], [ -47.930612, -3.702655 ], [ -47.930629, -3.702215 ], [ -47.930641, -3.701739 ], [ -47.930648, -3.701248 ], [ -47.93065, -3.700774 ], [ -47.930645, -3.700026 ] ] } },
{ "type": "Feature", "properties": { }, "geometry": { "type": "LineString", "coordinates": [ [ -47.979783, -3.697241 ], [ -47.979783, -3.697151 ] ] } },
{ "type": "Feature", "properties": { }, "geometry": { "type": "LineString", "coordinates": [ [ -47.834525, -3.688258 ], [ -47.834525, -3.688168 ] ] } },
{ "type": "Feature", "properties": { }, "geometry": { "type": "LineString", "coordinates": [ [ -47.876117, -3.711255 ], [ -47.875866, -3.710968 ], [ -47.875723, -3.710805 ], [ -47.875488, -3.710536 ] ] } },
{ "type": "Feature", "properties": { }, "geometry": { "type": "LineString", "coordinates": [ [ -47.937472, -3.674963 ], [ -47.937472, -3.674873 ] ] } },
{ "type": "Feature", "properties": { }, "geometry": { "type": "LineString", "coordinates": [ [ -47.862732, -3.691492 ], [ -47.862822, -3.691492 ] ] } },
{ "type": "Feature", "properties": { }, "geometry": { "type": "LineString", "coordinates": [ [ -47.862732, -3.691492 ], [ -47.862643, -3.691402 ] ] } },
{ "type": "Feature", "properties": { }, "geometry": { "type": "LineString", "coordinates": [ [ -47.906031, -3.696612 ], [ -47.906066, -3.695659 ], [ -47.906087, -3.69513 ], [ -47.906121, -3.694277 ] ] } },
{ "type": "Feature", "properties": { }, "geometry": { "type": "LineString", "coordinates": [ [ -47.906031, -3.696612 ], [ -47.905762, -3.696675 ], [ -47.905598, -3.696701 ], [ -47.905431, -3.696712 ], [ -47.905267, -3.696702 ], [ -47.905111, -3.696668 ], [ -47.904961, -3.696612 ], [ -47.904818, -3.696534 ], [ -47.904681, -3.696439 ], [ -47.904548, -3.69633 ], [ -47.904419, -3.696212 ], [ -47.904295, -3.696087 ], [ -47.904177, -3.695958 ], [ -47.904066, -3.695828 ], [ -47.903961, -3.695701 ], [ -47.903862, -3.695581 ], [ -47.903765, -3.69547 ], [ -47.90367, -3.69537 ], [ -47.903572, -3.69528 ], [ -47.903469, -3.695201 ], [ -47.903359, -3.695129 ], [ -47.903239, -3.695063 ], [ -47.903107, -3.695003 ], [ -47.902964, -3.694949 ], [ -47.902812, -3.6949 ], [ -47.902665, -3.694861 ], [ -47.902438, -3.694816 ] ] } },
{ "type": "Feature", "properties": { }, "geometry": { "type": "LineString", "coordinates": [ [ -47.987329, -3.690234 ], [ -47.987329, -3.690144 ] ] } },
{ "type": "Feature", "properties": { }, "geometry": { "type": "LineString", "coordinates": [ [ -47.931813, -3.703619 ], [ -47.931813, -3.70326 ], [ -47.931723, -3.70317 ] ] } },
{ "type": "Feature", "properties": { }, "geometry": { "type": "LineString", "coordinates": [ [ -47.909899, -3.693639 ], [ -47.909989, -3.693519 ], [ -47.910212, -3.693213 ], [ -47.910434, -3.692903 ], [ -47.910792, -3.69239 ] ] } },
{ "type": "Feature", "properties": { }, "geometry": { "type": "LineString", "coordinates": [ [ -47.93307, -3.682868 ], [ -47.93316, -3.682868 ] ] } },
{ "type": "Feature", "properties": { }, "geometry": { "type": "LineString", "coordinates": [ [ -47.93307, -3.682868 ], [ -47.931662, -3.682852 ], [ -47.930825, -3.682843 ], [ -47.929998, -3.682836 ], [ -47.929229, -3.68283 ], [ -47.928543, -3.682825 ], [ -47.927945, -3.682821 ], [ -47.927431, -3.682816 ], [ -47.926988, -3.68281 ], [ -47.926608, -3.682802 ], [ -47.926296, -3.682794 ], [ -47.925884, -3.682778 ] ] } },
{ "type": "Feature", "properties": { }, "geometry": { "type": "LineString", "coordinates": [ [ -47.980771, -3.68197 ], [ -47.980861, -3.68197 ] ] } },
{ "type": "Feature", "properties": { }, "geometry": { "type": "LineString", "coordinates": [ [ -47.980771, -3.68197 ], [ -47.980771, -3.68188 ] ] } },
{ "type": "Feature", "properties": { }, "geometry": { "type": "LineString", "coordinates": [ [ -47.929837, -3.673705 ], [ -47.929926, -3.673705 ] ] } },
{ "type": "Feature", "properties": { }, "geometry": { "type": "LineString", "coordinates": [ [ -47.929837, -3.673705 ], [ -47.929837, -3.673615 ] ] } },
{ "type": "Feature", "properties": { }, "geometry": { "type": "LineString", "coordinates": [ [ -47.921752, -3.701733 ], [ -47.921752, -3.701643 ] ] } },
{ "type": "Feature", "properties": { }, "geometry": { "type": "LineString", "coordinates": [ [ -47.947713, -3.723741 ], [ -47.948072, -3.723741 ], [ -47.948162, -3.723652 ] ] } },
{ "type": "Feature", "properties": { }, "geometry": { "type": "LineString", "coordinates": [ [ -47.947713, -3.723741 ], [ -47.94771, -3.723565 ], [ -47.94771, -3.723463 ], [ -47.947713, -3.723292 ] ] } },
{ "type": "Feature", "properties": { }, "geometry": { "type": "LineString", "coordinates": [ [ -47.941694, -3.688168 ], [ -47.941694, -3.687 ], [ -47.941784, -3.686911 ] ] } },
{ "type": "Feature", "properties": { }, "geometry": { "type": "LineString", "coordinates": [ [ -47.90145, -3.70865 ], [ -47.90162, -3.708557 ], [ -47.901723, -3.708504 ], [ -47.901825, -3.708454 ], [ -47.901989, -3.70838 ] ] } },
{ "type": "Feature", "properties": { }, "geometry": { "type": "LineString", "coordinates": [ [ -47.866775, -3.702541 ], [ -47.866843, -3.702181 ], [ -47.866886, -3.701942 ], [ -47.866931, -3.701678 ], [ -47.866976, -3.701401 ], [ -47.867021, -3.701125 ], [ -47.867066, -3.70086 ], [ -47.86711, -3.700614 ], [ -47.867152, -3.700388 ], [ -47.867194, -3.70018 ], [ -47.867232, -3.699989 ], [ -47.867266, -3.69982 ], [ -47.867314, -3.699577 ] ] } },
{ "type": "Feature", "properties": { }, "geometry": { "type": "LineString", "coordinates": [ [ -47.875039, -3.704787 ], [ -47.875129, -3.704787 ] ] } },
{ "type": "Feature", "properties": { }, "geometry": { "type": "LineString", "coordinates": [ [ -47.875039, -3.704787 ], [ -47.875039, -3.704697 ] ] } },
{ "type": "Feature", "properties": { }, "geometry": { "type": "LineString", "coordinates": [ [ -47.989575, -3.707302 ], [ -47.989728, -3.707183 ], [ -47.989834, -3.707115 ], [ -47.989958, -3.707052 ], [ -47.990096, -3.707002 ], [ -47.990247, -3.706968 ], [ -47.990403, -3.706953 ], [ -47.990559, -3.706958 ], [ -47.990703, -3.706977 ], [ -47.990922, -3.707033 ] ] } },
{ "type": "Feature", "properties": { }, "geometry": { "type": "LineString", "coordinates": [ [ -47.989395, -3.679724 ], [ -47.989463, -3.679446 ], [ -47.989506, -3.679263 ], [ -47.98955, -3.679063 ], [ -47.989596, -3.67885 ], [ -47.989641, -3.67863 ], [ -47.989686, -3.678405 ], [ -47.989731, -3.678177 ], [ -47.989776, -3.677943 ], [ -47.98982, -3.677702 ], [ -47.989863, -3.677449 ], [ -47.989904, -3.677184 ], [ -47.989943, -3.67691 ], [ -47.989976, -3.676643 ], [ -47.990024, -3.676221 ] ] } },
{ "type": "Feature", "properties": { }, "geometry": { "type": "LineString", "coordinates": [ [ -47.989395, -3.679724 ], [ -47.989186, -3.679672 ], [ -47.989044, -3.679638 ], [ -47.988882, -3.679601 ], [ -47.988701, -3.67956 ], [ -47.988504, -3.679518 ], [ -47.988291, -3.679474 ], [ -47.988066, -3.679429 ], [ -47.987831, -3.679384 ], [ -47.987591, -3.679337 ], [ -47.987352, -3.679292 ], [ -47.987129, -3.67925 ], [ -47.98679, -3.679185 ] ] } },
{ "type": "Feature", "properties": { }, "geometry": { "type": "LineString", "coordinates": [ [ -47.983825, -3.678377 ], [ -47.983825, -3.678287 ] ] } },
{ "type": "Feature", "properties": { }, "geometry": { "type": "LineString", "coordinates": [ [ -47.977896, -3.707931 ], [ -47.977896, -3.707841 ] ] } },
{ "type": "Feature", "properties": { }, "geometry": { "type": "LineString", "coordinates": [ [ -47.980591, -3.730748 ], [ -47.979708, -3.730808 ], [ -47.979132, -3.730842 ], [ -47.978508, -3.730872 ], [ -47.977867, -3.730897 ], [ -47.977243, -3.730914 ], [ -47.976675, -3.730923 ], [ -47.975982, -3.731059 ], [ -47.97583, -3.730928 ] ] } },
{ "type": "Feature", "properties": { }, "geometry": { "type": "LineString", "coordinates": [ [ -47.980591, -3.730748 ], [ -47.980485, -3.730552 ], [ -47.980414, -3.730425 ], [ -47.980334, -3.730287 ], [ -47.98025, -3.730146 ], [ -47.980164, -3.730005 ], [ -47.980135, -3.729956 ] ] } },
{ "type": "Feature", "properties": { }, "geometry": { "type": "LineString", "coordinates": [ [ -47.987598, -3.700206 ], [ -47.987846, -3.699994 ], [ -47.98799, -3.699856 ], [ -47.988129, -3.699704 ], [ -47.988255, -3.699542 ], [ -47.988362, -3.699371 ], [ -47.988453, -3.699194 ], [ -47.988528, -3.69901 ], [ -47.988591, -3.698823 ], [ -47.988646, -3.698632 ], [ -47.988696, -3.698441 ], [ -47.988744, -3.698248 ], [ -47.988789, -3.698054 ], [ -47.988833, -3.697856 ], [ -47.988876, -3.697649 ], [ -47.988917, -3.697429 ], [ -47.988954, -3.697192 ], [ -47.988987, -3.69694 ], [ -47.989013, -3.696676 ], [ -47.989031, -3.696412 ], [ -47.98904, -3.696167 ], [ -47.989036, -3.695804 ] ] } },
{ "type": "Feature", "properties": { }, "geometry": { "type": "LineString", "coordinates": [ [ -47.987598, -3.700206 ], [ -47.987298, -3.700137 ], [ -47.987106, -3.700094 ], [ -47.986899, -3.700049 ], [ -47.986684, -3.700003 ], [ -47.986466, -3.699956 ], [ -47.986246, -3.69991 ], [ -47.986032, -3.699864 ], [ -47.985834, -3.699822 ], [ -47.985532, -3.699756 ] ] } },
{ "type": "Feature", "properties": { }, "geometry": { "type": "LineString", "coordinates": [ [ -47.921415, -3.738386 ], [ -47.921371, -3.738603 ] ] } },
{ "type": "Feature", "properties": { }, "geometry": { "type": "LineString", "coordinates": [ [ -47.990383, -3.691492 ], [ -47.990514, -3.691258 ], [ -47.99059, -3.691106 ], [ -47.990663, -3.69094 ], [ -47.99073, -3.690763 ], [ -47.99079, -3.690579 ], [ -47.990845, -3.690389 ], [ -47.990895, -3.690198 ], [ -47.990943, -3.690008 ], [ -47.990989, -3.689823 ], [ -47.991034, -3.689645 ], [ -47.991079, -3.689474 ], [ -47.991124, -3.689311 ], [ -47.991169, -3.689153 ], [ -47.991214, -3.688999 ], [ -47.991259, -3.688847 ], [ -47.991304, -3.688695 ], [ -47.991349, -3.688544 ], [ -47.991394, -3.688394 ], [ -47.991439, -3.688245 ], [ -47.991484, -3.688099 ], [ -47.991529, -3.687957 ], [ -47.991574, -3.687818 ], [ -47.991619, -3.687681 ], [ -47.991663, -3.687544 ], [ -47.991707, -3.687403 ], [ -47.991748, -3.687257 ], [ -47.991786, -3.687102 ], [ -47.991815, -3.686939 ], [ -47.991834, -3.686768 ], [ -47.991836, -3.686592 ], [ -47.991817, -3.686418 ], [ -47.991773, -3.686252 ], [ -47.991701, -3.686101 ], [ -47.991601, -3.685968 ], [ -47.991474, -3.685856 ], [ -47.991326, -3.68576 ], [ -47.991162, -3.685679 ], [ -47.990989, -3.685607 ], [ -47.990815, -3.685545 ], [ -47.990648, -3.685501 ], [ -47.990383, -3.685473 ] ] } },
{ "type": "Feature", "properties": { }, "geometry": { "type": "LineString", "coordinates": [ [ -47.990383, -3.691492 ], [ -47.990142, -3.691404 ], [ -47.989996, -3.691344 ], [ -47.98985, -3.691272 ], [ -47.989708, -3.691191 ], [ -47.989573, -3.691098 ], [ -47.989442, -3.690997 ], [ -47.989309, -3.69089 ], [ -47.989169, -3.690779 ], [ -47.989015, -3.690671 ], [ -47.988843, -3.690567 ], [ -47.988651, -3.690472 ], [ -47.98844, -3.690387 ], [ -47.988213, -3.690313 ], [ -47.98798, -3.690251 ], [ -47.987759, -3.690203 ], [ -47.987419, -3.690144 ] ] } },
{ "type": "Feature", "properties": { }, "geometry": { "type": "LineString", "coordinates": [ [ -47.986969, -3.674065 ], [ -47.987023, -3.673819 ], [ -47.987057, -3.673678 ], [ -47.987091, -3.673545 ], [ -47.987149, -3.673346 ] ] } },
{ "type": "Feature", "properties": { }, "geometry": { "type": "LineString", "coordinates": [ [ -47.854558, -3.699667 ], [ -47.854995, -3.699264 ], [ -47.855239, -3.699041 ], [ -47.855636, -3.698678 ] ] } },
{ "type": "Feature", "properties": { }, "geometry": { "type": "LineString", "coordinates": [ [ -47.913128, -3.709368 ], [ -47.913218, -3.709368 ] ] } },
{ "type": "Feature", "properties": { }, "geometry": { "type": "LineString", "coordinates": [ [ -47.913128, -3.709368 ], [ -47.913128, -3.709279 ] ] } },
{ "type": "Feature", "properties": { }, "geometry": { "type": "LineString", "coordinates": [ [ -47.913128, -3.709368 ], [ -47.912351, -3.709408 ], [ -47.911903, -3.709429 ], [ -47.911152, -3.709458 ] ] } },
{ "type": "Feature", "properties": { }, "geometry": { "type": "LineString", "coordinates": [ [ -47.950049, -3.720777 ], [ -47.950049, -3.720687 ] ] } },
{ "type": "Feature", "properties": { }, "geometry": { "type": "LineString", "coordinates": [ [ -47.910792, -3.69239 ], [ -47.910968, -3.69232 ], [ -47.91107, -3.692279 ], [ -47.911241, -3.692211 ] ] } },
{ "type": "Feature", "properties": { }, "geometry": { "type": "LineString", "coordinates": [ [ -47.910792, -3.69239 ], [ -47.909977, -3.69233 ], [ -47.909899, -3.692325 ] ] } },
{ "type": "Feature", "properties": { }, "geometry": { "type": "LineString", "coordinates": [ [ -47.985532, -3.699667 ], [ -47.985584, -3.699378 ], [ -47.985618, -3.699192 ], [ -47.985655, -3.698989 ], [ -47.985695, -3.698773 ], [ -47.985737, -3.698547 ], [ -47.985781, -3.698311 ], [ -47.985825, -3.698069 ], [ -47.985869, -3.697825 ], [ -47.985914, -3.697585 ], [ -47.985959, -3.697352 ], [ -47.986003, -3.697128 ], [ -47.986047, -3.696915 ], [ -47.98609, -3.696711 ], [ -47.986132, -3.696512 ], [ -47.98617, -3.696321 ], [ -47.986204, -3.696148 ], [ -47.986251, -3.695894 ] ] } },
{ "type": "Feature", "properties": { }, "geometry": { "type": "LineString", "coordinates": [ [ -47.960918, -3.727335 ], [ -47.961008, -3.727335 ] ] } },
{ "type": "Feature", "properties": { }, "geometry": { "type": "LineString", "coordinates": [ [ -47.960918, -3.727335 ], [ -47.960791, -3.727276 ], [ -47.960709, -3.727237 ], [ -47.960619, -3.727192 ], [ -47.960529, -3.727227 ], [ -47.960427, -3.727091 ], [ -47.960328, -3.727038 ], [ -47.960229, -3.726985 ], [ -47.960133, -3.726935 ], [ -47.959987, -3.726905 ], [ -47.95996, -3.72685 ], [ -47.95984, -3.726796 ] ] } },
{ "type": "Feature", "properties": { }, "geometry": { "type": "LineString", "coordinates": [ [ -47.999604, -3.72189 ], [ -47.999586, -3.7216 ], [ -47.99954, -3.721488 ], [ -47.999475, -3.721357 ], [ -47.99939, -3.721212 ], [ -47.999287, -3.721054 ], [ -47.99917, -3.720889 ], [ -47.999047, -3.720723 ], [ -47.998927, -3.720567 ], [ -47.998737, -3.720328 ] ] } },
{ "type": "Feature", "properties": { }, "geometry": { "type": "LineString", "coordinates": [ [ -47.999604, -3.72189 ], [ -47.999636, -3.721765 ] ] } },
{ "type": "Feature", "properties": { }, "geometry": { "type": "LineString", "coordinates": [ [ -47.999604, -3.72189 ], [ -47.999546, -3.721855 ], [ -47.999636, -3.721765 ] ] } },
{ "type": "Feature", "properties": { }, "geometry": { "type": "LineString", "coordinates": [ [ -47.999604, -3.72189 ], [ -47.999725, -3.721855 ] ] } },
{ "type": "Feature", "properties": { }, "geometry": { "type": "LineString", "coordinates": [ [ -47.834346, -3.692031 ], [ -47.83449, -3.691877 ], [ -47.834578, -3.691786 ], [ -47.834668, -3.691696 ], [ -47.834753, -3.691614 ], [ -47.834885, -3.691492 ] ] } },
{ "type": "Feature", "properties": { }, "geometry": { "type": "LineString", "coordinates": [ [ -47.904684, -3.701733 ], [ -47.904596, -3.701452 ], [ -47.904543, -3.701269 ], [ -47.90449, -3.701069 ], [ -47.90444, -3.700861 ], [ -47.904396, -3.700651 ], [ -47.904356, -3.700446 ], [ -47.904321, -3.70025 ], [ -47.904288, -3.700066 ], [ -47.904256, -3.699894 ], [ -47.904221, -3.699734 ], [ -47.904183, -3.699585 ], [ -47.904139, -3.699445 ], [ -47.904088, -3.699309 ], [ -47.904032, -3.699174 ], [ -47.903971, -3.699036 ], [ -47.903907, -3.698893 ], [ -47.903843, -3.698749 ], [ -47.903784, -3.698613 ], [ -47.903696, -3.698409 ] ] } },
{ "type": "Feature", "properties": { }, "geometry": { "type": "LineString", "coordinates": [ [ -47.977896, -3.695355 ], [ -47.977986, -3.695355 ] ] } },
{ "type": "Feature", "properties": { }, "geometry": { "type": "LineString", "coordinates": [ [ -47.977896, -3.695355 ], [ -47.977759, -3.695219 ], [ -47.977678, -3.695134 ], [ -47.977597, -3.695043 ], [ -47.977521, -3.694951 ], [ -47.977454, -3.694864 ], [ -47.977357, -3.694726 ] ] } },
{ "type": "Feature", "properties": { }, "geometry": { "type": "LineString", "coordinates": [ [ -47.982388, -3.70838 ], [ -47.982478, -3.70838 ] ] } },
{ "type": "Feature", "properties": { }, "geometry": { "type": "LineString", "coordinates": [ [ -47.982388, -3.70838 ], [ -47.982298, -3.70829 ], [ -47.982298, -3.707931 ] ] } },
{ "type": "Feature", "properties": { }, "geometry": { "type": "LineString", "coordinates": [ [ -47.864978, -3.695534 ], [ -47.865877, -3.694636 ] ] } },
{ "type": "Feature", "properties": { }, "geometry": { "type": "LineString", "coordinates": [ [ -47.866326, -3.702901 ], [ -47.866416, -3.702901 ] ] } },
{ "type": "Feature", "properties": { }, "geometry": { "type": "LineString", "coordinates": [ [ -47.866326, -3.702901 ], [ -47.866326, -3.702811 ] ] } },
{ "type": "Feature", "properties": { }, "geometry": { "type": "LineString", "coordinates": [ [ -47.936484, -3.700295 ], [ -47.936484, -3.700206 ] ] } },
{ "type": "Feature", "properties": { }, "geometry": { "type": "LineString", "coordinates": [ [ -47.857231, -3.68279 ], [ -47.857253, -3.682599 ] ] } },
{ "type": "Feature", "properties": { }, "geometry": { "type": "LineString", "coordinates": [ [ -47.915284, -3.689605 ], [ -47.915374, -3.689605 ] ] } },
{ "type": "Feature", "properties": { }, "geometry": { "type": "LineString", "coordinates": [ [ -47.915284, -3.689605 ], [ -47.915284, -3.689516 ] ] } },
{ "type": "Feature", "properties": { }, "geometry": { "type": "LineString", "coordinates": [ [ -47.915284, -3.689605 ], [ -47.915012, -3.689576 ], [ -47.914848, -3.689552 ], [ -47.914682, -3.689522 ], [ -47.914529, -3.689487 ], [ -47.914296, -3.689426 ] ] } },
{ "type": "Feature", "properties": { }, "geometry": { "type": "LineString", "coordinates": [ [ -47.898396, -3.702631 ], [ -47.898485, -3.702631 ] ] } },
{ "type": "Feature", "properties": { }, "geometry": { "type": "LineString", "coordinates": [ [ -47.884382, -3.723652 ], [ -47.884472, -3.723652 ] ] } },
{ "type": "Feature", "properties": { }, "geometry": { "type": "LineString", "coordinates": [ [ -47.884382, -3.723652 ], [ -47.882226, -3.723652 ], [ -47.882046, -3.723472 ] ] } },
{ "type": "Feature", "properties": { }, "geometry": { "type": "LineString", "coordinates": [ [ -47.860846, -3.686282 ], [ -47.860936, -3.686282 ] ] } },
{ "type": "Feature", "properties": { }, "geometry": { "type": "LineString", "coordinates": [ [ -47.860846, -3.686282 ], [ -47.860756, -3.686192 ] ] } },
{ "type": "Feature", "properties": { }, "geometry": { "type": "LineString", "coordinates": [ [ -47.923548, -3.692839 ], [ -47.923638, -3.692839 ] ] } },
{ "type": "Feature", "properties": { }, "geometry": { "type": "LineString", "coordinates": [ [ -47.923548, -3.692839 ], [ -47.923548, -3.69275 ] ] } },
{ "type": "Feature", "properties": { }, "geometry": { "type": "LineString", "coordinates": [ [ -47.876566, -3.715118 ], [ -47.876515, -3.714577 ], [ -47.876482, -3.714268 ], [ -47.876447, -3.713973 ], [ -47.876411, -3.713705 ], [ -47.876378, -3.713465 ], [ -47.876348, -3.713244 ], [ -47.876323, -3.713038 ], [ -47.876306, -3.712842 ], [ -47.876296, -3.712655 ], [ -47.876292, -3.712488 ], [ -47.876297, -3.712243 ] ] } },
{ "type": "Feature", "properties": { }, "geometry": { "type": "LineString", "coordinates": [ [ -47.864978, -3.695624 ], [ -47.864978, -3.695534 ] ] } },
{ "type": "Feature", "properties": { }, "geometry": { "type": "LineString", "coordinates": [ [ -47.983556, -3.695355 ], [ -47.983646, -3.695355 ] ] } },
{ "type": "Feature", "properties": { }, "geometry": { "type": "LineString", "coordinates": [ [ -47.983556, -3.695355 ], [ -47.983217, -3.695286 ], [ -47.983, -3.695244 ], [ -47.982767, -3.695199 ], [ -47.982524, -3.695153 ], [ -47.982278, -3.695107 ], [ -47.982032, -3.695061 ], [ -47.981789, -3.695015 ], [ -47.981555, -3.694968 ], [ -47.981336, -3.694923 ], [ -47.981141, -3.69488 ], [ -47.980861, -3.694816 ] ] } },
{ "type": "Feature", "properties": { }, "geometry": { "type": "LineString", "coordinates": [ [ -47.983646, -3.710716 ], [ -47.983899, -3.71052 ], [ -47.984053, -3.710406 ], [ -47.984212, -3.710295 ], [ -47.98437, -3.710194 ], [ -47.984526, -3.710103 ], [ -47.984679, -3.710024 ], [ -47.984827, -3.709954 ], [ -47.984964, -3.709897 ], [ -47.985173, -3.709818 ] ] } },
{ "type": "Feature", "properties": { }, "geometry": { "type": "LineString", "coordinates": [ [ -47.906301, -3.680712 ], [ -47.906301, -3.680622 ] ] } },
{ "type": "Feature", "properties": { }, "geometry": { "type": "LineString", "coordinates": [ [ -47.927052, -3.678466 ], [ -47.927698, -3.677888 ], [ -47.928072, -3.677557 ], [ -47.92843, -3.677244 ], [ -47.928748, -3.676971 ], [ -47.929018, -3.676747 ], [ -47.929241, -3.67657 ], [ -47.929425, -3.676434 ], [ -47.929579, -3.676328 ], [ -47.929713, -3.676244 ], [ -47.929835, -3.676174 ], [ -47.929952, -3.676112 ], [ -47.930067, -3.676052 ], [ -47.930181, -3.675993 ], [ -47.930296, -3.675932 ], [ -47.93041, -3.675869 ], [ -47.930518, -3.675807 ], [ -47.930612, -3.675752 ], [ -47.930735, -3.675682 ] ] } },
{ "type": "Feature", "properties": { }, "geometry": { "type": "LineString", "coordinates": [ [ -47.930735, -3.675682 ], [ -47.931102, -3.675629 ], [ -47.931336, -3.675595 ], [ -47.931586, -3.675556 ], [ -47.931846, -3.675515 ], [ -47.932109, -3.675473 ], [ -47.932369, -3.675429 ], [ -47.93261, -3.675388 ], [ -47.932981, -3.675322 ] ] } },
{ "type": "Feature", "properties": { }, "geometry": { "type": "LineString", "coordinates": [ [ -47.930735, -3.675682 ], [ -47.930664, -3.674906 ], [ -47.930624, -3.674458 ], [ -47.930555, -3.673705 ] ] } },
{ "type": "Feature", "properties": { }, "geometry": { "type": "LineString", "coordinates": [ [ -47.881507, -3.717902 ], [ -47.881597, -3.717902 ] ] } },
{ "type": "Feature", "properties": { }, "geometry": { "type": "LineString", "coordinates": [ [ -47.956337, -3.71925 ], [ -47.956407, -3.71784 ], [ -47.956448, -3.717026 ], [ -47.956517, -3.715657 ] ] } },
{ "type": "Feature", "properties": { }, "geometry": { "type": "LineString", "coordinates": [ [ -47.956337, -3.71925 ], [ -47.956055, -3.719056 ], [ -47.955889, -3.71892 ], [ -47.955727, -3.718757 ], [ -47.95558, -3.718567 ], [ -47.955453, -3.718351 ], [ -47.955348, -3.718111 ], [ -47.955268, -3.717866 ], [ -47.955169, -3.717453 ] ] } },
{ "type": "Feature", "properties": { }, "geometry": { "type": "LineString", "coordinates": [ [ -47.961996, -3.717813 ], [ -47.962186, -3.717761 ], [ -47.962306, -3.717727 ], [ -47.962437, -3.717689 ], [ -47.962574, -3.717649 ], [ -47.962718, -3.717608 ], [ -47.96287, -3.717566 ], [ -47.963029, -3.717524 ], [ -47.963196, -3.717484 ], [ -47.963367, -3.717446 ], [ -47.963532, -3.717412 ], [ -47.963793, -3.717363 ] ] } },
{ "type": "Feature", "properties": { }, "geometry": { "type": "LineString", "coordinates": [ [ -47.961996, -3.717813 ], [ -47.961926, -3.717636 ], [ -47.961885, -3.717535 ], [ -47.961817, -3.717363 ] ] } },
{ "type": "Feature", "properties": { }, "geometry": { "type": "LineString", "coordinates": [ [ -47.98122, -3.705595 ], [ -47.98131, -3.705595 ] ] } },
{ "type": "Feature", "properties": { }, "geometry": { "type": "LineString", "coordinates": [ [ -47.8692, -3.706045 ], [ -47.8692, -3.705955 ] ] } },
{ "type": "Feature", "properties": { }, "geometry": { "type": "LineString", "coordinates": [ [ -47.921482, -3.680712 ], [ -47.921572, -3.680712 ] ] } },
{ "type": "Feature", "properties": { }, "geometry": { "type": "LineString", "coordinates": [ [ -47.921482, -3.680712 ], [ -47.921482, -3.680622 ] ] } },
{ "type": "Feature", "properties": { }, "geometry": { "type": "LineString", "coordinates": [ [ -47.881597, -3.71916 ], [ -47.881597, -3.71907 ] ] } },
{ "type": "Feature", "properties": { }, "geometry": { "type": "LineString", "coordinates": [ [ -47.84261, -3.687988 ], [ -47.842456, -3.687831 ], [ -47.842346, -3.687725 ], [ -47.842215, -3.687604 ], [ -47.842066, -3.687472 ], [ -47.8419, -3.687331 ], [ -47.841722, -3.687184 ], [ -47.841537, -3.687036 ], [ -47.841347, -3.686886 ], [ -47.841155, -3.686736 ], [ -47.84096, -3.686586 ], [ -47.840765, -3.686435 ], [ -47.840568, -3.686283 ], [ -47.840372, -3.686132 ], [ -47.840177, -3.685982 ], [ -47.839985, -3.685836 ], [ -47.839797, -3.685693 ], [ -47.839613, -3.685556 ], [ -47.839434, -3.685425 ], [ -47.839259, -3.685302 ], [ -47.83909, -3.685187 ], [ -47.838929, -3.685083 ], [ -47.838779, -3.684993 ], [ -47.838649, -3.684923 ], [ -47.838478, -3.684844 ] ] } },
{ "type": "Feature", "properties": { }, "geometry": { "type": "LineString", "coordinates": [ [ -47.881507, -3.71907 ], [ -47.881597, -3.71907 ] ] } },
{ "type": "Feature", "properties": { }, "geometry": { "type": "LineString", "coordinates": [ [ -47.947518, -3.712884 ], [ -47.947839, -3.712708 ], [ -47.94797, -3.712611 ], [ -47.948103, -3.712515 ], [ -47.948233, -3.712426 ], [ -47.948357, -3.712345 ], [ -47.948476, -3.712272 ], [ -47.948589, -3.712207 ], [ -47.9487, -3.712148 ], [ -47.948811, -3.712095 ], [ -47.948924, -3.712046 ], [ -47.949041, -3.712 ], [ -47.949165, -3.711957 ], [ -47.949297, -3.711919 ], [ -47.949437, -3.711886 ], [ -47.949586, -3.711861 ], [ -47.949743, -3.711846 ], [ -47.949906, -3.711841 ], [ -47.950073, -3.711848 ], [ -47.950242, -3.711864 ], [ -47.950406, -3.711887 ], [ -47.950554, -3.711916 ], [ -47.950767, -3.711974 ] ] } },
{ "type": "Feature", "properties": { }, "geometry": { "type": "LineString", "coordinates": [ [ -47.947518, -3.712884 ], [ -47.947623, -3.712872 ] ] } },
{ "type": "Feature", "properties": { }, "geometry": { "type": "LineString", "coordinates": [ [ -47.947518, -3.712884 ], [ -47.947283, -3.712813 ], [ -47.947123, -3.712774 ], [ -47.946951, -3.712729 ], [ -47.946769, -3.712679 ], [ -47.946579, -3.712626 ], [ -47.946377, -3.712572 ], [ -47.946164, -3.712516 ], [ -47.945938, -3.712461 ], [ -47.945705, -3.712407 ], [ -47.945473, -3.712356 ], [ -47.945256, -3.712311 ], [ -47.945013, -3.712234 ] ] } },
{ "type": "Feature", "properties": { }, "geometry": { "type": "LineString", "coordinates": [ [ -47.833717, -3.685743 ], [ -47.833978, -3.685683 ], [ -47.834145, -3.685648 ], [ -47.83432, -3.685615 ], [ -47.834615, -3.685563 ] ] } },
{ "type": "Feature", "properties": { }, "geometry": { "type": "LineString", "coordinates": [ [ -47.833717, -3.685743 ], [ -47.833627, -3.685653 ] ] } },
{ "type": "Feature", "properties": { }, "geometry": { "type": "LineString", "coordinates": [ [ -47.872973, -3.706494 ], [ -47.87313, -3.706389 ], [ -47.873232, -3.706322 ], [ -47.873343, -3.706251 ], [ -47.873461, -3.706178 ], [ -47.873582, -3.706107 ], [ -47.873705, -3.706041 ], [ -47.873828, -3.705984 ], [ -47.873949, -3.705937 ], [ -47.874063, -3.705903 ], [ -47.874167, -3.705881 ], [ -47.874321, -3.705865 ] ] } },
{ "type": "Feature", "properties": { }, "geometry": { "type": "LineString", "coordinates": [ [ -47.872973, -3.706494 ], [ -47.872451, -3.706469 ], [ -47.872116, -3.706453 ], [ -47.871757, -3.706434 ], [ -47.871392, -3.706412 ], [ -47.871036, -3.706386 ], [ -47.870701, -3.706355 ], [ -47.870394, -3.70632 ], [ -47.870116, -3.70628 ], [ -47.869871, -3.706239 ], [ -47.869664, -3.706199 ], [ -47.86938, -3.706134 ] ] } },
{ "type": "Feature", "properties": { }, "geometry": { "type": "LineString", "coordinates": [ [ -47.988407, -3.685024 ], [ -47.988407, -3.684665 ], [ -47.988586, -3.684485 ] ] } },
{ "type": "Feature", "properties": { }, "geometry": { "type": "LineString", "coordinates": [ [ -47.988407, -3.685024 ], [ -47.988094, -3.685019 ], [ -47.987896, -3.685009 ], [ -47.987684, -3.684993 ], [ -47.987468, -3.684969 ], [ -47.98725, -3.684938 ], [ -47.987036, -3.684902 ], [ -47.986827, -3.684862 ], [ -47.986624, -3.684819 ], [ -47.98643, -3.684774 ], [ -47.986245, -3.684728 ], [ -47.986074, -3.684683 ], [ -47.985924, -3.68464 ], [ -47.985712, -3.684575 ] ] } },
{ "type": "Feature", "properties": { }, "geometry": { "type": "LineString", "coordinates": [ [ -47.980771, -3.694816 ], [ -47.980861, -3.694816 ] ] } },
{ "type": "Feature", "properties": { }, "geometry": { "type": "LineString", "coordinates": [ [ -47.896779, -3.675053 ], [ -47.896868, -3.675053 ] ] } },
{ "type": "Feature", "properties": { }, "geometry": { "type": "LineString", "coordinates": [ [ -47.896779, -3.675053 ], [ -47.895885, -3.675055 ], [ -47.895317, -3.675051 ], [ -47.894712, -3.675041 ], [ -47.894104, -3.675025 ], [ -47.893532, -3.675004 ], [ -47.892646, -3.674963 ] ] } },
{ "type": "Feature", "properties": { }, "geometry": { "type": "LineString", "coordinates": [ [ -47.91214, -3.70865 ], [ -47.91214, -3.70856 ] ] } },
{ "type": "Feature", "properties": { }, "geometry": { "type": "LineString", "coordinates": [ [ -47.937293, -3.6764 ], [ -47.937472, -3.676221 ], [ -47.937472, -3.674963 ] ] } },
{ "type": "Feature", "properties": { }, "geometry": { "type": "LineString", "coordinates": [ [ -47.937293, -3.6764 ], [ -47.93705, -3.676342 ], [ -47.936905, -3.676302 ], [ -47.936759, -3.676257 ], [ -47.936619, -3.676208 ], [ -47.936487, -3.676156 ], [ -47.936361, -3.676101 ], [ -47.93624, -3.676047 ], [ -47.93612, -3.675993 ], [ -47.936, -3.675941 ], [ -47.935875, -3.675891 ], [ -47.935742, -3.675843 ], [ -47.935598, -3.675795 ], [ -47.93544, -3.675749 ], [ -47.935264, -3.675704 ], [ -47.935065, -3.675659 ], [ -47.93484, -3.675615 ], [ -47.934584, -3.675571 ], [ -47.934296, -3.67553 ], [ -47.933985, -3.675491 ], [ -47.933672, -3.675457 ], [ -47.93316, -3.675412 ] ] } },
{ "type": "Feature", "properties": { }, "geometry": { "type": "LineString", "coordinates": [ [ -47.978615, -3.68727 ], [ -47.978308, -3.68709 ], [ -47.978124, -3.686989 ], [ -47.977807, -3.686821 ] ] } },
{ "type": "Feature", "properties": { }, "geometry": { "type": "LineString", "coordinates": [ [ -47.845575, -3.688797 ], [ -47.845485, -3.688707 ] ] } },
{ "type": "Feature", "properties": { }, "geometry": { "type": "LineString", "coordinates": [ [ -47.939449, -3.678646 ], [ -47.939538, -3.678646 ] ] } },
{ "type": "Feature", "properties": { }, "geometry": { "type": "LineString", "coordinates": [ [ -47.939449, -3.678646 ], [ -47.939192, -3.678424 ], [ -47.939017, -3.678265 ], [ -47.938816, -3.678075 ], [ -47.938598, -3.67786 ], [ -47.938371, -3.67763 ], [ -47.938148, -3.677397 ], [ -47.93794, -3.677175 ], [ -47.937758, -3.676975 ], [ -47.937606, -3.676801 ], [ -47.937485, -3.676656 ], [ -47.937395, -3.676542 ], [ -47.937293, -3.6764 ] ] } },
{ "type": "Feature", "properties": { }, "geometry": { "type": "LineString", "coordinates": [ [ -47.976639, -3.712333 ], [ -47.976948, -3.71207 ], [ -47.977153, -3.711894 ], [ -47.977378, -3.7117 ], [ -47.977606, -3.7115 ], [ -47.977986, -3.711165 ] ] } },
{ "type": "Feature", "properties": { }, "geometry": { "type": "LineString", "coordinates": [ [ -47.947354, -3.728862 ], [ -47.947429, -3.728792 ] ] } },
{ "type": "Feature", "properties": { }, "geometry": { "type": "LineString", "coordinates": [ [ -47.912589, -3.69248 ], [ -47.912679, -3.69248 ] ] } },
{ "type": "Feature", "properties": { }, "geometry": { "type": "LineString", "coordinates": [ [ -47.912589, -3.69248 ], [ -47.912238, -3.69241 ], [ -47.91202, -3.692366 ], [ -47.911794, -3.692321 ], [ -47.911579, -3.692278 ], [ -47.911241, -3.692211 ] ] } },
{ "type": "Feature", "properties": { }, "geometry": { "type": "LineString", "coordinates": [ [ -47.941874, -3.689426 ], [ -47.941929, -3.689644 ], [ -47.94195, -3.689775 ], [ -47.941951, -3.689908 ], [ -47.941916, -3.690033 ], [ -47.941826, -3.690147 ], [ -47.941659, -3.690247 ], [ -47.941393, -3.690331 ], [ -47.941016, -3.690399 ], [ -47.940526, -3.690451 ], [ -47.93994, -3.690488 ], [ -47.939288, -3.690511 ], [ -47.938608, -3.690521 ], [ -47.937931, -3.690519 ], [ -47.937282, -3.690507 ], [ -47.936671, -3.690486 ], [ -47.936102, -3.690458 ], [ -47.935574, -3.690424 ], [ -47.93509, -3.690386 ], [ -47.934651, -3.690345 ], [ -47.934262, -3.690303 ], [ -47.933926, -3.69026 ], [ -47.93366, -3.690218 ], [ -47.93334, -3.690144 ] ] } },
{ "type": "Feature", "properties": { }, "geometry": { "type": "LineString", "coordinates": [ [ -47.941874, -3.689426 ], [ -47.941929, -3.689644 ], [ -47.94195, -3.689775 ], [ -47.941951, -3.689908 ], [ -47.941916, -3.690033 ], [ -47.941826, -3.690147 ], [ -47.941659, -3.690247 ], [ -47.941393, -3.690331 ], [ -47.941016, -3.690399 ], [ -47.940526, -3.690451 ], [ -47.93994, -3.690488 ], [ -47.939288, -3.690511 ], [ -47.938608, -3.690521 ], [ -47.937931, -3.690519 ], [ -47.937282, -3.690507 ], [ -47.936671, -3.690486 ], [ -47.936102, -3.690458 ], [ -47.935574, -3.690424 ], [ -47.93509, -3.690386 ], [ -47.934651, -3.690345 ], [ -47.934262, -3.690303 ], [ -47.933926, -3.69026 ], [ -47.93366, -3.690218 ], [ -47.93334, -3.690144 ] ] } },
{ "type": "Feature", "properties": { }, "geometry": { "type": "LineString", "coordinates": [ [ -47.941874, -3.689426 ], [ -47.941874, -3.689336 ] ] } },
{ "type": "Feature", "properties": { }, "geometry": { "type": "LineString", "coordinates": [ [ -47.857163, -3.682599 ], [ -47.857253, -3.682599 ] ] } },
{ "type": "Feature", "properties": { }, "geometry": { "type": "LineString", "coordinates": [ [ -47.921572, -3.685204 ], [ -47.921537, -3.683535 ], [ -47.921516, -3.682537 ], [ -47.921482, -3.680802 ] ] } },
{ "type": "Feature", "properties": { }, "geometry": { "type": "LineString", "coordinates": [ [ -47.912319, -3.707572 ], [ -47.912499, -3.707572 ] ] } },
{ "type": "Feature", "properties": { }, "geometry": { "type": "LineString", "coordinates": [ [ -47.912319, -3.707572 ], [ -47.912034, -3.707305 ], [ -47.911866, -3.707149 ], [ -47.911702, -3.706997 ], [ -47.911551, -3.706857 ], [ -47.911417, -3.706733 ], [ -47.9113, -3.706624 ], [ -47.911197, -3.706526 ], [ -47.911105, -3.706433 ], [ -47.91102, -3.706343 ], [ -47.91094, -3.706252 ], [ -47.910861, -3.706158 ], [ -47.910781, -3.706064 ], [ -47.910702, -3.705973 ], [ -47.910629, -3.705891 ], [ -47.910523, -3.705775 ] ] } },
{ "type": "Feature", "properties": { }, "geometry": { "type": "LineString", "coordinates": [ [ -47.999366, -3.723741 ], [ -47.999326, -3.723498 ], [ -47.999292, -3.72335 ], [ -47.999247, -3.723201 ], [ -47.999194, -3.72306 ], [ -47.999097, -3.722843 ] ] } },
{ "type": "Feature", "properties": { }, "geometry": { "type": "LineString", "coordinates": [ [ -47.903696, -3.706853 ], [ -47.903815, -3.706641 ], [ -47.903897, -3.706509 ], [ -47.90399, -3.70637 ], [ -47.904094, -3.70623 ], [ -47.904204, -3.706094 ], [ -47.904317, -3.705966 ], [ -47.904425, -3.705852 ], [ -47.904594, -3.705685 ] ] } },
{ "type": "Feature", "properties": { }, "geometry": { "type": "LineString", "coordinates": [ [ -47.995593, -3.724101 ], [ -47.995737, -3.723921 ], [ -47.995819, -3.72382 ], [ -47.995953, -3.723652 ] ] } },
{ "type": "Feature", "properties": { }, "geometry": { "type": "LineString", "coordinates": [ [ -47.916003, -3.686102 ], [ -47.916182, -3.685922 ], [ -47.916182, -3.685743 ] ] } },
{ "type": "Feature", "properties": { }, "geometry": { "type": "LineString", "coordinates": [ [ -47.916003, -3.686102 ], [ -47.915823, -3.685922 ], [ -47.915823, -3.685653 ] ] } },
{ "type": "Feature", "properties": { }, "geometry": { "type": "LineString", "coordinates": [ [ -47.882376, -3.731694 ], [ -47.882482, -3.731651 ], [ -47.882642, -3.731658 ] ] } },
{ "type": "Feature", "properties": { }, "geometry": { "type": "LineString", "coordinates": [ [ -47.834615, -3.685563 ], [ -47.834705, -3.685563 ] ] } },
{ "type": "Feature", "properties": { }, "geometry": { "type": "LineString", "coordinates": [ [ -47.894353, -3.688797 ], [ -47.894353, -3.688707 ] ] } },
{ "type": "Feature", "properties": { }, "geometry": { "type": "LineString", "coordinates": [ [ -47.926064, -3.677568 ], [ -47.926333, -3.677568 ] ] } },
{ "type": "Feature", "properties": { }, "geometry": { "type": "LineString", "coordinates": [ [ -47.926064, -3.677568 ], [ -47.926066, -3.67725 ], [ -47.926073, -3.677059 ], [ -47.926084, -3.676869 ], [ -47.9261, -3.676691 ], [ -47.926119, -3.676535 ], [ -47.926153, -3.67631 ] ] } },
{ "type": "Feature", "properties": { }, "geometry": { "type": "LineString", "coordinates": [ [ -47.991551, -3.72446 ], [ -47.991641, -3.72446 ] ] } },
{ "type": "Feature", "properties": { }, "geometry": { "type": "LineString", "coordinates": [ [ -47.991551, -3.72446 ], [ -47.991551, -3.72437 ] ] } },
{ "type": "Feature", "properties": { }, "geometry": { "type": "LineString", "coordinates": [ [ -47.984364, -3.70856 ], [ -47.984252, -3.708308 ], [ -47.984184, -3.708154 ], [ -47.984114, -3.707998 ], [ -47.984044, -3.707847 ], [ -47.983978, -3.707705 ], [ -47.983917, -3.707578 ], [ -47.983825, -3.707392 ] ] } },
{ "type": "Feature", "properties": { }, "geometry": { "type": "LineString", "coordinates": [ [ -47.996132, -3.719609 ], [ -47.996369, -3.719534 ], [ -47.996523, -3.719489 ], [ -47.996688, -3.719444 ], [ -47.996852, -3.719402 ], [ -47.99712, -3.71934 ] ] } },
{ "type": "Feature", "properties": { }, "geometry": { "type": "LineString", "coordinates": [ [ -47.884382, -3.728323 ], [ -47.884561, -3.728143 ] ] } },
{ "type": "Feature", "properties": { }, "geometry": { "type": "LineString", "coordinates": [ [ -47.884382, -3.728323 ], [ -47.884216, -3.728249 ], [ -47.884111, -3.728199 ], [ -47.883996, -3.728141 ], [ -47.883876, -3.728074 ], [ -47.883751, -3.727995 ], [ -47.88362, -3.727904 ], [ -47.883485, -3.727802 ], [ -47.883347, -3.727692 ], [ -47.883209, -3.727577 ], [ -47.883075, -3.727463 ], [ -47.882949, -3.727351 ], [ -47.882835, -3.727243 ], [ -47.882734, -3.727137 ], [ -47.882646, -3.727029 ], [ -47.882571, -3.726917 ], [ -47.882508, -3.726804 ], [ -47.88246, -3.726695 ], [ -47.882406, -3.726526 ] ] } },
{ "type": "Feature", "properties": { }, "geometry": { "type": "LineString", "coordinates": [ [ -47.879526, -3.726152 ], [ -47.879594, -3.726041 ], [ -47.879703, -3.725869 ], [ -47.879809, -3.725705 ], [ -47.87998, -3.725448 ] ] } },
{ "type": "Feature", "properties": { }, "geometry": { "type": "LineString", "coordinates": [ [ -47.889143, -3.709279 ], [ -47.889233, -3.709189 ] ] } },
{ "type": "Feature", "properties": { }, "geometry": { "type": "LineString", "coordinates": [ [ -47.889143, -3.709279 ], [ -47.888515, -3.709186 ], [ -47.888147, -3.709133 ], [ -47.887796, -3.709083 ], [ -47.887256, -3.709009 ] ] } },
{ "type": "Feature", "properties": { }, "geometry": { "type": "LineString", "coordinates": [ [ -47.876297, -3.712243 ], [ -47.87639, -3.71205 ], [ -47.876443, -3.71193 ], [ -47.876492, -3.71181 ], [ -47.876566, -3.711614 ] ] } },
{ "type": "Feature", "properties": { }, "geometry": { "type": "LineString", "coordinates": [ [ -47.876297, -3.712243 ], [ -47.876217, -3.711852 ], [ -47.876176, -3.711628 ], [ -47.876117, -3.711255 ] ] } },
{ "type": "Feature", "properties": { }, "geometry": { "type": "LineString", "coordinates": [ [ -47.926153, -3.67631 ], [ -47.92635, -3.676045 ], [ -47.926464, -3.675887 ], [ -47.926574, -3.675729 ], [ -47.926678, -3.675574 ], [ -47.926777, -3.675425 ], [ -47.926876, -3.675278 ], [ -47.926975, -3.675133 ], [ -47.927073, -3.674997 ], [ -47.927231, -3.674783 ] ] } },
{ "type": "Feature", "properties": { }, "geometry": { "type": "LineString", "coordinates": [ [ -47.926153, -3.67631 ], [ -47.925974, -3.676131 ], [ -47.923459, -3.676131 ] ] } },
{ "type": "Feature", "properties": { }, "geometry": { "type": "LineString", "coordinates": [ [ -47.896779, -3.686012 ], [ -47.898036, -3.686012 ], [ -47.898126, -3.685922 ] ] } },
{ "type": "Feature", "properties": { }, "geometry": { "type": "LineString", "coordinates": [ [ -47.896779, -3.686012 ], [ -47.896689, -3.685922 ] ] } },
{ "type": "Feature", "properties": { }, "geometry": { "type": "LineString", "coordinates": [ [ -47.980591, -3.68718 ], [ -47.980589, -3.68689 ], [ -47.980582, -3.686695 ], [ -47.980571, -3.686478 ], [ -47.980555, -3.686248 ], [ -47.980536, -3.686021 ], [ -47.980502, -3.685653 ] ] } },
{ "type": "Feature", "properties": { }, "geometry": { "type": "LineString", "coordinates": [ [ -47.980591, -3.68718 ], [ -47.980355, -3.687216 ], [ -47.980216, -3.687235 ], [ -47.98008, -3.687251 ], [ -47.979955, -3.687262 ], [ -47.979847, -3.687268 ], [ -47.979693, -3.68727 ] ] } },
{ "type": "Feature", "properties": { }, "geometry": { "type": "LineString", "coordinates": [ [ -47.91214, -3.70856 ], [ -47.912193, -3.708255 ], [ -47.912227, -3.708066 ], [ -47.912262, -3.707878 ], [ -47.912319, -3.707572 ] ] } },
{ "type": "Feature", "properties": { }, "geometry": { "type": "LineString", "coordinates": [ [ -47.833088, -3.685653 ], [ -47.833088, -3.685563 ] ] } },
{ "type": "Feature", "properties": { }, "geometry": { "type": "LineString", "coordinates": [ [ -47.998558, -3.720328 ], [ -47.998648, -3.720328 ] ] } },
{ "type": "Feature", "properties": { }, "geometry": { "type": "LineString", "coordinates": [ [ -47.998558, -3.720328 ], [ -47.99831, -3.720085 ], [ -47.998161, -3.719944 ], [ -47.998008, -3.71981 ], [ -47.99786, -3.71969 ], [ -47.997718, -3.719586 ], [ -47.997587, -3.719499 ], [ -47.99747, -3.719429 ], [ -47.9973, -3.71934 ] ] } },
{ "type": "Feature", "properties": { }, "geometry": { "type": "LineString", "coordinates": [ [ -47.834705, -3.685563 ], [ -47.834805, -3.685382 ], [ -47.834864, -3.685272 ], [ -47.834923, -3.685158 ], [ -47.834978, -3.685045 ], [ -47.835031, -3.684934 ], [ -47.835081, -3.684823 ], [ -47.835129, -3.684712 ], [ -47.835177, -3.684599 ], [ -47.835226, -3.684482 ], [ -47.83528, -3.68436 ], [ -47.835342, -3.684227 ], [ -47.835417, -3.684083 ], [ -47.835509, -3.683922 ], [ -47.835622, -3.683745 ], [ -47.835754, -3.683554 ], [ -47.835895, -3.683362 ], [ -47.836142, -3.683048 ] ] } },
{ "type": "Feature", "properties": { }, "geometry": { "type": "LineString", "coordinates": [ [ -47.900192, -3.688258 ], [ -47.900102, -3.688168 ] ] } },
{ "type": "Feature", "properties": { }, "geometry": { "type": "LineString", "coordinates": [ [ -47.950767, -3.711974 ], [ -47.950857, -3.711974 ] ] } },
{ "type": "Feature", "properties": { }, "geometry": { "type": "LineString", "coordinates": [ [ -47.893634, -3.696972 ], [ -47.893724, -3.696972 ] ] } },
{ "type": "Feature", "properties": { }, "geometry": { "type": "LineString", "coordinates": [ [ -47.893634, -3.696972 ], [ -47.893634, -3.696882 ] ] } },
{ "type": "Feature", "properties": { }, "geometry": { "type": "LineString", "coordinates": [ [ -47.879261, -3.720687 ], [ -47.879655, -3.720404 ], [ -47.879894, -3.720249 ], [ -47.880138, -3.720109 ], [ -47.880384, -3.719993 ], [ -47.880631, -3.719899 ], [ -47.880883, -3.719821 ], [ -47.881139, -3.719753 ], [ -47.881385, -3.719695 ], [ -47.881777, -3.719609 ] ] } },
{ "type": "Feature", "properties": { }, "geometry": { "type": "LineString", "coordinates": [ [ -47.833627, -3.685653 ], [ -47.833627, -3.685563 ] ] } },
{ "type": "Feature", "properties": { }, "geometry": { "type": "LineString", "coordinates": [ [ -47.976639, -3.712512 ], [ -47.976639, -3.712423 ] ] } },
{ "type": "Feature", "properties": { }, "geometry": { "type": "LineString", "coordinates": [ [ -47.99721, -3.719789 ], [ -47.99721, -3.71943 ] ] } },
{ "type": "Feature", "properties": { }, "geometry": { "type": "LineString", "coordinates": [ [ -47.935765, -3.709728 ], [ -47.935772, -3.709344 ], [ -47.935773, -3.709117 ], [ -47.935772, -3.708898 ], [ -47.935765, -3.70856 ] ] } },
{ "type": "Feature", "properties": { }, "geometry": { "type": "LineString", "coordinates": [ [ -47.935765, -3.709728 ], [ -47.935549, -3.709653 ], [ -47.93541, -3.709598 ], [ -47.93526, -3.709531 ], [ -47.935103, -3.709453 ], [ -47.934941, -3.709365 ], [ -47.934776, -3.70927 ], [ -47.934612, -3.709174 ], [ -47.934449, -3.709079 ], [ -47.934292, -3.708992 ], [ -47.934138, -3.708913 ], [ -47.933989, -3.708844 ], [ -47.933842, -3.708782 ], [ -47.933698, -3.708727 ], [ -47.933556, -3.708676 ], [ -47.933415, -3.708626 ], [ -47.933277, -3.708576 ], [ -47.933142, -3.708522 ], [ -47.933007, -3.708462 ], [ -47.932871, -3.708393 ], [ -47.932731, -3.708313 ], [ -47.932586, -3.708221 ], [ -47.932436, -3.708118 ], [ -47.932295, -3.708013 ], [ -47.932082, -3.707841 ] ] } },
{ "type": "Feature", "properties": { }, "geometry": { "type": "LineString", "coordinates": [ [ -47.926153, -3.689875 ], [ -47.926153, -3.68736 ], [ -47.926064, -3.68727 ] ] } },
{ "type": "Feature", "properties": { }, "geometry": { "type": "LineString", "coordinates": [ [ -47.926153, -3.689875 ], [ -47.925422, -3.689882 ], [ -47.924986, -3.689883 ], [ -47.924565, -3.689882 ], [ -47.923908, -3.689875 ] ] } },
{ "type": "Feature", "properties": { }, "geometry": { "type": "LineString", "coordinates": [ [ -47.915733, -3.680802 ], [ -47.915913, -3.680622 ] ] } },
{ "type": "Feature", "properties": { }, "geometry": { "type": "LineString", "coordinates": [ [ -47.843868, -3.691492 ], [ -47.843851, -3.691302 ], [ -47.843836, -3.691183 ], [ -47.843817, -3.691063 ], [ -47.843778, -3.690863 ] ] } },
{ "type": "Feature", "properties": { }, "geometry": { "type": "LineString", "coordinates": [ [ -47.956517, -3.722035 ], [ -47.956517, -3.721945 ] ] } },
{ "type": "Feature", "properties": { }, "geometry": { "type": "LineString", "coordinates": [ [ -47.91717, -3.677748 ], [ -47.917222, -3.677558 ], [ -47.917256, -3.67744 ], [ -47.917293, -3.677316 ], [ -47.917331, -3.677188 ], [ -47.917371, -3.677054 ], [ -47.91741, -3.676915 ], [ -47.917447, -3.67677 ], [ -47.91748, -3.676629 ], [ -47.91753, -3.6764 ] ] } },
{ "type": "Feature", "properties": { }, "geometry": { "type": "LineString", "coordinates": [ [ -47.864978, -3.699846 ], [ -47.864978, -3.697511 ], [ -47.864799, -3.697331 ] ] } },
{ "type": "Feature", "properties": { }, "geometry": { "type": "LineString", "coordinates": [ [ -47.864978, -3.699846 ], [ -47.864621, -3.699825 ], [ -47.864401, -3.699804 ], [ -47.864175, -3.699773 ], [ -47.863962, -3.699737 ], [ -47.863631, -3.699667 ] ] } },
{ "type": "Feature", "properties": { }, "geometry": { "type": "LineString", "coordinates": [ [ -47.988766, -3.719609 ], [ -47.988856, -3.719609 ] ] } },
{ "type": "Feature", "properties": { }, "geometry": { "type": "LineString", "coordinates": [ [ -47.988766, -3.719609 ], [ -47.988664, -3.71946 ], [ -47.988603, -3.71937 ], [ -47.988543, -3.71928 ], [ -47.988488, -3.719197 ], [ -47.988407, -3.71907 ] ] } },
{ "type": "Feature", "properties": { }, "geometry": { "type": "LineString", "coordinates": [ [ -47.985352, -3.709728 ], [ -47.985442, -3.709728 ] ] } },
{ "type": "Feature", "properties": { }, "geometry": { "type": "LineString", "coordinates": [ [ -47.985352, -3.709728 ], [ -47.985352, -3.709638 ] ] } },
{ "type": "Feature", "properties": { }, "geometry": { "type": "LineString", "coordinates": [ [ -47.987149, -3.709099 ], [ -47.987149, -3.708829 ] ] } },
{ "type": "Feature", "properties": { }, "geometry": { "type": "LineString", "coordinates": [ [ -47.885909, -3.726616 ], [ -47.885909, -3.726526 ] ] } },
{ "type": "Feature", "properties": { }, "geometry": { "type": "LineString", "coordinates": [ [ -47.885909, -3.726616 ], [ -47.885852, -3.72692 ], [ -47.885811, -3.7271 ], [ -47.88576, -3.727278 ], [ -47.885697, -3.727446 ], [ -47.885618, -3.727599 ], [ -47.885523, -3.727734 ], [ -47.885407, -3.72785 ], [ -47.885274, -3.727947 ], [ -47.885125, -3.728024 ], [ -47.884966, -3.728081 ], [ -47.884811, -3.728117 ], [ -47.884561, -3.728143 ] ] } },
{ "type": "Feature", "properties": { }, "geometry": { "type": "LineString", "coordinates": [ [ -47.985173, -3.699846 ], [ -47.985263, -3.699756 ], [ -47.985442, -3.699756 ] ] } },
{ "type": "Feature", "properties": { }, "geometry": { "type": "LineString", "coordinates": [ [ -47.985173, -3.699846 ], [ -47.984843, -3.699746 ], [ -47.98464, -3.699687 ], [ -47.984431, -3.699627 ], [ -47.984226, -3.69957 ], [ -47.984031, -3.699516 ], [ -47.983853, -3.699465 ], [ -47.983694, -3.699417 ], [ -47.98356, -3.699373 ], [ -47.983376, -3.699307 ] ] } },
{ "type": "Feature", "properties": { }, "geometry": { "type": "LineString", "coordinates": [ [ -47.942772, -3.688258 ], [ -47.942548, -3.688268 ], [ -47.942399, -3.688271 ], [ -47.942234, -3.688271 ], [ -47.942066, -3.688268 ], [ -47.941784, -3.688258 ] ] } },
{ "type": "Feature", "properties": { }, "geometry": { "type": "LineString", "coordinates": [ [ -47.990024, -3.687899 ], [ -47.990024, -3.68718 ], [ -47.989934, -3.68709 ] ] } },
{ "type": "Feature", "properties": { }, "geometry": { "type": "LineString", "coordinates": [ [ -47.977627, -3.701823 ], [ -47.977717, -3.701823 ] ] } },
{ "type": "Feature", "properties": { }, "geometry": { "type": "LineString", "coordinates": [ [ -47.977627, -3.701823 ], [ -47.977627, -3.701733 ] ] } },
{ "type": "Feature", "properties": { }, "geometry": { "type": "LineString", "coordinates": [ [ -47.977627, -3.701823 ], [ -47.977345, -3.701826 ], [ -47.977182, -3.701826 ], [ -47.976908, -3.701823 ] ] } },
{ "type": "Feature", "properties": { }, "geometry": { "type": "LineString", "coordinates": [ [ -47.992898, -3.718262 ], [ -47.993099, -3.718168 ], [ -47.993235, -3.718113 ], [ -47.993388, -3.718058 ], [ -47.993552, -3.718008 ], [ -47.993714, -3.717964 ], [ -47.993976, -3.717902 ] ] } },
{ "type": "Feature", "properties": { }, "geometry": { "type": "LineString", "coordinates": [ [ -47.873243, -3.70838 ], [ -47.873358, -3.708187 ], [ -47.873432, -3.708065 ], [ -47.873515, -3.707933 ], [ -47.873605, -3.707796 ], [ -47.873701, -3.707656 ], [ -47.873799, -3.70752 ], [ -47.873961, -3.707302 ] ] } },
{ "type": "Feature", "properties": { }, "geometry": { "type": "LineString", "coordinates": [ [ -47.922179, -3.733386 ], [ -47.922134, -3.733608 ] ] } },
{ "type": "Feature", "properties": { }, "geometry": { "type": "LineString", "coordinates": [ [ -47.983735, -3.707302 ], [ -47.983735, -3.707123 ] ] } },
{ "type": "Feature", "properties": { }, "geometry": { "type": "LineString", "coordinates": [ [ -47.98149, -3.703619 ], [ -47.981849, -3.70326 ] ] } },
{ "type": "Feature", "properties": { }, "geometry": { "type": "LineString", "coordinates": [ [ -47.881687, -3.721046 ], [ -47.880737, -3.720942 ], [ -47.880187, -3.720881 ], [ -47.879261, -3.720777 ] ] } },
{ "type": "Feature", "properties": { }, "geometry": { "type": "LineString", "coordinates": [ [ -47.998558, -3.720418 ], [ -47.998558, -3.720328 ] ] } },
{ "type": "Feature", "properties": { }, "geometry": { "type": "LineString", "coordinates": [ [ -47.93855, -3.688168 ], [ -47.93864, -3.688168 ] ] } },
{ "type": "Feature", "properties": { }, "geometry": { "type": "LineString", "coordinates": [ [ -47.871716, -3.695445 ], [ -47.871716, -3.695355 ] ] } },
{ "type": "Feature", "properties": { }, "geometry": { "type": "LineString", "coordinates": [ [ -47.881597, -3.717902 ], [ -47.881687, -3.717902 ] ] } },
{ "type": "Feature", "properties": { }, "geometry": { "type": "LineString", "coordinates": [ [ -47.881597, -3.717902 ], [ -47.881597, -3.717813 ] ] } },
{ "type": "Feature", "properties": { }, "geometry": { "type": "LineString", "coordinates": [ [ -47.865877, -3.691043 ], [ -47.865966, -3.690953 ] ] } },
{ "type": "Feature", "properties": { }, "geometry": { "type": "LineString", "coordinates": [ [ -47.952744, -3.712243 ], [ -47.952744, -3.712153 ] ] } },
{ "type": "Feature", "properties": { }, "geometry": { "type": "LineString", "coordinates": [ [ -47.991281, -3.715207 ], [ -47.991281, -3.715118 ] ] } },
{ "type": "Feature", "properties": { }, "geometry": { "type": "LineString", "coordinates": [ [ -47.993976, -3.717902 ], [ -47.994066, -3.717902 ] ] } },
{ "type": "Feature", "properties": { }, "geometry": { "type": "LineString", "coordinates": [ [ -47.902079, -3.70829 ], [ -47.902152, -3.708179 ], [ -47.902205, -3.708109 ], [ -47.902267, -3.708038 ], [ -47.902339, -3.707967 ], [ -47.902418, -3.707899 ], [ -47.902503, -3.707836 ], [ -47.902589, -3.707778 ], [ -47.90267, -3.707729 ], [ -47.902797, -3.707662 ] ] } },
{ "type": "Feature", "properties": { }, "geometry": { "type": "LineString", "coordinates": [ [ -47.923099, -3.676221 ], [ -47.923009, -3.676131 ], [ -47.921572, -3.676131 ] ] } },
{ "type": "Feature", "properties": { }, "geometry": { "type": "LineString", "coordinates": [ [ -47.835963, -3.682599 ], [ -47.836067, -3.682492 ], [ -47.836137, -3.682425 ], [ -47.836217, -3.682355 ], [ -47.836306, -3.682283 ], [ -47.836402, -3.682212 ], [ -47.836505, -3.682141 ], [ -47.836614, -3.682068 ], [ -47.836728, -3.681994 ], [ -47.836848, -3.681917 ], [ -47.836974, -3.681835 ], [ -47.837106, -3.681747 ], [ -47.837244, -3.681653 ], [ -47.837388, -3.681555 ], [ -47.837536, -3.681452 ], [ -47.837684, -3.681348 ], [ -47.837832, -3.681245 ], [ -47.837977, -3.681145 ], [ -47.838118, -3.681049 ], [ -47.838254, -3.680959 ], [ -47.838384, -3.680873 ], [ -47.83851, -3.680792 ], [ -47.838631, -3.680716 ], [ -47.838747, -3.680645 ], [ -47.83886, -3.680577 ], [ -47.838969, -3.680513 ], [ -47.839074, -3.680453 ], [ -47.839176, -3.680396 ], [ -47.839274, -3.680342 ], [ -47.83937, -3.680289 ], [ -47.839462, -3.680237 ], [ -47.839553, -3.680184 ], [ -47.839639, -3.68013 ], [ -47.839721, -3.680074 ], [ -47.839796, -3.680018 ], [ -47.839854, -3.679968 ], [ -47.839915, -3.679904 ] ] } },
{ "type": "Feature", "properties": { }, "geometry": { "type": "LineString", "coordinates": [ [ -47.978615, -3.678646 ], [ -47.978668, -3.678426 ], [ -47.978703, -3.678287 ], [ -47.978742, -3.678141 ], [ -47.978782, -3.677997 ], [ -47.978821, -3.677863 ], [ -47.978885, -3.677658 ] ] } },
{ "type": "Feature", "properties": { }, "geometry": { "type": "LineString", "coordinates": [ [ -47.913847, -3.705236 ], [ -47.913778, -3.70508 ], [ -47.913736, -3.704981 ], [ -47.913691, -3.704872 ], [ -47.913646, -3.704758 ], [ -47.9136, -3.704638 ], [ -47.913555, -3.704511 ], [ -47.91351, -3.704376 ], [ -47.913465, -3.704232 ], [ -47.91342, -3.704075 ], [ -47.913375, -3.7039 ], [ -47.913331, -3.703702 ], [ -47.913289, -3.703476 ], [ -47.913249, -3.703213 ], [ -47.913213, -3.702907 ], [ -47.913184, -3.702558 ], [ -47.913163, -3.702167 ], [ -47.913151, -3.701745 ], [ -47.91315, -3.701304 ], [ -47.913159, -3.700862 ], [ -47.913176, -3.700432 ], [ -47.913199, -3.700023 ], [ -47.913227, -3.699646 ], [ -47.913256, -3.699318 ], [ -47.913308, -3.698858 ] ] } },
{ "type": "Feature", "properties": { }, "geometry": { "type": "LineString", "coordinates": [ [ -47.871087, -3.709099 ], [ -47.871294, -3.708855 ], [ -47.871429, -3.7087 ], [ -47.871577, -3.708535 ], [ -47.871731, -3.708369 ], [ -47.871885, -3.708207 ], [ -47.872031, -3.70806 ], [ -47.872255, -3.707841 ] ] } },
{ "type": "Feature", "properties": { }, "geometry": { "type": "LineString", "coordinates": [ [ -47.871087, -3.709099 ], [ -47.870925, -3.708739 ], [ -47.870825, -3.70853 ], [ -47.870719, -3.708329 ], [ -47.87061, -3.708148 ], [ -47.870498, -3.707989 ], [ -47.870382, -3.70785 ], [ -47.870262, -3.707723 ], [ -47.870137, -3.707597 ], [ -47.870007, -3.707459 ], [ -47.869872, -3.707297 ], [ -47.869735, -3.707103 ], [ -47.8696, -3.706877 ], [ -47.869476, -3.706637 ], [ -47.86929, -3.706224 ] ] } },
{ "type": "Feature", "properties": { }, "geometry": { "type": "LineString", "coordinates": [ [ -47.912409, -3.693199 ], [ -47.912469, -3.693015 ], [ -47.912504, -3.692897 ], [ -47.912537, -3.692775 ], [ -47.912589, -3.69257 ] ] } },
{ "type": "Feature", "properties": { }, "geometry": { "type": "LineString", "coordinates": [ [ -47.866685, -3.70299 ], [ -47.866725, -3.702813 ], [ -47.866745, -3.702711 ], [ -47.866775, -3.702541 ] ] } },
{ "type": "Feature", "properties": { }, "geometry": { "type": "LineString", "coordinates": [ [ -47.866685, -3.70299 ], [ -47.866579, -3.702955 ], [ -47.866518, -3.702935 ], [ -47.866416, -3.702901 ] ] } },
{ "type": "Feature", "properties": { }, "geometry": { "type": "LineString", "coordinates": [ [ -47.859588, -3.691851 ], [ -47.859498, -3.691761 ] ] } },
{ "type": "Feature", "properties": { }, "geometry": { "type": "LineString", "coordinates": [ [ -47.93864, -3.688168 ], [ -47.93864, -3.688078 ] ] } },
{ "type": "Feature", "properties": { }, "geometry": { "type": "LineString", "coordinates": [ [ -47.980014, -3.696965 ], [ -47.979899, -3.696779 ], [ -47.979855, -3.696656 ], [ -47.979805, -3.696522 ], [ -47.979754, -3.696381 ], [ -47.979705, -3.696234 ], [ -47.979666, -3.696078 ], [ -47.979648, -3.695912 ], [ -47.97966, -3.695733 ], [ -47.979709, -3.695541 ], [ -47.979795, -3.695338 ], [ -47.97991, -3.695139 ], [ -47.980142, -3.694816 ] ] } },
{ "type": "Feature", "properties": { }, "geometry": { "type": "LineString", "coordinates": [ [ -47.947429, -3.728792 ], [ -47.947514, -3.728631 ], [ -47.947637, -3.728633 ], [ -47.947623, -3.728413 ] ] } },
{ "type": "Feature", "properties": { }, "geometry": { "type": "LineString", "coordinates": [ [ -47.979873, -3.672088 ], [ -47.979882, -3.671788 ], [ -47.979885, -3.671615 ], [ -47.979885, -3.67145 ], [ -47.979882, -3.671306 ], [ -47.979873, -3.6711 ] ] } },
{ "type": "Feature", "properties": { }, "geometry": { "type": "LineString", "coordinates": [ [ -47.834256, -3.693378 ], [ -47.834346, -3.693378 ] ] } },
{ "type": "Feature", "properties": { }, "geometry": { "type": "LineString", "coordinates": [ [ -47.834256, -3.693378 ], [ -47.833858, -3.69326 ], [ -47.833641, -3.693178 ], [ -47.833447, -3.693084 ], [ -47.833288, -3.692979 ], [ -47.833164, -3.692863 ], [ -47.833069, -3.692739 ], [ -47.832994, -3.69261 ], [ -47.832932, -3.692478 ], [ -47.832877, -3.692347 ], [ -47.832828, -3.692222 ], [ -47.832785, -3.692108 ], [ -47.832729, -3.691941 ] ] } },
{ "type": "Feature", "properties": { }, "geometry": { "type": "LineString", "coordinates": [ [ -47.98113, -3.680712 ], [ -47.98122, -3.680712 ] ] } },
{ "type": "Feature", "properties": { }, "geometry": { "type": "LineString", "coordinates": [ [ -47.98113, -3.680712 ], [ -47.98113, -3.680622 ] ] } },
{ "type": "Feature", "properties": { }, "geometry": { "type": "LineString", "coordinates": [ [ -47.918697, -3.681431 ], [ -47.918877, -3.681251 ] ] } },
{ "type": "Feature", "properties": { }, "geometry": { "type": "LineString", "coordinates": [ [ -47.884561, -3.728143 ], [ -47.884526, -3.727527 ], [ -47.884506, -3.72716 ], [ -47.884472, -3.726526 ] ] } },
{ "type": "Feature", "properties": { }, "geometry": { "type": "LineString", "coordinates": [ [ -47.973225, -3.728503 ], [ -47.973502, -3.728451 ], [ -47.973662, -3.728417 ], [ -47.973816, -3.728379 ], [ -47.973957, -3.728339 ], [ -47.974084, -3.728297 ], [ -47.974201, -3.728254 ], [ -47.974313, -3.72821 ], [ -47.974423, -3.728167 ], [ -47.974536, -3.728124 ], [ -47.974651, -3.728085 ], [ -47.974771, -3.728049 ], [ -47.974892, -3.72802 ], [ -47.975014, -3.727999 ], [ -47.975133, -3.727987 ], [ -47.975249, -3.727987 ], [ -47.975362, -3.727999 ], [ -47.975474, -3.72802 ], [ -47.975586, -3.728049 ], [ -47.975703, -3.728085 ], [ -47.975826, -3.728125 ], [ -47.975957, -3.728167 ], [ -47.976097, -3.728212 ], [ -47.976243, -3.728256 ], [ -47.976391, -3.728301 ], [ -47.976528, -3.728344 ], [ -47.976729, -3.728413 ] ] } },
{ "type": "Feature", "properties": { }, "geometry": { "type": "LineString", "coordinates": [ [ -47.959301, -3.727784 ], [ -47.959301, -3.727694 ] ] } },
{ "type": "Feature", "properties": { }, "geometry": { "type": "LineString", "coordinates": [ [ -47.952474, -3.722933 ], [ -47.952759, -3.722769 ], [ -47.952936, -3.722667 ], [ -47.953117, -3.722562 ], [ -47.953287, -3.722461 ], [ -47.953552, -3.722304 ] ] } },
{ "type": "Feature", "properties": { }, "geometry": { "type": "LineString", "coordinates": [ [ -47.952474, -3.722933 ], [ -47.952294, -3.722753 ], [ -47.952294, -3.722304 ] ] } },
{ "type": "Feature", "properties": { }, "geometry": { "type": "LineString", "coordinates": [ [ -47.99712, -3.71934 ], [ -47.99721, -3.71934 ] ] } },
{ "type": "Feature", "properties": { }, "geometry": { "type": "LineString", "coordinates": [ [ -47.983466, -3.727964 ], [ -47.983261, -3.727603 ], [ -47.983102, -3.7274 ], [ -47.982899, -3.727212 ], [ -47.982652, -3.727053 ], [ -47.98237, -3.726932 ], [ -47.982065, -3.726849 ], [ -47.981757, -3.726802 ], [ -47.981466, -3.726787 ], [ -47.981206, -3.7268 ], [ -47.980984, -3.726835 ], [ -47.980802, -3.726887 ], [ -47.980655, -3.726951 ], [ -47.980544, -3.727023 ], [ -47.980412, -3.727155 ] ] } },
{ "type": "Feature", "properties": { }, "geometry": { "type": "LineString", "coordinates": [ [ -47.881597, -3.717813 ], [ -47.881562, -3.717596 ], [ -47.881541, -3.717474 ], [ -47.881507, -3.717274 ] ] } },
{ "type": "Feature", "properties": { }, "geometry": { "type": "LineString", "coordinates": [ [ -47.859588, -3.695804 ], [ -47.859588, -3.695714 ] ] } },
{ "type": "Feature", "properties": { }, "geometry": { "type": "LineString", "coordinates": [ [ -47.865068, -3.695983 ], [ -47.864978, -3.695894 ], [ -47.864978, -3.695624 ] ] } },
{ "type": "Feature", "properties": { }, "geometry": { "type": "LineString", "coordinates": [ [ -47.985442, -3.709728 ], [ -47.985608, -3.709674 ], [ -47.985711, -3.70964 ], [ -47.985814, -3.709606 ], [ -47.985981, -3.709548 ] ] } },
{ "type": "Feature", "properties": { }, "geometry": { "type": "LineString", "coordinates": [ [ -47.955259, -3.710177 ], [ -47.955349, -3.710177 ] ] } },
{ "type": "Feature", "properties": { }, "geometry": { "type": "LineString", "coordinates": [ [ -47.955259, -3.710177 ], [ -47.955079, -3.709997 ] ] } },
{ "type": "Feature", "properties": { }, "geometry": { "type": "LineString", "coordinates": [ [ -47.941694, -3.688258 ], [ -47.941784, -3.688258 ] ] } },
{ "type": "Feature", "properties": { }, "geometry": { "type": "LineString", "coordinates": [ [ -47.941694, -3.688258 ], [ -47.941694, -3.688168 ] ] } },
{ "type": "Feature", "properties": { }, "geometry": { "type": "LineString", "coordinates": [ [ -47.985442, -3.716196 ], [ -47.985867, -3.716156 ], [ -47.986111, -3.716135 ], [ -47.98652, -3.716106 ] ] } },
{ "type": "Feature", "properties": { }, "geometry": { "type": "LineString", "coordinates": [ [ -47.956337, -3.721675 ], [ -47.956407, -3.721111 ], [ -47.956448, -3.720786 ], [ -47.956517, -3.720238 ] ] } },
{ "type": "Feature", "properties": { }, "geometry": { "type": "LineString", "coordinates": [ [ -47.956337, -3.721675 ], [ -47.956095, -3.721595 ], [ -47.955948, -3.721543 ], [ -47.955798, -3.721485 ], [ -47.955652, -3.721423 ], [ -47.955513, -3.721358 ], [ -47.955381, -3.72129 ], [ -47.955259, -3.72122 ], [ -47.95515, -3.721153 ], [ -47.954989, -3.721046 ] ] } },
{ "type": "Feature", "properties": { }, "geometry": { "type": "LineString", "coordinates": [ [ -47.980861, -3.694007 ], [ -47.980944, -3.693858 ], [ -47.980995, -3.693745 ], [ -47.981046, -3.693602 ], [ -47.981097, -3.693427 ], [ -47.981146, -3.693217 ], [ -47.981194, -3.692977 ], [ -47.981241, -3.69271 ], [ -47.981287, -3.692427 ], [ -47.981332, -3.692137 ], [ -47.981377, -3.691852 ], [ -47.981422, -3.69158 ], [ -47.981467, -3.691327 ], [ -47.981512, -3.691095 ], [ -47.981558, -3.690881 ], [ -47.981603, -3.690683 ], [ -47.981649, -3.690496 ], [ -47.981695, -3.690317 ], [ -47.981742, -3.690145 ], [ -47.98179, -3.68998 ], [ -47.981836, -3.689826 ], [ -47.981878, -3.689693 ], [ -47.981939, -3.689516 ] ] } },
{ "type": "Feature", "properties": { }, "geometry": { "type": "LineString", "coordinates": [ [ -47.909899, -3.703158 ], [ -47.909997, -3.703147 ], [ -47.910186, -3.703139 ], [ -47.910359, -3.703144 ], [ -47.910613, -3.70317 ] ] } },
{ "type": "Feature", "properties": { }, "geometry": { "type": "LineString", "coordinates": [ [ -47.90648, -3.671998 ], [ -47.908906, -3.671998 ], [ -47.908996, -3.671909 ] ] } },
{ "type": "Feature", "properties": { }, "geometry": { "type": "LineString", "coordinates": [ [ -47.994066, -3.717992 ], [ -47.994066, -3.717902 ] ] } },
{ "type": "Feature", "properties": { }, "geometry": { "type": "LineString", "coordinates": [ [ -47.982568, -3.678287 ], [ -47.982568, -3.678197 ] ] } },
{ "type": "Feature", "properties": { }, "geometry": { "type": "LineString", "coordinates": [ [ -47.907379, -3.703799 ], [ -47.907712, -3.703747 ], [ -47.907912, -3.703712 ], [ -47.908113, -3.703673 ], [ -47.908304, -3.703631 ], [ -47.908483, -3.703584 ], [ -47.908651, -3.703534 ], [ -47.90881, -3.70348 ], [ -47.908964, -3.703422 ], [ -47.909119, -3.703363 ], [ -47.909279, -3.703305 ], [ -47.909446, -3.70325 ], [ -47.909622, -3.703204 ], [ -47.909807, -3.703169 ], [ -47.909899, -3.703158 ] ] } },
{ "type": "Feature", "properties": { }, "geometry": { "type": "LineString", "coordinates": [ [ -47.91753, -3.67631 ], [ -47.917619, -3.67631 ] ] } },
{ "type": "Feature", "properties": { }, "geometry": { "type": "LineString", "coordinates": [ [ -47.91753, -3.67631 ], [ -47.917355, -3.676206 ], [ -47.917253, -3.676145 ], [ -47.91708, -3.676041 ] ] } },
{ "type": "Feature", "properties": { }, "geometry": { "type": "LineString", "coordinates": [ [ -47.884202, -3.709548 ], [ -47.884292, -3.709548 ] ] } },
{ "type": "Feature", "properties": { }, "geometry": { "type": "LineString", "coordinates": [ [ -47.884202, -3.709548 ], [ -47.884202, -3.709458 ] ] } },
{ "type": "Feature", "properties": { }, "geometry": { "type": "LineString", "coordinates": [ [ -47.952205, -3.72985 ], [ -47.952294, -3.72985 ] ] } },
{ "type": "Feature", "properties": { }, "geometry": { "type": "LineString", "coordinates": [ [ -47.952205, -3.72985 ], [ -47.952205, -3.72976 ] ] } },
{ "type": "Feature", "properties": { }, "geometry": { "type": "LineString", "coordinates": [ [ -47.853659, -3.690324 ], [ -47.853749, -3.690324 ] ] } },
{ "type": "Feature", "properties": { }, "geometry": { "type": "LineString", "coordinates": [ [ -47.853659, -3.690324 ], [ -47.853659, -3.690234 ] ] } },
{ "type": "Feature", "properties": { }, "geometry": { "type": "LineString", "coordinates": [ [ -47.991012, -3.712423 ], [ -47.991457, -3.712083 ], [ -47.991722, -3.71188 ], [ -47.99218, -3.711524 ] ] } },
{ "type": "Feature", "properties": { }, "geometry": { "type": "LineString", "coordinates": [ [ -47.991012, -3.712423 ], [ -47.990688, -3.712244 ], [ -47.990471, -3.712108 ], [ -47.990228, -3.711937 ], [ -47.989962, -3.711731 ], [ -47.989681, -3.711494 ], [ -47.989392, -3.711238 ], [ -47.989104, -3.710976 ], [ -47.988829, -3.710725 ], [ -47.988584, -3.7105 ], [ -47.988227, -3.710177 ] ] } },
{ "type": "Feature", "properties": { }, "geometry": { "type": "LineString", "coordinates": [ [ -47.901899, -3.695355 ], [ -47.901711, -3.695388 ], [ -47.901585, -3.6954 ], [ -47.901443, -3.695402 ], [ -47.90129, -3.695391 ], [ -47.901131, -3.695367 ], [ -47.900977, -3.695333 ], [ -47.900731, -3.695265 ] ] } },
{ "type": "Feature", "properties": { }, "geometry": { "type": "LineString", "coordinates": [ [ -47.902707, -3.6976 ], [ -47.902797, -3.6976 ] ] } },
{ "type": "Feature", "properties": { }, "geometry": { "type": "LineString", "coordinates": [ [ -47.902707, -3.6976 ], [ -47.902551, -3.697496 ], [ -47.90245, -3.697429 ], [ -47.90234, -3.697356 ], [ -47.902225, -3.697281 ], [ -47.902108, -3.697206 ], [ -47.90199, -3.697131 ], [ -47.901875, -3.69706 ], [ -47.901762, -3.696993 ], [ -47.901651, -3.696929 ], [ -47.90154, -3.696867 ], [ -47.901425, -3.696807 ], [ -47.901301, -3.696746 ], [ -47.901163, -3.696683 ], [ -47.901008, -3.696616 ], [ -47.900832, -3.696543 ], [ -47.900637, -3.696466 ], [ -47.900426, -3.696383 ], [ -47.900204, -3.696295 ], [ -47.899983, -3.696204 ], [ -47.899778, -3.696118 ], [ -47.899474, -3.695983 ] ] } },
{ "type": "Feature", "properties": { }, "geometry": { "type": "LineString", "coordinates": [ [ -47.969093, -3.727155 ], [ -47.968712, -3.727156 ], [ -47.968483, -3.727151 ], [ -47.968251, -3.727137 ], [ -47.968029, -3.727115 ], [ -47.967821, -3.727082 ], [ -47.967626, -3.727042 ], [ -47.967439, -3.726995 ], [ -47.967252, -3.726945 ], [ -47.967056, -3.726894 ], [ -47.966841, -3.726846 ], [ -47.966599, -3.726803 ], [ -47.966326, -3.726766 ], [ -47.966023, -3.726738 ], [ -47.9657, -3.726719 ], [ -47.965381, -3.726709 ], [ -47.964871, -3.726706 ] ] } },
{ "type": "Feature", "properties": { }, "geometry": { "type": "LineString", "coordinates": [ [ -47.893814, -3.698409 ], [ -47.893999, -3.698227 ], [ -47.894111, -3.698112 ], [ -47.894225, -3.697989 ], [ -47.894335, -3.697863 ], [ -47.894437, -3.697739 ], [ -47.894532, -3.697617 ], [ -47.894618, -3.697502 ], [ -47.894693, -3.697397 ], [ -47.894802, -3.697241 ] ] } },
{ "type": "Feature", "properties": { }, "geometry": { "type": "LineString", "coordinates": [ [ -47.893814, -3.698409 ], [ -47.893737, -3.697877 ], [ -47.893697, -3.697572 ], [ -47.893634, -3.697061 ] ] } },
{ "type": "Feature", "properties": { }, "geometry": { "type": "LineString", "coordinates": [ [ -47.898575, -3.702182 ], [ -47.899019, -3.702122 ], [ -47.899281, -3.702087 ], [ -47.899533, -3.702054 ], [ -47.899923, -3.702002 ] ] } },
{ "type": "Feature", "properties": { }, "geometry": { "type": "LineString", "coordinates": [ [ -47.867224, -3.699487 ], [ -47.867314, -3.699487 ] ] } },
{ "type": "Feature", "properties": { }, "geometry": { "type": "LineString", "coordinates": [ [ -47.867224, -3.699487 ], [ -47.867, -3.699539 ], [ -47.866862, -3.699573 ], [ -47.866718, -3.69961 ], [ -47.86657, -3.699649 ], [ -47.866415, -3.699688 ], [ -47.86625, -3.699727 ], [ -47.866073, -3.699762 ], [ -47.865882, -3.699793 ], [ -47.865681, -3.699817 ], [ -47.865476, -3.699834 ], [ -47.865281, -3.699843 ], [ -47.864978, -3.699846 ] ] } },
{ "type": "Feature", "properties": { }, "geometry": { "type": "LineString", "coordinates": [ [ -47.991371, -3.721675 ], [ -47.991461, -3.721675 ] ] } },
{ "type": "Feature", "properties": { }, "geometry": { "type": "LineString", "coordinates": [ [ -47.931903, -3.702721 ], [ -47.931832, -3.702509 ], [ -47.931791, -3.702387 ], [ -47.931723, -3.702182 ] ] } },
{ "type": "Feature", "properties": { }, "geometry": { "type": "LineString", "coordinates": [ [ -47.955259, -3.710267 ], [ -47.955259, -3.710177 ] ] } },
{ "type": "Feature", "properties": { }, "geometry": { "type": "LineString", "coordinates": [ [ -47.990024, -3.676131 ], [ -47.990092, -3.675942 ], [ -47.990135, -3.675807 ], [ -47.99018, -3.675645 ], [ -47.990226, -3.675455 ], [ -47.990273, -3.675236 ], [ -47.990319, -3.674992 ], [ -47.990365, -3.674734 ], [ -47.990407, -3.674478 ], [ -47.990473, -3.674065 ] ] } },
{ "type": "Feature", "properties": { }, "geometry": { "type": "LineString", "coordinates": [ [ -47.980142, -3.71377 ], [ -47.980142, -3.71368 ] ] } },
{ "type": "Feature", "properties": { }, "geometry": { "type": "LineString", "coordinates": [ [ -47.913936, -3.705416 ], [ -47.913936, -3.705326 ] ] } },
{ "type": "Feature", "properties": { }, "geometry": { "type": "LineString", "coordinates": [ [ -47.936484, -3.700206 ], [ -47.93681, -3.699833 ], [ -47.936991, -3.699623 ], [ -47.937155, -3.699428 ], [ -47.937291, -3.699264 ], [ -47.937472, -3.699038 ] ] } },
{ "type": "Feature", "properties": { }, "geometry": { "type": "LineString", "coordinates": [ [ -47.9867, -3.709638 ], [ -47.98679, -3.709638 ] ] } },
{ "type": "Feature", "properties": { }, "geometry": { "type": "LineString", "coordinates": [ [ -47.9867, -3.709638 ], [ -47.986546, -3.70964 ], [ -47.986449, -3.709636 ], [ -47.986344, -3.709626 ], [ -47.986239, -3.70961 ], [ -47.986138, -3.709589 ], [ -47.985981, -3.709548 ] ] } },
{ "type": "Feature", "properties": { }, "geometry": { "type": "LineString", "coordinates": [ [ -47.977178, -3.701104 ], [ -47.977175, -3.700825 ], [ -47.977178, -3.700638 ], [ -47.977188, -3.700426 ], [ -47.977206, -3.700195 ], [ -47.97723, -3.699951 ], [ -47.977262, -3.6997 ], [ -47.977299, -3.699447 ], [ -47.977339, -3.699198 ], [ -47.977381, -3.698953 ], [ -47.977425, -3.698714 ], [ -47.977469, -3.698478 ], [ -47.977513, -3.698242 ], [ -47.977555, -3.698004 ], [ -47.977597, -3.697763 ], [ -47.977635, -3.697525 ], [ -47.977669, -3.697303 ], [ -47.977717, -3.696972 ] ] } },
{ "type": "Feature", "properties": { }, "geometry": { "type": "LineString", "coordinates": [ [ -47.944659, -3.701014 ], [ -47.944662, -3.700767 ], [ -47.944662, -3.700625 ], [ -47.944659, -3.700385 ] ] } },
{ "type": "Feature", "properties": { }, "geometry": { "type": "LineString", "coordinates": [ [ -47.956427, -3.726436 ], [ -47.956462, -3.724645 ], [ -47.956482, -3.723648 ], [ -47.956517, -3.722035 ] ] } },
{ "type": "Feature", "properties": { }, "geometry": { "type": "LineString", "coordinates": [ [ -47.956427, -3.726436 ], [ -47.95523, -3.726477 ], [ -47.954414, -3.726496 ], [ -47.953495, -3.726512 ], [ -47.952547, -3.726521 ], [ -47.951839, -3.72662 ], [ -47.951077, -3.726577 ], [ -47.950947, -3.726526 ] ] } },
{ "type": "Feature", "properties": { }, "geometry": { "type": "LineString", "coordinates": [ [ -47.860576, -3.696253 ], [ -47.860498, -3.696069 ], [ -47.860445, -3.695952 ], [ -47.860384, -3.695829 ], [ -47.860316, -3.695702 ], [ -47.860241, -3.695575 ], [ -47.860165, -3.695454 ], [ -47.860037, -3.695265 ] ] } },
{ "type": "Feature", "properties": { }, "geometry": { "type": "LineString", "coordinates": [ [ -47.983646, -3.716285 ], [ -47.984111, -3.716178 ], [ -47.984376, -3.716111 ], [ -47.984624, -3.716041 ], [ -47.984993, -3.715926 ] ] } },
{ "type": "Feature", "properties": { }, "geometry": { "type": "LineString", "coordinates": [ [ -47.881417, -3.712512 ], [ -47.881597, -3.712333 ] ] } },
{ "type": "Feature", "properties": { }, "geometry": { "type": "LineString", "coordinates": [ [ -47.881417, -3.712512 ], [ -47.881058, -3.712512 ], [ -47.880968, -3.712423 ] ] } },
{ "type": "Feature", "properties": { }, "geometry": { "type": "LineString", "coordinates": [ [ -47.876387, -3.715387 ], [ -47.876566, -3.715207 ] ] } },
{ "type": "Feature", "properties": { }, "geometry": { "type": "LineString", "coordinates": [ [ -47.900731, -3.709099 ], [ -47.900731, -3.709009 ] ] } },
{ "type": "Feature", "properties": { }, "geometry": { "type": "LineString", "coordinates": [ [ -47.881687, -3.72428 ], [ -47.881687, -3.723921 ], [ -47.881597, -3.723831 ] ] } },
{ "type": "Feature", "properties": { }, "geometry": { "type": "LineString", "coordinates": [ [ -47.985442, -3.720507 ], [ -47.985649, -3.720336 ], [ -47.985771, -3.720234 ], [ -47.985981, -3.720058 ] ] } },
{ "type": "Feature", "properties": { }, "geometry": { "type": "LineString", "coordinates": [ [ -47.91708, -3.676041 ], [ -47.917132, -3.675621 ], [ -47.917166, -3.675377 ], [ -47.917204, -3.675139 ], [ -47.917244, -3.674922 ], [ -47.917286, -3.674724 ], [ -47.917329, -3.674545 ], [ -47.917373, -3.674376 ], [ -47.917417, -3.674211 ], [ -47.917462, -3.674042 ], [ -47.917507, -3.673867 ], [ -47.917552, -3.673681 ], [ -47.917597, -3.673485 ], [ -47.917642, -3.673282 ], [ -47.917686, -3.673074 ], [ -47.917729, -3.672864 ], [ -47.91777, -3.672655 ], [ -47.917809, -3.672451 ], [ -47.917843, -3.672266 ], [ -47.917889, -3.671998 ] ] } },
{ "type": "Feature", "properties": { }, "geometry": { "type": "LineString", "coordinates": [ [ -47.979963, -3.709368 ], [ -47.980052, -3.709368 ] ] } },
{ "type": "Feature", "properties": { }, "geometry": { "type": "LineString", "coordinates": [ [ -47.979963, -3.709368 ], [ -47.979576, -3.709293 ], [ -47.979343, -3.709244 ], [ -47.97911, -3.709188 ], [ -47.978894, -3.709126 ], [ -47.978702, -3.709055 ], [ -47.978541, -3.708977 ], [ -47.978411, -3.70889 ], [ -47.978307, -3.708796 ], [ -47.978225, -3.708697 ], [ -47.978159, -3.708594 ], [ -47.978103, -3.708489 ], [ -47.978053, -3.708383 ], [ -47.978007, -3.708277 ], [ -47.977966, -3.708173 ], [ -47.977933, -3.708076 ], [ -47.977896, -3.707931 ] ] } },
{ "type": "Feature", "properties": { }, "geometry": { "type": "LineString", "coordinates": [ [ -47.98131, -3.679544 ], [ -47.9814, -3.679544 ] ] } },
{ "type": "Feature", "properties": { }, "geometry": { "type": "LineString", "coordinates": [ [ -47.930196, -3.689605 ], [ -47.930058, -3.689547 ], [ -47.929968, -3.689507 ], [ -47.929867, -3.689461 ], [ -47.929759, -3.689409 ], [ -47.929645, -3.689352 ], [ -47.929526, -3.68929 ], [ -47.929404, -3.689225 ], [ -47.92928, -3.689157 ], [ -47.929154, -3.689087 ], [ -47.929027, -3.689018 ], [ -47.9289, -3.688949 ], [ -47.928776, -3.688885 ], [ -47.928657, -3.688826 ], [ -47.928552, -3.688776 ], [ -47.928399, -3.688707 ] ] } },
{ "type": "Feature", "properties": { }, "geometry": { "type": "LineString", "coordinates": [ [ -47.94915, -3.721136 ], [ -47.949414, -3.720968 ], [ -47.949568, -3.72088 ], [ -47.949718, -3.720805 ], [ -47.949852, -3.720749 ], [ -47.950049, -3.720687 ] ] } },
{ "type": "Feature", "properties": { }, "geometry": { "type": "LineString", "coordinates": [ [ -47.866056, -3.691043 ], [ -47.866056, -3.690953 ] ] } },
{ "type": "Feature", "properties": { }, "geometry": { "type": "LineString", "coordinates": [ [ -47.865966, -3.691133 ], [ -47.866056, -3.691043 ] ] } },
{ "type": "Feature", "properties": { }, "geometry": { "type": "LineString", "coordinates": [ [ -47.884472, -3.726526 ], [ -47.884472, -3.726436 ] ] } },
{ "type": "Feature", "properties": { }, "geometry": { "type": "LineString", "coordinates": [ [ -47.880429, -3.724011 ], [ -47.880785, -3.723934 ], [ -47.880988, -3.723893 ], [ -47.881328, -3.723831 ] ] } },
{ "type": "Feature", "properties": { }, "geometry": { "type": "LineString", "coordinates": [ [ -47.892916, -3.680622 ], [ -47.893006, -3.680622 ] ] } },
{ "type": "Feature", "properties": { }, "geometry": { "type": "LineString", "coordinates": [ [ -47.909899, -3.698589 ], [ -47.909894, -3.698589 ] ] } },
{ "type": "Feature", "properties": { }, "geometry": { "type": "LineString", "coordinates": [ [ -47.89606, -3.685743 ], [ -47.89615, -3.685743 ] ] } },
{ "type": "Feature", "properties": { }, "geometry": { "type": "LineString", "coordinates": [ [ -47.921684, -3.736777 ], [ -47.921639, -3.737101 ] ] } },
{ "type": "Feature", "properties": { }, "geometry": { "type": "LineString", "coordinates": [ [ -47.943132, -3.700385 ], [ -47.943356, -3.700315 ], [ -47.9435, -3.70028 ], [ -47.943655, -3.700255 ], [ -47.943818, -3.700241 ], [ -47.943986, -3.700239 ], [ -47.944154, -3.700247 ], [ -47.944315, -3.700262 ], [ -47.944569, -3.700295 ] ] } },
{ "type": "Feature", "properties": { }, "geometry": { "type": "LineString", "coordinates": [ [ -47.943132, -3.700385 ], [ -47.942952, -3.700206 ] ] } },
{ "type": "Feature", "properties": { }, "geometry": { "type": "LineString", "coordinates": [ [ -47.982747, -3.678466 ], [ -47.983735, -3.678466 ], [ -47.983825, -3.678377 ] ] } },
{ "type": "Feature", "properties": { }, "geometry": { "type": "LineString", "coordinates": [ [ -47.982747, -3.678466 ], [ -47.982568, -3.678287 ] ] } },
{ "type": "Feature", "properties": { }, "geometry": { "type": "LineString", "coordinates": [ [ -47.988766, -3.719699 ], [ -47.988766, -3.719609 ] ] } },
{ "type": "Feature", "properties": { }, "geometry": { "type": "LineString", "coordinates": [ [ -47.952205, -3.72976 ], [ -47.95202, -3.729451 ], [ -47.951903, -3.729277 ], [ -47.951777, -3.729114 ], [ -47.951647, -3.728974 ], [ -47.951512, -3.728858 ], [ -47.951373, -3.728766 ], [ -47.951231, -3.728691 ], [ -47.951087, -3.728629 ], [ -47.950944, -3.728575 ], [ -47.950802, -3.728526 ], [ -47.950665, -3.72848 ], [ -47.95053, -3.728436 ], [ -47.950396, -3.728393 ], [ -47.950262, -3.728352 ], [ -47.950122, -3.728315 ], [ -47.949976, -3.728282 ], [ -47.949823, -3.728255 ], [ -47.949665, -3.728235 ], [ -47.949507, -3.728222 ], [ -47.949362, -3.728219 ], [ -47.94915, -3.728233 ] ] } },
{ "type": "Feature", "properties": { }, "geometry": { "type": "LineString", "coordinates": [ [ -47.987239, -3.675412 ], [ -47.987239, -3.675322 ], [ -47.987149, -3.675232 ] ] } },
{ "type": "Feature", "properties": { }, "geometry": { "type": "LineString", "coordinates": [ [ -47.987239, -3.675412 ], [ -47.987066, -3.675419 ], [ -47.986962, -3.67542 ], [ -47.98686, -3.675419 ], [ -47.9867, -3.675412 ] ] } },
{ "type": "Feature", "properties": { }, "geometry": { "type": "LineString", "coordinates": [ [ -47.834166, -3.6923 ], [ -47.834256, -3.692211 ], [ -47.834256, -3.692121 ] ] } },
{ "type": "Feature", "properties": { }, "geometry": { "type": "LineString", "coordinates": [ [ -47.873243, -3.70856 ], [ -47.873333, -3.70856 ] ] } },
{ "type": "Feature", "properties": { }, "geometry": { "type": "LineString", "coordinates": [ [ -47.873243, -3.70856 ], [ -47.873243, -3.70847 ] ] } },
{ "type": "Feature", "properties": { }, "geometry": { "type": "LineString", "coordinates": [ [ -47.854737, -3.679904 ], [ -47.854827, -3.679904 ] ] } },
{ "type": "Feature", "properties": { }, "geometry": { "type": "LineString", "coordinates": [ [ -47.98661, -3.716106 ], [ -47.986898, -3.715782 ], [ -47.987061, -3.715599 ], [ -47.987329, -3.715297 ] ] } },
{ "type": "Feature", "properties": { }, "geometry": { "type": "LineString", "coordinates": [ [ -47.865966, -3.690953 ], [ -47.866056, -3.690953 ] ] } },
{ "type": "Feature", "properties": { }, "geometry": { "type": "LineString", "coordinates": [ [ -47.950947, -3.726526 ], [ -47.950909, -3.725842 ], [ -47.950887, -3.725439 ], [ -47.950866, -3.725044 ], [ -47.950849, -3.724678 ], [ -47.950837, -3.724348 ], [ -47.95083, -3.724058 ], [ -47.950827, -3.723807 ], [ -47.950828, -3.723593 ], [ -47.950833, -3.723417 ], [ -47.950841, -3.723279 ], [ -47.950857, -3.723113 ] ] } },
{ "type": "Feature", "properties": { }, "geometry": { "type": "LineString", "coordinates": [ [ -47.991461, -3.721585 ], [ -47.991513, -3.721358 ], [ -47.991547, -3.721216 ], [ -47.991583, -3.721067 ], [ -47.991622, -3.720914 ], [ -47.991661, -3.720762 ], [ -47.9917, -3.720613 ], [ -47.991738, -3.720469 ], [ -47.991771, -3.72034 ], [ -47.99182, -3.720148 ] ] } },
{ "type": "Feature", "properties": { }, "geometry": { "type": "LineString", "coordinates": [ [ -47.859319, -3.693558 ], [ -47.859319, -3.693376 ], [ -47.859325, -3.693245 ], [ -47.85934, -3.693087 ], [ -47.859366, -3.692901 ], [ -47.859402, -3.69269 ], [ -47.859448, -3.692461 ], [ -47.859498, -3.69223 ], [ -47.859588, -3.691851 ] ] } },
{ "type": "Feature", "properties": { }, "geometry": { "type": "LineString", "coordinates": [ [ -47.921371, -3.738603 ], [ -47.921328, -3.738816 ] ] } },
{ "type": "Feature", "properties": { }, "geometry": { "type": "LineString", "coordinates": [ [ -47.990024, -3.707751 ], [ -47.990114, -3.707751 ] ] } },
{ "type": "Feature", "properties": { }, "geometry": { "type": "LineString", "coordinates": [ [ -47.990024, -3.707751 ], [ -47.989844, -3.707612 ], [ -47.989742, -3.707531 ], [ -47.989575, -3.707392 ] ] } },
{ "type": "Feature", "properties": { }, "geometry": { "type": "LineString", "coordinates": [ [ -47.982658, -3.676849 ], [ -47.982811, -3.676715 ], [ -47.982904, -3.676627 ], [ -47.982998, -3.676526 ], [ -47.983088, -3.676416 ], [ -47.983171, -3.676295 ], [ -47.983247, -3.676164 ], [ -47.983316, -3.676026 ], [ -47.983379, -3.675882 ], [ -47.983437, -3.675733 ], [ -47.983494, -3.675581 ], [ -47.983551, -3.675429 ], [ -47.98361, -3.675277 ], [ -47.983672, -3.675129 ], [ -47.983737, -3.674986 ], [ -47.983805, -3.674851 ], [ -47.983873, -3.674723 ], [ -47.983942, -3.674599 ], [ -47.98401, -3.674476 ], [ -47.984076, -3.67435 ], [ -47.984141, -3.674216 ], [ -47.984202, -3.67407 ], [ -47.984256, -3.673909 ], [ -47.984298, -3.673733 ], [ -47.984322, -3.673545 ], [ -47.984319, -3.673351 ], [ -47.984283, -3.67316 ], [ -47.984208, -3.672981 ], [ -47.984091, -3.672823 ], [ -47.983932, -3.672694 ], [ -47.983737, -3.672595 ], [ -47.983514, -3.672526 ], [ -47.983277, -3.672485 ], [ -47.98304, -3.672469 ], [ -47.982819, -3.672477 ], [ -47.982478, -3.672537 ] ] } },
{ "type": "Feature", "properties": { }, "geometry": { "type": "LineString", "coordinates": [ [ -47.982658, -3.676849 ], [ -47.982514, -3.67679 ], [ -47.982428, -3.676755 ], [ -47.982343, -3.676721 ], [ -47.982208, -3.67667 ] ] } },
{ "type": "Feature", "properties": { }, "geometry": { "type": "LineString", "coordinates": [ [ -47.999725, -3.722124 ], [ -47.999815, -3.722124 ] ] } },
{ "type": "Feature", "properties": { }, "geometry": { "type": "LineString", "coordinates": [ [ -47.999725, -3.722124 ], [ -47.999725, -3.722035 ] ] } },
{ "type": "Feature", "properties": { }, "geometry": { "type": "LineString", "coordinates": [ [ -47.911241, -3.692211 ], [ -47.911293, -3.692009 ], [ -47.911327, -3.691879 ], [ -47.911365, -3.691739 ], [ -47.911405, -3.691592 ], [ -47.911447, -3.691443 ], [ -47.91149, -3.691292 ], [ -47.911534, -3.691143 ], [ -47.911579, -3.690994 ], [ -47.911623, -3.690848 ], [ -47.911668, -3.690705 ], [ -47.911713, -3.690562 ], [ -47.911757, -3.690419 ], [ -47.9118, -3.690274 ], [ -47.911841, -3.690125 ], [ -47.91188, -3.689973 ], [ -47.911913, -3.689829 ], [ -47.91196, -3.689605 ] ] } },
{ "type": "Feature", "properties": { }, "geometry": { "type": "LineString", "coordinates": [ [ -47.928309, -3.689965 ], [ -47.928309, -3.688797 ], [ -47.928399, -3.688707 ] ] } },
{ "type": "Feature", "properties": { }, "geometry": { "type": "LineString", "coordinates": [ [ -47.928309, -3.689965 ], [ -47.927686, -3.689958 ], [ -47.927317, -3.689949 ], [ -47.926955, -3.689934 ], [ -47.926631, -3.689914 ], [ -47.926153, -3.689875 ] ] } },
{ "type": "Feature", "properties": { }, "geometry": { "type": "LineString", "coordinates": [ [ -47.84827, -3.696702 ], [ -47.84827, -3.696612 ] ] } },
{ "type": "Feature", "properties": { }, "geometry": { "type": "LineString", "coordinates": [ [ -47.921572, -3.689785 ], [ -47.921572, -3.685383 ] ] } },
{ "type": "Feature", "properties": { }, "geometry": { "type": "LineString", "coordinates": [ [ -47.921572, -3.689785 ], [ -47.920845, -3.68978 ], [ -47.920335, -3.689771 ], [ -47.919733, -3.689757 ], [ -47.919043, -3.689736 ], [ -47.918278, -3.68971 ], [ -47.917467, -3.689681 ], [ -47.916667, -3.689652 ], [ -47.915374, -3.689605 ] ] } },
{ "type": "Feature", "properties": { }, "geometry": { "type": "LineString", "coordinates": [ [ -47.882406, -3.726526 ], [ -47.882963, -3.726486 ], [ -47.883297, -3.726466 ], [ -47.883628, -3.726451 ], [ -47.883931, -3.726442 ], [ -47.884382, -3.726436 ] ] } },
{ "type": "Feature", "properties": { }, "geometry": { "type": "LineString", "coordinates": [ [ -47.882406, -3.726526 ], [ -47.882282, -3.726451 ], [ -47.882202, -3.726399 ], [ -47.882115, -3.726339 ], [ -47.882024, -3.72627 ], [ -47.881929, -3.72619 ], [ -47.881832, -3.726097 ], [ -47.881737, -3.725992 ], [ -47.881644, -3.725878 ], [ -47.881558, -3.725758 ], [ -47.88148, -3.725638 ], [ -47.881415, -3.725527 ], [ -47.881328, -3.725358 ] ] } },
{ "type": "Feature", "properties": { }, "geometry": { "type": "LineString", "coordinates": [ [ -47.878812, -3.717902 ], [ -47.878812, -3.715118 ] ] } },
{ "type": "Feature", "properties": { }, "geometry": { "type": "LineString", "coordinates": [ [ -47.98679, -3.679095 ], [ -47.986842, -3.678715 ], [ -47.986876, -3.678474 ], [ -47.986913, -3.678216 ], [ -47.986953, -3.677949 ], [ -47.986995, -3.677679 ], [ -47.987038, -3.677409 ], [ -47.987082, -3.677142 ], [ -47.987125, -3.676878 ], [ -47.987168, -3.676616 ], [ -47.987208, -3.676355 ], [ -47.987247, -3.6761 ], [ -47.987281, -3.675862 ], [ -47.987329, -3.675502 ] ] } },
{ "type": "Feature", "properties": { }, "geometry": { "type": "LineString", "coordinates": [ [ -47.915374, -3.695175 ], [ -47.915464, -3.695175 ] ] } },
{ "type": "Feature", "properties": { }, "geometry": { "type": "LineString", "coordinates": [ [ -47.915374, -3.695175 ], [ -47.915284, -3.695085 ], [ -47.915374, -3.694995 ] ] } },
{ "type": "Feature", "properties": { }, "geometry": { "type": "LineString", "coordinates": [ [ -47.872344, -3.707931 ], [ -47.872434, -3.707841 ], [ -47.872524, -3.707931 ] ] } },
{ "type": "Feature", "properties": { }, "geometry": { "type": "LineString", "coordinates": [ [ -47.872344, -3.707931 ], [ -47.872255, -3.707841 ] ] } },
{ "type": "Feature", "properties": { }, "geometry": { "type": "LineString", "coordinates": [ [ -47.985802, -3.707841 ], [ -47.98553, -3.707516 ], [ -47.98536, -3.707312 ], [ -47.985188, -3.707105 ], [ -47.984903, -3.706763 ] ] } },
{ "type": "Feature", "properties": { }, "geometry": { "type": "LineString", "coordinates": [ [ -47.912858, -3.705865 ], [ -47.913064, -3.705769 ], [ -47.913195, -3.705704 ], [ -47.913338, -3.705628 ], [ -47.913483, -3.705546 ], [ -47.913624, -3.705463 ], [ -47.913847, -3.705326 ] ] } },
{ "type": "Feature", "properties": { }, "geometry": { "type": "LineString", "coordinates": [ [ -47.909899, -3.7055 ], [ -47.909984, -3.705416 ] ] } },
{ "type": "Feature", "properties": { }, "geometry": { "type": "LineString", "coordinates": [ [ -47.987778, -3.71907 ], [ -47.988317, -3.71907 ] ] } },
{ "type": "Feature", "properties": { }, "geometry": { "type": "LineString", "coordinates": [ [ -47.871626, -3.695355 ], [ -47.871716, -3.695355 ] ] } },
{ "type": "Feature", "properties": { }, "geometry": { "type": "LineString", "coordinates": [ [ -47.871626, -3.695355 ], [ -47.871391, -3.695249 ], [ -47.87124, -3.695171 ], [ -47.871075, -3.695073 ], [ -47.870901, -3.694956 ], [ -47.87072, -3.694822 ], [ -47.870534, -3.694673 ], [ -47.870347, -3.694514 ], [ -47.870159, -3.694349 ], [ -47.869969, -3.694182 ], [ -47.869775, -3.694012 ], [ -47.869574, -3.69384 ], [ -47.869364, -3.693666 ], [ -47.869146, -3.693491 ], [ -47.868924, -3.693316 ], [ -47.868702, -3.693147 ], [ -47.868484, -3.692988 ], [ -47.868457, -3.692826 ], [ -47.86828, -3.692844 ], [ -47.868101, -3.692725 ], [ -47.867853, -3.69257 ] ] } },
{ "type": "Feature", "properties": { }, "geometry": { "type": "LineString", "coordinates": [ [ -47.980502, -3.685653 ], [ -47.980681, -3.685309 ], [ -47.980798, -3.685084 ], [ -47.980926, -3.684836 ], [ -47.981064, -3.684576 ], [ -47.981208, -3.684313 ], [ -47.981349, -3.684064 ], [ -47.98158, -3.683677 ] ] } },
{ "type": "Feature", "properties": { }, "geometry": { "type": "LineString", "coordinates": [ [ -47.980502, -3.685653 ], [ -47.980412, -3.685563 ], [ -47.980322, -3.685563 ] ] } },
{ "type": "Feature", "properties": { }, "geometry": { "type": "LineString", "coordinates": [ [ -47.924267, -3.710446 ], [ -47.924357, -3.710446 ] ] } },
{ "type": "Feature", "properties": { }, "geometry": { "type": "LineString", "coordinates": [ [ -47.924267, -3.710446 ], [ -47.923478, -3.710453 ], [ -47.923032, -3.710454 ], [ -47.922623, -3.710453 ], [ -47.922021, -3.710446 ] ] } },
{ "type": "Feature", "properties": { }, "geometry": { "type": "LineString", "coordinates": [ [ -47.835513, -3.693199 ], [ -47.835513, -3.693109 ] ] } },
{ "type": "Feature", "properties": { }, "geometry": { "type": "LineString", "coordinates": [ [ -47.930735, -3.699936 ], [ -47.931633, -3.699936 ] ] } },
{ "type": "Feature", "properties": { }, "geometry": { "type": "LineString", "coordinates": [ [ -47.995593, -3.723113 ], [ -47.994972, -3.722526 ], [ -47.994626, -3.722201 ], [ -47.994066, -3.721675 ] ] } },
{ "type": "Feature", "properties": { }, "geometry": { "type": "LineString", "coordinates": [ [ -47.862822, -3.691492 ], [ -47.862822, -3.691402 ] ] } },
{ "type": "Feature", "properties": { }, "geometry": { "type": "LineString", "coordinates": [ [ -47.921572, -3.676131 ], [ -47.921482, -3.676041 ], [ -47.921482, -3.671819 ] ] } },
{ "type": "Feature", "properties": { }, "geometry": { "type": "LineString", "coordinates": [ [ -47.915913, -3.680622 ], [ -47.916003, -3.680622 ] ] } },
{ "type": "Feature", "properties": { }, "geometry": { "type": "LineString", "coordinates": [ [ -47.878543, -3.714848 ], [ -47.878654, -3.714687 ], [ -47.878734, -3.714584 ], [ -47.878832, -3.714473 ], [ -47.878947, -3.714357 ], [ -47.879077, -3.71424 ], [ -47.879212, -3.714127 ], [ -47.879441, -3.71395 ] ] } },
{ "type": "Feature", "properties": { }, "geometry": { "type": "LineString", "coordinates": [ [ -47.878543, -3.714848 ], [ -47.878307, -3.71489 ], [ -47.878163, -3.714911 ], [ -47.878016, -3.714927 ], [ -47.877874, -3.714937 ], [ -47.877745, -3.714941 ], [ -47.877555, -3.714938 ] ] } },
{ "type": "Feature", "properties": { }, "geometry": { "type": "LineString", "coordinates": [ [ -47.990383, -3.685473 ], [ -47.990435, -3.685098 ], [ -47.990469, -3.684868 ], [ -47.990506, -3.684628 ], [ -47.990546, -3.684388 ], [ -47.990588, -3.68415 ], [ -47.990631, -3.683913 ], [ -47.990675, -3.683677 ], [ -47.99072, -3.683442 ], [ -47.990765, -3.683209 ], [ -47.99081, -3.682977 ], [ -47.990855, -3.682747 ], [ -47.9909, -3.682518 ], [ -47.990945, -3.682289 ], [ -47.99099, -3.682059 ], [ -47.991035, -3.681827 ], [ -47.991081, -3.681593 ], [ -47.991127, -3.681356 ], [ -47.991174, -3.68112 ], [ -47.991221, -3.680885 ], [ -47.991268, -3.680659 ], [ -47.99131, -3.680457 ], [ -47.991371, -3.680173 ] ] } },
{ "type": "Feature", "properties": { }, "geometry": { "type": "LineString", "coordinates": [ [ -47.98158, -3.683677 ], [ -47.981518, -3.683269 ], [ -47.981475, -3.683026 ], [ -47.981425, -3.682785 ], [ -47.981371, -3.682559 ], [ -47.981315, -3.682357 ], [ -47.98122, -3.68206 ] ] } },
{ "type": "Feature", "properties": { }, "geometry": { "type": "LineString", "coordinates": [ [ -47.916182, -3.680712 ], [ -47.916092, -3.680622 ] ] } },
{ "type": "Feature", "properties": { }, "geometry": { "type": "LineString", "coordinates": [ [ -47.916182, -3.680712 ], [ -47.916092, -3.680802 ], [ -47.916003, -3.680712 ] ] } },
{ "type": "Feature", "properties": { }, "geometry": { "type": "LineString", "coordinates": [ [ -47.98113, -3.680622 ], [ -47.981127, -3.680235 ], [ -47.981127, -3.680011 ], [ -47.98113, -3.679634 ] ] } },
{ "type": "Feature", "properties": { }, "geometry": { "type": "LineString", "coordinates": [ [ -47.889233, -3.709099 ], [ -47.889252, -3.707068 ], [ -47.889264, -3.705765 ], [ -47.889276, -3.704352 ], [ -47.889289, -3.702865 ], [ -47.889302, -3.70132 ], [ -47.889315, -3.699737 ], [ -47.889327, -3.698141 ], [ -47.889337, -3.696563 ], [ -47.889344, -3.69503 ], [ -47.889345, -3.693564 ], [ -47.889339, -3.692187 ], [ -47.889326, -3.69092 ], [ -47.889304, -3.689792 ], [ -47.889274, -3.688827 ], [ -47.889238, -3.688037 ], [ -47.889199, -3.687417 ], [ -47.88916, -3.686943 ], [ -47.889126, -3.686583 ], [ -47.889099, -3.686301 ], [ -47.889084, -3.686065 ], [ -47.889081, -3.685853 ], [ -47.88909, -3.685651 ], [ -47.88911, -3.685449 ], [ -47.889139, -3.685237 ], [ -47.889174, -3.685 ], [ -47.889213, -3.684721 ], [ -47.889253, -3.684378 ], [ -47.889293, -3.683956 ], [ -47.88933, -3.683447 ], [ -47.889365, -3.682858 ], [ -47.889395, -3.682209 ], [ -47.889421, -3.681525 ], [ -47.889442, -3.680827 ], [ -47.889461, -3.680129 ], [ -47.889478, -3.679431 ], [ -47.889493, -3.67873 ], [ -47.889507, -3.678021 ], [ -47.889519, -3.677303 ], [ -47.889529, -3.67658 ], [ -47.889536, -3.67586 ], [ -47.889541, -3.675153 ], [ -47.889543, -3.674467 ], [ -47.889543, -3.673806 ], [ -47.889541, -3.673178 ], [ -47.889537, -3.672592 ], [ -47.88953, -3.672072 ], [ -47.889522, -3.671687 ], [ -47.889502, -3.67137 ], [ -47.889522, -3.671687 ], [ -47.88953, -3.672072 ], [ -47.889537, -3.672592 ], [ -47.889541, -3.673178 ], [ -47.889543, -3.673806 ], [ -47.889543, -3.674467 ], [ -47.889541, -3.675153 ], [ -47.889536, -3.67586 ], [ -47.889529, -3.67658 ], [ -47.889519, -3.677303 ], [ -47.889507, -3.678021 ], [ -47.889493, -3.67873 ], [ -47.889478, -3.679431 ], [ -47.889461, -3.680129 ], [ -47.889442, -3.680827 ], [ -47.889421, -3.681525 ], [ -47.889395, -3.682209 ], [ -47.889365, -3.682858 ], [ -47.88933, -3.683447 ], [ -47.889293, -3.683956 ], [ -47.889253, -3.684378 ], [ -47.889213, -3.684721 ], [ -47.889174, -3.685 ], [ -47.889139, -3.685237 ], [ -47.88911, -3.685449 ], [ -47.88909, -3.685651 ], [ -47.889081, -3.685853 ], [ -47.889084, -3.686065 ], [ -47.889099, -3.686301 ], [ -47.889126, -3.686583 ], [ -47.88916, -3.686943 ], [ -47.889199, -3.687417 ], [ -47.889238, -3.688037 ], [ -47.889274, -3.688827 ], [ -47.889304, -3.689792 ], [ -47.889326, -3.69092 ], [ -47.889339, -3.692187 ], [ -47.889345, -3.693564 ], [ -47.889344, -3.69503 ], [ -47.889337, -3.696563 ], [ -47.889327, -3.698141 ], [ -47.889315, -3.699737 ], [ -47.889302, -3.70132 ], [ -47.889289, -3.702865 ], [ -47.889276, -3.704352 ], [ -47.889264, -3.705765 ], [ -47.889252, -3.707068 ], [ -47.889233, -3.709099 ] ] } },
{ "type": "Feature", "properties": { }, "geometry": { "type": "LineString", "coordinates": [ [ -47.898036, -3.675232 ], [ -47.898126, -3.675143 ], [ -47.898216, -3.675232 ] ] } },
{ "type": "Feature", "properties": { }, "geometry": { "type": "LineString", "coordinates": [ [ -47.898036, -3.675232 ], [ -47.897605, -3.675197 ], [ -47.897361, -3.675177 ], [ -47.896958, -3.675143 ] ] } },
{ "type": "Feature", "properties": { }, "geometry": { "type": "LineString", "coordinates": [ [ -47.977986, -3.695355 ], [ -47.978046, -3.695051 ], [ -47.978081, -3.694863 ], [ -47.978114, -3.694674 ], [ -47.978166, -3.694367 ] ] } },
{ "type": "Feature", "properties": { }, "geometry": { "type": "LineString", "coordinates": [ [ -47.857253, -3.682599 ], [ -47.857184, -3.681891 ], [ -47.8571, -3.681476 ], [ -47.856963, -3.681075 ], [ -47.85677, -3.680719 ], [ -47.856527, -3.680424 ], [ -47.856247, -3.680198 ], [ -47.855953, -3.680038 ], [ -47.855663, -3.679937 ], [ -47.855393, -3.679885 ], [ -47.855158, -3.679871 ], [ -47.854827, -3.679904 ] ] } },
{ "type": "Feature", "properties": { }, "geometry": { "type": "LineString", "coordinates": [ [ -47.921572, -3.685294 ], [ -47.921662, -3.685294 ] ] } },
{ "type": "Feature", "properties": { }, "geometry": { "type": "LineString", "coordinates": [ [ -47.921572, -3.685294 ], [ -47.921572, -3.685204 ] ] } },
{ "type": "Feature", "properties": { }, "geometry": { "type": "LineString", "coordinates": [ [ -47.887077, -3.712423 ], [ -47.887167, -3.712423 ] ] } },
{ "type": "Feature", "properties": { }, "geometry": { "type": "LineString", "coordinates": [ [ -47.981759, -3.72985 ], [ -47.981759, -3.72976 ] ] } },
{ "type": "Feature", "properties": { }, "geometry": { "type": "LineString", "coordinates": [ [ -47.980142, -3.685563 ], [ -47.980232, -3.685473 ], [ -47.980322, -3.685563 ] ] } },
{ "type": "Feature", "properties": { }, "geometry": { "type": "LineString", "coordinates": [ [ -47.936215, -3.710716 ], [ -47.93616, -3.710558 ], [ -47.936123, -3.710458 ], [ -47.93608, -3.710352 ], [ -47.936031, -3.710241 ], [ -47.935978, -3.710127 ], [ -47.93592, -3.710012 ], [ -47.935862, -3.709902 ], [ -47.935765, -3.709728 ] ] } },
{ "type": "Feature", "properties": { }, "geometry": { "type": "LineString", "coordinates": [ [ -47.906031, -3.692031 ], [ -47.906066, -3.691352 ], [ -47.906087, -3.690965 ], [ -47.906121, -3.690324 ] ] } },
{ "type": "Feature", "properties": { }, "geometry": { "type": "LineString", "coordinates": [ [ -47.904863, -3.709368 ], [ -47.904835, -3.708438 ], [ -47.904815, -3.707878 ], [ -47.904791, -3.707318 ], [ -47.904764, -3.706795 ], [ -47.904735, -3.706338 ], [ -47.904684, -3.705685 ] ] } },
{ "type": "Feature", "properties": { }, "geometry": { "type": "LineString", "coordinates": [ [ -47.904863, -3.709368 ], [ -47.904428, -3.709362 ], [ -47.904162, -3.709352 ], [ -47.903892, -3.709335 ], [ -47.903632, -3.709311 ], [ -47.903392, -3.709281 ], [ -47.903184, -3.709247 ], [ -47.902887, -3.709189 ] ] } },
{ "type": "Feature", "properties": { }, "geometry": { "type": "LineString", "coordinates": [ [ -47.906121, -3.689426 ], [ -47.906121, -3.689336 ] ] } },
{ "type": "Feature", "properties": { }, "geometry": { "type": "LineString", "coordinates": [ [ -47.841173, -3.696612 ], [ -47.841718, -3.696582 ], [ -47.842043, -3.696561 ], [ -47.842367, -3.696534 ], [ -47.842671, -3.696501 ], [ -47.842945, -3.696462 ], [ -47.84318, -3.696419 ], [ -47.843508, -3.696343 ] ] } },
{ "type": "Feature", "properties": { }, "geometry": { "type": "LineString", "coordinates": [ [ -47.841173, -3.696612 ], [ -47.840977, -3.696545 ], [ -47.840839, -3.696505 ], [ -47.840676, -3.696466 ], [ -47.84049, -3.69643 ], [ -47.840285, -3.696399 ], [ -47.840068, -3.696375 ], [ -47.839848, -3.696359 ], [ -47.839636, -3.696349 ], [ -47.839438, -3.696343 ], [ -47.839261, -3.696338 ], [ -47.839102, -3.696327 ], [ -47.838959, -3.696305 ], [ -47.838826, -3.696268 ], [ -47.838694, -3.69621 ], [ -47.838559, -3.69613 ], [ -47.838415, -3.696027 ], [ -47.83826, -3.6959 ], [ -47.838092, -3.695754 ], [ -47.837911, -3.695593 ], [ -47.837716, -3.695424 ], [ -47.837508, -3.695255 ], [ -47.837288, -3.695092 ], [ -47.837061, -3.694941 ], [ -47.836832, -3.694806 ], [ -47.83661, -3.694691 ], [ -47.836403, -3.694593 ], [ -47.836216, -3.69451 ], [ -47.836052, -3.69444 ], [ -47.835913, -3.69438 ], [ -47.835807, -3.694332 ], [ -47.835693, -3.694277 ] ] } },
{ "type": "Feature", "properties": { }, "geometry": { "type": "LineString", "coordinates": [ [ -47.993078, -3.718531 ], [ -47.993007, -3.718425 ], [ -47.992967, -3.718364 ], [ -47.992898, -3.718262 ] ] } },
{ "type": "Feature", "properties": { }, "geometry": { "type": "LineString", "coordinates": [ [ -47.859049, -3.690773 ], [ -47.859139, -3.690773 ] ] } },
{ "type": "Feature", "properties": { }, "geometry": { "type": "LineString", "coordinates": [ [ -47.859049, -3.690773 ], [ -47.859024, -3.690324 ], [ -47.859016, -3.69006 ], [ -47.859016, -3.689805 ], [ -47.859024, -3.689577 ], [ -47.859049, -3.689246 ] ] } },
{ "type": "Feature", "properties": { }, "geometry": { "type": "LineString", "coordinates": [ [ -47.953822, -3.715567 ], [ -47.953911, -3.715567 ] ] } },
{ "type": "Feature", "properties": { }, "geometry": { "type": "LineString", "coordinates": [ [ -47.953822, -3.715567 ], [ -47.953822, -3.715477 ] ] } },
{ "type": "Feature", "properties": { }, "geometry": { "type": "LineString", "coordinates": [ [ -47.835783, -3.69266 ], [ -47.835929, -3.692566 ], [ -47.836026, -3.692503 ], [ -47.836135, -3.692431 ], [ -47.836252, -3.692354 ], [ -47.836377, -3.692271 ], [ -47.836506, -3.692186 ], [ -47.836636, -3.692099 ], [ -47.836766, -3.692014 ], [ -47.836895, -3.69193 ], [ -47.837022, -3.691847 ], [ -47.837149, -3.691766 ], [ -47.837276, -3.691683 ], [ -47.837405, -3.691599 ], [ -47.837537, -3.691512 ], [ -47.837671, -3.691423 ], [ -47.837805, -3.691334 ], [ -47.83794, -3.691244 ], [ -47.838074, -3.691155 ], [ -47.838206, -3.691068 ], [ -47.838337, -3.690981 ], [ -47.838468, -3.690896 ], [ -47.838599, -3.69081 ], [ -47.83873, -3.690723 ], [ -47.838863, -3.690635 ], [ -47.838996, -3.690547 ], [ -47.83913, -3.690458 ], [ -47.839264, -3.690369 ], [ -47.839399, -3.690279 ], [ -47.839534, -3.690189 ], [ -47.83967, -3.690098 ], [ -47.839806, -3.690007 ], [ -47.839943, -3.689914 ], [ -47.840082, -3.689821 ], [ -47.840222, -3.689726 ], [ -47.840363, -3.689629 ], [ -47.840505, -3.689532 ], [ -47.840649, -3.689434 ], [ -47.840793, -3.689334 ], [ -47.840938, -3.689234 ], [ -47.841084, -3.689133 ], [ -47.84123, -3.689032 ], [ -47.841375, -3.688932 ], [ -47.841517, -3.688835 ], [ -47.841655, -3.68874 ], [ -47.84179, -3.688649 ], [ -47.841919, -3.68856 ], [ -47.842044, -3.688474 ], [ -47.842164, -3.688387 ], [ -47.842278, -3.688301 ], [ -47.842385, -3.688215 ], [ -47.84248, -3.688134 ], [ -47.842551, -3.688066 ], [ -47.84261, -3.687988 ] ] } },
{ "type": "Feature", "properties": { }, "geometry": { "type": "LineString", "coordinates": [ [ -47.988946, -3.68718 ], [ -47.989321, -3.687145 ], [ -47.989544, -3.687124 ], [ -47.989934, -3.68709 ] ] } },
{ "type": "Feature", "properties": { }, "geometry": { "type": "LineString", "coordinates": [ [ -47.862373, -3.700834 ], [ -47.862373, -3.700745 ] ] } },
{ "type": "Feature", "properties": { }, "geometry": { "type": "LineString", "coordinates": [ [ -47.840005, -3.679814 ], [ -47.843025, -3.679809 ], [ -47.844929, -3.679813 ], [ -47.846875, -3.679823 ], [ -47.848692, -3.679841 ], [ -47.850267, -3.679867 ], [ -47.851538, -3.679899 ], [ -47.852496, -3.679936 ], [ -47.853174, -3.679976 ], [ -47.853628, -3.680016 ], [ -47.854109, -3.680083 ], [ -47.853628, -3.680016 ], [ -47.853174, -3.679976 ], [ -47.852496, -3.679936 ], [ -47.851538, -3.679899 ], [ -47.850267, -3.679867 ], [ -47.848692, -3.679841 ], [ -47.846875, -3.679823 ], [ -47.844929, -3.679813 ], [ -47.843025, -3.679809 ], [ -47.840005, -3.679814 ] ] } },
{ "type": "Feature", "properties": { }, "geometry": { "type": "LineString", "coordinates": [ [ -47.884112, -3.721136 ], [ -47.884202, -3.721136 ] ] } },
{ "type": "Feature", "properties": { }, "geometry": { "type": "LineString", "coordinates": [ [ -47.884112, -3.721136 ], [ -47.883159, -3.721096 ], [ -47.88261, -3.721076 ], [ -47.881687, -3.721046 ] ] } },
{ "type": "Feature", "properties": { }, "geometry": { "type": "LineString", "coordinates": [ [ -47.902887, -3.707662 ], [ -47.902887, -3.707572 ] ] } },
{ "type": "Feature", "properties": { }, "geometry": { "type": "LineString", "coordinates": [ [ -47.998737, -3.720328 ], [ -47.999141, -3.71987 ], [ -47.999384, -3.719594 ], [ -47.999621, -3.719322 ], [ -47.999995, -3.718891 ] ] } },
{ "type": "Feature", "properties": { }, "geometry": { "type": "LineString", "coordinates": [ [ -47.987329, -3.715207 ], [ -47.987329, -3.715118 ] ] } },
{ "type": "Feature", "properties": { }, "geometry": { "type": "LineString", "coordinates": [ [ -47.92822, -3.67649 ], [ -47.928205, -3.67611 ], [ -47.928193, -3.675867 ], [ -47.928178, -3.675611 ], [ -47.928161, -3.675361 ], [ -47.92813, -3.674963 ] ] } },
{ "type": "Feature", "properties": { }, "geometry": { "type": "LineString", "coordinates": [ [ -47.926064, -3.68727 ], [ -47.926064, -3.68718 ] ] } },
{ "type": "Feature", "properties": { }, "geometry": { "type": "LineString", "coordinates": [ [ -47.867224, -3.703978 ], [ -47.867394, -3.703913 ], [ -47.867508, -3.703873 ], [ -47.867635, -3.703832 ], [ -47.86777, -3.703794 ], [ -47.867904, -3.70376 ], [ -47.868122, -3.703709 ] ] } },
{ "type": "Feature", "properties": { }, "geometry": { "type": "LineString", "coordinates": [ [ -47.867224, -3.703978 ], [ -47.867049, -3.703874 ], [ -47.866948, -3.703813 ], [ -47.866775, -3.703709 ] ] } },
{ "type": "Feature", "properties": { }, "geometry": { "type": "LineString", "coordinates": [ [ -47.93316, -3.682958 ], [ -47.93316, -3.682868 ] ] } },
{ "type": "Feature", "properties": { }, "geometry": { "type": "LineString", "coordinates": [ [ -47.872344, -3.710267 ], [ -47.872434, -3.710267 ] ] } },
{ "type": "Feature", "properties": { }, "geometry": { "type": "LineString", "coordinates": [ [ -47.872344, -3.710267 ], [ -47.872091, -3.710067 ], [ -47.871925, -3.709929 ], [ -47.871745, -3.709768 ], [ -47.871558, -3.70959 ], [ -47.871377, -3.709407 ], [ -47.871087, -3.709099 ] ] } },
{ "type": "Feature", "properties": { }, "geometry": { "type": "LineString", "coordinates": [ [ -47.981939, -3.689516 ], [ -47.981904, -3.689155 ], [ -47.981883, -3.688952 ], [ -47.981849, -3.688617 ] ] } },
{ "type": "Feature", "properties": { }, "geometry": { "type": "LineString", "coordinates": [ [ -47.949959, -3.715387 ], [ -47.949723, -3.715122 ], [ -47.949552, -3.714942 ], [ -47.949346, -3.714735 ], [ -47.949108, -3.714508 ], [ -47.948844, -3.714266 ], [ -47.948564, -3.714018 ], [ -47.948283, -3.713777 ], [ -47.948021, -3.713557 ], [ -47.947674, -3.713209 ] ] } },
{ "type": "Feature", "properties": { }, "geometry": { "type": "LineString", "coordinates": [ [ -47.991281, -3.715836 ], [ -47.991281, -3.715746 ] ] } },
{ "type": "Feature", "properties": { }, "geometry": { "type": "LineString", "coordinates": [ [ -47.921482, -3.680802 ], [ -47.921482, -3.680712 ] ] } },
{ "type": "Feature", "properties": { }, "geometry": { "type": "LineString", "coordinates": [ [ -47.866146, -3.703619 ], [ -47.8662, -3.703373 ], [ -47.866233, -3.703232 ], [ -47.866268, -3.7031 ], [ -47.866326, -3.702901 ] ] } },
{ "type": "Feature", "properties": { }, "geometry": { "type": "LineString", "coordinates": [ [ -47.866685, -3.703709 ], [ -47.866775, -3.703709 ] ] } },
{ "type": "Feature", "properties": { }, "geometry": { "type": "LineString", "coordinates": [ [ -47.953552, -3.722304 ], [ -47.953516, -3.721825 ], [ -47.953486, -3.72155 ], [ -47.953446, -3.721289 ], [ -47.953395, -3.721061 ], [ -47.953336, -3.720875 ], [ -47.953272, -3.720729 ], [ -47.953208, -3.720624 ], [ -47.953103, -3.720507 ] ] } },
{ "type": "Feature", "properties": { }, "geometry": { "type": "LineString", "coordinates": [ [ -47.915611, -3.709836 ], [ -47.915553, -3.708111 ], [ -47.915643, -3.708021 ] ] } },
{ "type": "Feature", "properties": { }, "geometry": { "type": "LineString", "coordinates": [ [ -47.915611, -3.709836 ], [ -47.915244, -3.709722 ], [ -47.915056, -3.709713 ], [ -47.914865, -3.709697 ], [ -47.914724, -3.709734 ], [ -47.914497, -3.709643 ], [ -47.914276, -3.709584 ], [ -47.914148, -3.709569 ], [ -47.913975, -3.709529 ], [ -47.9138, -3.709489 ], [ -47.913627, -3.709452 ], [ -47.913465, -3.709418 ], [ -47.913218, -3.709368 ] ] } },
{ "type": "Feature", "properties": { }, "geometry": { "type": "LineString", "coordinates": [ [ -47.833358, -3.686012 ], [ -47.833447, -3.686012 ] ] } },
{ "type": "Feature", "properties": { }, "geometry": { "type": "LineString", "coordinates": [ [ -47.833358, -3.686012 ], [ -47.83325, -3.68587 ], [ -47.833189, -3.685788 ], [ -47.833088, -3.685653 ] ] } },
{ "type": "Feature", "properties": { }, "geometry": { "type": "LineString", "coordinates": [ [ -47.898485, -3.702272 ], [ -47.898485, -3.702182 ] ] } },
{ "type": "Feature", "properties": { }, "geometry": { "type": "LineString", "coordinates": [ [ -47.9814, -3.699846 ], [ -47.98149, -3.699846 ] ] } },
{ "type": "Feature", "properties": { }, "geometry": { "type": "LineString", "coordinates": [ [ -47.9814, -3.699846 ], [ -47.9814, -3.699756 ] ] } },
{ "type": "Feature", "properties": { }, "geometry": { "type": "LineString", "coordinates": [ [ -47.987149, -3.709189 ], [ -47.987239, -3.709189 ] ] } },
{ "type": "Feature", "properties": { }, "geometry": { "type": "LineString", "coordinates": [ [ -47.987149, -3.709189 ], [ -47.987149, -3.709099 ] ] } },
{ "type": "Feature", "properties": { }, "geometry": { "type": "LineString", "coordinates": [ [ -47.984544, -3.70865 ], [ -47.984696, -3.70855 ], [ -47.984789, -3.70849 ], [ -47.984887, -3.70843 ], [ -47.984986, -3.708371 ], [ -47.985086, -3.708312 ], [ -47.985189, -3.708252 ], [ -47.985294, -3.708187 ], [ -47.985405, -3.708118 ], [ -47.985518, -3.708043 ], [ -47.985627, -3.707967 ], [ -47.985802, -3.707841 ] ] } },
{ "type": "Feature", "properties": { }, "geometry": { "type": "LineString", "coordinates": [ [ -47.929926, -3.673705 ], [ -47.930106, -3.673705 ] ] } },
{ "type": "Feature", "properties": { }, "geometry": { "type": "LineString", "coordinates": [ [ -47.982568, -3.714129 ], [ -47.982842, -3.713911 ], [ -47.983009, -3.713782 ], [ -47.983179, -3.713657 ], [ -47.983344, -3.713543 ], [ -47.983501, -3.713445 ], [ -47.983648, -3.713361 ], [ -47.983786, -3.713293 ], [ -47.983913, -3.713237 ], [ -47.984024, -3.713194 ], [ -47.984185, -3.713141 ] ] } },
{ "type": "Feature", "properties": { }, "geometry": { "type": "LineString", "coordinates": [ [ -47.982568, -3.714129 ], [ -47.982328, -3.71406 ], [ -47.982173, -3.714016 ], [ -47.982005, -3.713968 ], [ -47.981826, -3.713917 ], [ -47.981639, -3.713863 ], [ -47.981446, -3.713806 ], [ -47.98125, -3.713746 ], [ -47.981064, -3.713687 ], [ -47.980771, -3.71359 ] ] } },
{ "type": "Feature", "properties": { }, "geometry": { "type": "LineString", "coordinates": [ [ -47.995593, -3.723202 ], [ -47.995683, -3.723202 ] ] } },
{ "type": "Feature", "properties": { }, "geometry": { "type": "LineString", "coordinates": [ [ -47.995593, -3.723202 ], [ -47.995593, -3.723113 ] ] } },
{ "type": "Feature", "properties": { }, "geometry": { "type": "LineString", "coordinates": [ [ -47.849258, -3.699846 ], [ -47.849304, -3.699661 ], [ -47.849334, -3.699538 ], [ -47.849364, -3.699403 ], [ -47.849392, -3.699266 ], [ -47.849437, -3.699038 ] ] } },
{ "type": "Feature", "properties": { }, "geometry": { "type": "LineString", "coordinates": [ [ -47.845485, -3.688707 ], [ -47.845553, -3.688521 ], [ -47.845596, -3.6884 ], [ -47.84564, -3.688268 ], [ -47.845686, -3.68813 ], [ -47.845732, -3.68799 ], [ -47.845778, -3.687852 ], [ -47.845825, -3.687717 ], [ -47.845874, -3.687584 ], [ -47.845924, -3.687454 ], [ -47.845976, -3.687326 ], [ -47.84603, -3.687197 ], [ -47.846085, -3.687069 ], [ -47.846141, -3.686943 ], [ -47.846197, -3.68682 ], [ -47.846251, -3.686702 ], [ -47.846305, -3.686589 ], [ -47.846357, -3.686481 ], [ -47.84641, -3.686376 ], [ -47.846465, -3.686271 ], [ -47.846525, -3.686164 ], [ -47.846594, -3.686049 ], [ -47.846675, -3.685923 ], [ -47.846774, -3.685782 ], [ -47.846897, -3.685619 ], [ -47.847048, -3.685432 ], [ -47.847232, -3.68522 ], [ -47.847446, -3.684984 ], [ -47.847685, -3.684734 ], [ -47.847939, -3.68448 ], [ -47.848194, -3.684236 ], [ -47.848439, -3.684012 ], [ -47.848665, -3.683814 ], [ -47.84887, -3.683643 ], [ -47.849054, -3.683496 ], [ -47.849221, -3.683366 ], [ -47.849375, -3.683248 ], [ -47.849517, -3.683141 ], [ -47.849638, -3.683055 ], [ -47.849797, -3.682958 ] ] } },
{ "type": "Feature", "properties": { }, "geometry": { "type": "LineString", "coordinates": [ [ -47.845485, -3.688707 ], [ -47.845225, -3.68866 ], [ -47.845072, -3.688631 ], [ -47.844922, -3.688601 ], [ -47.844786, -3.688572 ], [ -47.844586, -3.688527 ] ] } },
{ "type": "Feature", "properties": { }, "geometry": { "type": "LineString", "coordinates": [ [ -47.830124, -3.686102 ], [ -47.830124, -3.686012 ] ] } },
{ "type": "Feature", "properties": { }, "geometry": { "type": "LineString", "coordinates": [ [ -47.87989, -3.725358 ], [ -47.87998, -3.725358 ] ] } },
{ "type": "Feature", "properties": { }, "geometry": { "type": "LineString", "coordinates": [ [ -47.87989, -3.725358 ], [ -47.879577, -3.725281 ], [ -47.879383, -3.725232 ], [ -47.879179, -3.725183 ], [ -47.878989, -3.725139 ] ] } },
{ "type": "Feature", "properties": { }, "geometry": { "type": "LineString", "coordinates": [ [ -47.989485, -3.679814 ], [ -47.989395, -3.679724 ] ] } },
{ "type": "Feature", "properties": { }, "geometry": { "type": "LineString", "coordinates": [ [ -47.930645, -3.699936 ], [ -47.930735, -3.699936 ] ] } },
{ "type": "Feature", "properties": { }, "geometry": { "type": "LineString", "coordinates": [ [ -47.930645, -3.699936 ], [ -47.930577, -3.699682 ], [ -47.930534, -3.699526 ], [ -47.93049, -3.699367 ], [ -47.930444, -3.69921 ], [ -47.930399, -3.69906 ], [ -47.930354, -3.698918 ], [ -47.930308, -3.698784 ], [ -47.930263, -3.698659 ], [ -47.930216, -3.69854 ], [ -47.930169, -3.698428 ], [ -47.930119, -3.698322 ], [ -47.930067, -3.698219 ], [ -47.930012, -3.698122 ], [ -47.929953, -3.69803 ], [ -47.929894, -3.697946 ], [ -47.929836, -3.697874 ], [ -47.929747, -3.69778 ] ] } },
{ "type": "Feature", "properties": { }, "geometry": { "type": "LineString", "coordinates": [ [ -47.875129, -3.704787 ], [ -47.875219, -3.704787 ] ] } },
{ "type": "Feature", "properties": { }, "geometry": { "type": "LineString", "coordinates": [ [ -47.937921, -3.711524 ], [ -47.937921, -3.710985 ] ] } },
{ "type": "Feature", "properties": { }, "geometry": { "type": "LineString", "coordinates": [ [ -47.937921, -3.711524 ], [ -47.937499, -3.711519 ], [ -47.937201, -3.71151 ], [ -47.936845, -3.711493 ], [ -47.936431, -3.711469 ], [ -47.93596, -3.711439 ], [ -47.93544, -3.711402 ], [ -47.934888, -3.711362 ], [ -47.934326, -3.711319 ], [ -47.933781, -3.711274 ], [ -47.933276, -3.711228 ], [ -47.932831, -3.711183 ], [ -47.932467, -3.711141 ], [ -47.931993, -3.711075 ] ] } },
{ "type": "Feature", "properties": { }, "geometry": { "type": "LineString", "coordinates": [ [ -47.933699, -3.700295 ], [ -47.933789, -3.700295 ] ] } },
{ "type": "Feature", "properties": { }, "geometry": { "type": "LineString", "coordinates": [ [ -47.933699, -3.700295 ], [ -47.933224, -3.700193 ], [ -47.932916, -3.700132 ], [ -47.932585, -3.700072 ], [ -47.932257, -3.700018 ], [ -47.931723, -3.699936 ] ] } },
{ "type": "Feature", "properties": { }, "geometry": { "type": "LineString", "coordinates": [ [ -47.918608, -3.692929 ], [ -47.918697, -3.692929 ] ] } },
{ "type": "Feature", "properties": { }, "geometry": { "type": "LineString", "coordinates": [ [ -47.918608, -3.692929 ], [ -47.917923, -3.692838 ], [ -47.917491, -3.692787 ], [ -47.917036, -3.692743 ], [ -47.916583, -3.692707 ], [ -47.916151, -3.692683 ], [ -47.915763, -3.692668 ], [ -47.915194, -3.69266 ] ] } },
{ "type": "Feature", "properties": { }, "geometry": { "type": "LineString", "coordinates": [ [ -47.881777, -3.719609 ], [ -47.881867, -3.719609 ] ] } },
{ "type": "Feature", "properties": { }, "geometry": { "type": "LineString", "coordinates": [ [ -47.881777, -3.719609 ], [ -47.881777, -3.719519 ] ] } },
{ "type": "Feature", "properties": { }, "geometry": { "type": "LineString", "coordinates": [ [ -47.888963, -3.72985 ], [ -47.889002, -3.726175 ], [ -47.889024, -3.724152 ], [ -47.889044, -3.722334 ], [ -47.889061, -3.720845 ], [ -47.889073, -3.719704 ], [ -47.889081, -3.718872 ], [ -47.889084, -3.718285 ], [ -47.889082, -3.717875 ], [ -47.889077, -3.717591 ], [ -47.88907, -3.71741 ], [ -47.889053, -3.717274 ], [ -47.88907, -3.71741 ], [ -47.889077, -3.717591 ], [ -47.889082, -3.717875 ], [ -47.889084, -3.718285 ], [ -47.889081, -3.718872 ], [ -47.889073, -3.719704 ], [ -47.889061, -3.720845 ], [ -47.889044, -3.722334 ], [ -47.889024, -3.724152 ], [ -47.889002, -3.726175 ], [ -47.888963, -3.72985 ] ] } },
{ "type": "Feature", "properties": { }, "geometry": { "type": "LineString", "coordinates": [ [ -47.906031, -3.689336 ], [ -47.906121, -3.689336 ] ] } },
{ "type": "Feature", "properties": { }, "geometry": { "type": "LineString", "coordinates": [ [ -47.990024, -3.676221 ], [ -47.990024, -3.676131 ] ] } },
{ "type": "Feature", "properties": { }, "geometry": { "type": "LineString", "coordinates": [ [ -47.892826, -3.693917 ], [ -47.892823, -3.693036 ], [ -47.892823, -3.692527 ], [ -47.892826, -3.691672 ] ] } },
{ "type": "Feature", "properties": { }, "geometry": { "type": "LineString", "coordinates": [ [ -47.982927, -3.699307 ], [ -47.983376, -3.699307 ] ] } },
{ "type": "Feature", "properties": { }, "geometry": { "type": "LineString", "coordinates": [ [ -47.982927, -3.699307 ], [ -47.982837, -3.699217 ] ] } },
{ "type": "Feature", "properties": { }, "geometry": { "type": "LineString", "coordinates": [ [ -47.844586, -3.688527 ], [ -47.844458, -3.688459 ], [ -47.844374, -3.688416 ], [ -47.84428, -3.688372 ], [ -47.84418, -3.688326 ], [ -47.844075, -3.68828 ], [ -47.843966, -3.688234 ], [ -47.843857, -3.688187 ], [ -47.843749, -3.688141 ], [ -47.843646, -3.688095 ], [ -47.843553, -3.688053 ], [ -47.843419, -3.687988 ] ] } },
{ "type": "Feature", "properties": { }, "geometry": { "type": "LineString", "coordinates": [ [ -47.947674, -3.713209 ], [ -47.947518, -3.712884 ] ] } },
{ "type": "Feature", "properties": { }, "geometry": { "type": "LineString", "coordinates": [ [ -47.930915, -3.704248 ], [ -47.930915, -3.703889 ] ] } },
{ "type": "Feature", "properties": { }, "geometry": { "type": "LineString", "coordinates": [ [ -47.884382, -3.720957 ], [ -47.884472, -3.720957 ] ] } },
{ "type": "Feature", "properties": { }, "geometry": { "type": "LineString", "coordinates": [ [ -47.884382, -3.720957 ], [ -47.884382, -3.720867 ] ] } },
{ "type": "Feature", "properties": { }, "geometry": { "type": "LineString", "coordinates": [ [ -47.949663, -3.727088 ], [ -47.949845, -3.726907 ], [ -47.949945, -3.726864 ], [ -47.950015, -3.726876 ], [ -47.950176, -3.726773 ], [ -47.950337, -3.726694 ], [ -47.950443, -3.72668 ], [ -47.950616, -3.726613 ], [ -47.950724, -3.726592 ], [ -47.950947, -3.726526 ] ] } },
{ "type": "Feature", "properties": { }, "geometry": { "type": "LineString", "coordinates": [ [ -47.949663, -3.727088 ], [ -47.94959, -3.726745 ], [ -47.94953, -3.726603 ], [ -47.94947, -3.726455 ], [ -47.949412, -3.726308 ], [ -47.949355, -3.726164 ], [ -47.949298, -3.726023 ], [ -47.94924, -3.725884 ], [ -47.949179, -3.725749 ], [ -47.949115, -3.725615 ], [ -47.949049, -3.725484 ], [ -47.948982, -3.725355 ], [ -47.948916, -3.725229 ], [ -47.948853, -3.725104 ], [ -47.948793, -3.72498 ], [ -47.948738, -3.724855 ], [ -47.948686, -3.724725 ], [ -47.948637, -3.724589 ], [ -47.948591, -3.724445 ], [ -47.948548, -3.724292 ], [ -47.948508, -3.724132 ], [ -47.948475, -3.723979 ], [ -47.948432, -3.723741 ] ] } },
{ "type": "Feature", "properties": { }, "geometry": { "type": "LineString", "coordinates": [ [ -47.91717, -3.677838 ], [ -47.91717, -3.677748 ] ] } },
{ "type": "Feature", "properties": { }, "geometry": { "type": "LineString", "coordinates": [ [ -47.858959, -3.691672 ], [ -47.858959, -3.691582 ] ] } },
{ "type": "Feature", "properties": { }, "geometry": { "type": "LineString", "coordinates": [ [ -47.937832, -3.672448 ], [ -47.937742, -3.672358 ], [ -47.937562, -3.672358 ] ] } },
{ "type": "Feature", "properties": { }, "geometry": { "type": "LineString", "coordinates": [ [ -47.921752, -3.701643 ], [ -47.921822, -3.701537 ], [ -47.921863, -3.701476 ], [ -47.921931, -3.701373 ] ] } },
{ "type": "Feature", "properties": { }, "geometry": { "type": "LineString", "coordinates": [ [ -47.959391, -3.727694 ], [ -47.959517, -3.727437 ], [ -47.959592, -3.727284 ], [ -47.959667, -3.727134 ], [ -47.959736, -3.726998 ], [ -47.95984, -3.726796 ] ] } },
{ "type": "Feature", "properties": { }, "geometry": { "type": "LineString", "coordinates": [ [ -47.979693, -3.68727 ], [ -47.979693, -3.68718 ] ] } },
{ "type": "Feature", "properties": { }, "geometry": { "type": "LineString", "coordinates": [ [ -47.918158, -3.682149 ], [ -47.918325, -3.681936 ], [ -47.91842, -3.681812 ], [ -47.918509, -3.681692 ], [ -47.918587, -3.681586 ], [ -47.918697, -3.681431 ] ] } },
{ "type": "Feature", "properties": { }, "geometry": { "type": "LineString", "coordinates": [ [ -47.987149, -3.673256 ], [ -47.987021, -3.67318 ], [ -47.986936, -3.673129 ], [ -47.986841, -3.673072 ], [ -47.986737, -3.673009 ], [ -47.986625, -3.672939 ], [ -47.986506, -3.672865 ], [ -47.986381, -3.672788 ], [ -47.986254, -3.67271 ], [ -47.986126, -3.672634 ], [ -47.986002, -3.672561 ], [ -47.985883, -3.672495 ], [ -47.985777, -3.672438 ], [ -47.985622, -3.672358 ] ] } },
{ "type": "Feature", "properties": { }, "geometry": { "type": "LineString", "coordinates": [ [ -47.930555, -3.673705 ], [ -47.930475, -3.67309 ], [ -47.930415, -3.672774 ], [ -47.930343, -3.672524 ], [ -47.930262, -3.672374 ], [ -47.930178, -3.672339 ], [ -47.930096, -3.672415 ], [ -47.930021, -3.672586 ], [ -47.929956, -3.672828 ], [ -47.929904, -3.673107 ], [ -47.929837, -3.673615 ] ] } },
{ "type": "Feature", "properties": { }, "geometry": { "type": "LineString", "coordinates": [ [ -47.972776, -3.709818 ], [ -47.972866, -3.709818 ] ] } },
{ "type": "Feature", "properties": { }, "geometry": { "type": "LineString", "coordinates": [ [ -47.972776, -3.709818 ], [ -47.972603, -3.709605 ], [ -47.972501, -3.709481 ], [ -47.972401, -3.709358 ], [ -47.972307, -3.709243 ], [ -47.97222, -3.709137 ], [ -47.97214, -3.70904 ], [ -47.97207, -3.708954 ], [ -47.971968, -3.708829 ] ] } },
{ "type": "Feature", "properties": { }, "geometry": { "type": "LineString", "coordinates": [ [ -47.909085, -3.689695 ], [ -47.909085, -3.689605 ] ] } },
{ "type": "Feature", "properties": { }, "geometry": { "type": "LineString", "coordinates": [ [ -47.964332, -3.71377 ], [ -47.964332, -3.71368 ] ] } },
{ "type": "Feature", "properties": { }, "geometry": { "type": "LineString", "coordinates": [ [ -47.944749, -3.706584 ], [ -47.944742, -3.704908 ], [ -47.944733, -3.703942 ], [ -47.944718, -3.703023 ], [ -47.944698, -3.702225 ], [ -47.944659, -3.701104 ] ] } },
{ "type": "Feature", "properties": { }, "geometry": { "type": "LineString", "coordinates": [ [ -47.944749, -3.706584 ], [ -47.943717, -3.706548 ], [ -47.943127, -3.706528 ], [ -47.942143, -3.706494 ] ] } },
{ "type": "Feature", "properties": { }, "geometry": { "type": "LineString", "coordinates": [ [ -47.925794, -3.679634 ], [ -47.925794, -3.679544 ] ] } },
{ "type": "Feature", "properties": { }, "geometry": { "type": "LineString", "coordinates": [ [ -47.941874, -3.689336 ], [ -47.941964, -3.689336 ] ] } },
{ "type": "Feature", "properties": { }, "geometry": { "type": "LineString", "coordinates": [ [ -47.941874, -3.689336 ], [ -47.941694, -3.689156 ], [ -47.941694, -3.688348 ] ] } },
{ "type": "Feature", "properties": { }, "geometry": { "type": "LineString", "coordinates": [ [ -47.972776, -3.709907 ], [ -47.972776, -3.709818 ] ] } },
{ "type": "Feature", "properties": { }, "geometry": { "type": "LineString", "coordinates": [ [ -47.908726, -3.689875 ], [ -47.908839, -3.689821 ], [ -47.908908, -3.689788 ], [ -47.908976, -3.689753 ], [ -47.909085, -3.689695 ] ] } },
{ "type": "Feature", "properties": { }, "geometry": { "type": "LineString", "coordinates": [ [ -47.961188, -3.727784 ], [ -47.961278, -3.727784 ] ] } },
{ "type": "Feature", "properties": { }, "geometry": { "type": "LineString", "coordinates": [ [ -47.961188, -3.727784 ], [ -47.961188, -3.727694 ] ] } },
{ "type": "Feature", "properties": { }, "geometry": { "type": "LineString", "coordinates": [ [ -47.915733, -3.680892 ], [ -47.915733, -3.680802 ] ] } },
{ "type": "Feature", "properties": { }, "geometry": { "type": "LineString", "coordinates": [ [ -47.92813, -3.674873 ], [ -47.928301, -3.67477 ], [ -47.92841, -3.674706 ], [ -47.928526, -3.674639 ], [ -47.928648, -3.674568 ], [ -47.928777, -3.674492 ], [ -47.928913, -3.674406 ], [ -47.92906, -3.674308 ], [ -47.92922, -3.674195 ], [ -47.929389, -3.674067 ], [ -47.929559, -3.673933 ], [ -47.929837, -3.673705 ] ] } },
{ "type": "Feature", "properties": { }, "geometry": { "type": "LineString", "coordinates": [ [ -47.98113, -3.705506 ], [ -47.980767, -3.705177 ], [ -47.980563, -3.704994 ], [ -47.980232, -3.704697 ] ] } },
{ "type": "Feature", "properties": { }, "geometry": { "type": "LineString", "coordinates": [ [ -47.980951, -3.705775 ], [ -47.98113, -3.705595 ] ] } },
{ "type": "Feature", "properties": { }, "geometry": { "type": "LineString", "coordinates": [ [ -47.980951, -3.705775 ], [ -47.980861, -3.705865 ], [ -47.980771, -3.705775 ] ] } },
{ "type": "Feature", "properties": { }, "geometry": { "type": "LineString", "coordinates": [ [ -47.953013, -3.720418 ], [ -47.952944, -3.720249 ], [ -47.952893, -3.720139 ], [ -47.952831, -3.720018 ], [ -47.952756, -3.719887 ], [ -47.952668, -3.719746 ], [ -47.952569, -3.719597 ], [ -47.952461, -3.719441 ], [ -47.952348, -3.719282 ], [ -47.952236, -3.719122 ], [ -47.952129, -3.718967 ], [ -47.952031, -3.718818 ], [ -47.951945, -3.718675 ], [ -47.95187, -3.718539 ], [ -47.951807, -3.718407 ], [ -47.951754, -3.71828 ], [ -47.951714, -3.718164 ], [ -47.951666, -3.717992 ] ] } },
{ "type": "Feature", "properties": { }, "geometry": { "type": "LineString", "coordinates": [ [ -47.884921, -3.730119 ], [ -47.884865, -3.729956 ] ] } },
{ "type": "Feature", "properties": { }, "geometry": { "type": "LineString", "coordinates": [ [ -47.846293, -3.694007 ], [ -47.846225, -3.693861 ], [ -47.846182, -3.693764 ], [ -47.846138, -3.693656 ], [ -47.846092, -3.69354 ], [ -47.846047, -3.693416 ], [ -47.846002, -3.693286 ], [ -47.845957, -3.693152 ], [ -47.845911, -3.693013 ], [ -47.845866, -3.692868 ], [ -47.845822, -3.69271 ], [ -47.845778, -3.692531 ], [ -47.845735, -3.692318 ], [ -47.845695, -3.692056 ], [ -47.845658, -3.69173 ], [ -47.845626, -3.691331 ], [ -47.845601, -3.690859 ], [ -47.845584, -3.690331 ], [ -47.845575, -3.689789 ], [ -47.845575, -3.688887 ] ] } },
{ "type": "Feature", "properties": { }, "geometry": { "type": "LineString", "coordinates": [ [ -47.884472, -3.719519 ], [ -47.887077, -3.719519 ] ] } },
{ "type": "Feature", "properties": { }, "geometry": { "type": "LineString", "coordinates": [ [ -47.921931, -3.701373 ], [ -47.922209, -3.701161 ], [ -47.922369, -3.701025 ], [ -47.922523, -3.700878 ], [ -47.922661, -3.700727 ], [ -47.922783, -3.700577 ], [ -47.922889, -3.700434 ], [ -47.922978, -3.700305 ], [ -47.923099, -3.700116 ] ] } },
{ "type": "Feature", "properties": { }, "geometry": { "type": "LineString", "coordinates": [ [ -47.921931, -3.701373 ], [ -47.921865, -3.699858 ], [ -47.921826, -3.698882 ], [ -47.921785, -3.697836 ], [ -47.921747, -3.696782 ], [ -47.921713, -3.695794 ], [ -47.921662, -3.694277 ] ] } },
{ "type": "Feature", "properties": { }, "geometry": { "type": "LineString", "coordinates": [ [ -47.903157, -3.689426 ], [ -47.904036, -3.689386 ], [ -47.904582, -3.689367 ], [ -47.905132, -3.689352 ], [ -47.906031, -3.689336 ] ] } },
{ "type": "Feature", "properties": { }, "geometry": { "type": "LineString", "coordinates": [ [ -47.903157, -3.689426 ], [ -47.902908, -3.689429 ], [ -47.902746, -3.689425 ], [ -47.902569, -3.689415 ], [ -47.902382, -3.689397 ], [ -47.902189, -3.689372 ], [ -47.901997, -3.689339 ], [ -47.901811, -3.689302 ], [ -47.901638, -3.689261 ], [ -47.901486, -3.689221 ], [ -47.90127, -3.689156 ] ] } },
{ "type": "Feature", "properties": { }, "geometry": { "type": "LineString", "coordinates": [ [ -47.914655, -3.685563 ], [ -47.914732, -3.685396 ], [ -47.914786, -3.68529 ], [ -47.914849, -3.685176 ], [ -47.914922, -3.68506 ], [ -47.915001, -3.684944 ], [ -47.915082, -3.684831 ], [ -47.915161, -3.684729 ], [ -47.915284, -3.684575 ] ] } },
{ "type": "Feature", "properties": { }, "geometry": { "type": "LineString", "coordinates": [ [ -47.833717, -3.679634 ], [ -47.833717, -3.679544 ] ] } },
{ "type": "Feature", "properties": { }, "geometry": { "type": "LineString", "coordinates": [ [ -47.931813, -3.705416 ], [ -47.931819, -3.704942 ], [ -47.931821, -3.704662 ], [ -47.931819, -3.704394 ], [ -47.931813, -3.703978 ] ] } },
{ "type": "Feature", "properties": { }, "geometry": { "type": "LineString", "coordinates": [ [ -47.931813, -3.705416 ], [ -47.931488, -3.705279 ], [ -47.931281, -3.705192 ], [ -47.931061, -3.7051 ], [ -47.930837, -3.705007 ], [ -47.930623, -3.704921 ], [ -47.930286, -3.704787 ] ] } },
{ "type": "Feature", "properties": { }, "geometry": { "type": "LineString", "coordinates": [ [ -47.877195, -3.70335 ], [ -47.877195, -3.70317 ] ] } },
{ "type": "Feature", "properties": { }, "geometry": { "type": "LineString", "coordinates": [ [ -47.838388, -3.684844 ], [ -47.838478, -3.684844 ] ] } },
{ "type": "Feature", "properties": { }, "geometry": { "type": "LineString", "coordinates": [ [ -47.838388, -3.684844 ], [ -47.838388, -3.684755 ] ] } },
{ "type": "Feature", "properties": { }, "geometry": { "type": "LineString", "coordinates": [ [ -47.908636, -3.694816 ], [ -47.908828, -3.694705 ], [ -47.908945, -3.694638 ], [ -47.909066, -3.69457 ], [ -47.909182, -3.694506 ], [ -47.909288, -3.694449 ], [ -47.909445, -3.694367 ] ] } },
{ "type": "Feature", "properties": { }, "geometry": { "type": "LineString", "coordinates": [ [ -47.908636, -3.694816 ], [ -47.908544, -3.694669 ], [ -47.90849, -3.694582 ], [ -47.908441, -3.694498 ], [ -47.908367, -3.694367 ] ] } },
{ "type": "Feature", "properties": { }, "geometry": { "type": "LineString", "coordinates": [ [ -47.908636, -3.694816 ], [ -47.908423, -3.695056 ], [ -47.908289, -3.695207 ], [ -47.908146, -3.695368 ], [ -47.908001, -3.695533 ], [ -47.907855, -3.695697 ], [ -47.907709, -3.695857 ], [ -47.907561, -3.696008 ], [ -47.907408, -3.696146 ], [ -47.907247, -3.696268 ], [ -47.907076, -3.696373 ], [ -47.906893, -3.696459 ], [ -47.9067, -3.696525 ], [ -47.906504, -3.696572 ], [ -47.906318, -3.696599 ], [ -47.906031, -3.696612 ] ] } },
{ "type": "Feature", "properties": { }, "geometry": { "type": "LineString", "coordinates": [ [ -47.878812, -3.720777 ], [ -47.879172, -3.720777 ] ] } },
{ "type": "Feature", "properties": { }, "geometry": { "type": "LineString", "coordinates": [ [ -47.983196, -3.717004 ], [ -47.983007, -3.716894 ], [ -47.982887, -3.716823 ], [ -47.98276, -3.716747 ], [ -47.982628, -3.716665 ], [ -47.982492, -3.716577 ], [ -47.982353, -3.716481 ], [ -47.982213, -3.716377 ], [ -47.982074, -3.716263 ], [ -47.981939, -3.716141 ], [ -47.981811, -3.71601 ], [ -47.981694, -3.715872 ], [ -47.981592, -3.715732 ], [ -47.981507, -3.715597 ], [ -47.9814, -3.715387 ] ] } },
{ "type": "Feature", "properties": { }, "geometry": { "type": "LineString", "coordinates": [ [ -47.93325, -3.682868 ], [ -47.933846, -3.682816 ], [ -47.934235, -3.682782 ], [ -47.934665, -3.682745 ], [ -47.935128, -3.682705 ], [ -47.935618, -3.682663 ], [ -47.936133, -3.682621 ], [ -47.936666, -3.682579 ], [ -47.937211, -3.682539 ], [ -47.937755, -3.682503 ], [ -47.938286, -3.682472 ], [ -47.938788, -3.682447 ], [ -47.939246, -3.68243 ], [ -47.939637, -3.682421 ], [ -47.940167, -3.682419 ] ] } },
{ "type": "Feature", "properties": { }, "geometry": { "type": "LineString", "coordinates": [ [ -47.863631, -3.699667 ], [ -47.86369, -3.699433 ], [ -47.863725, -3.699294 ], [ -47.863759, -3.699159 ], [ -47.86381, -3.698948 ] ] } },
{ "type": "Feature", "properties": { }, "geometry": { "type": "LineString", "coordinates": [ [ -47.879441, -3.71386 ], [ -47.879531, -3.71386 ] ] } },
{ "type": "Feature", "properties": { }, "geometry": { "type": "LineString", "coordinates": [ [ -47.879441, -3.71386 ], [ -47.879121, -3.713591 ], [ -47.878914, -3.713416 ], [ -47.878687, -3.713224 ], [ -47.878446, -3.713018 ], [ -47.878195, -3.712803 ], [ -47.877951, -3.71259 ], [ -47.877555, -3.712243 ] ] } },
{ "type": "Feature", "properties": { }, "geometry": { "type": "LineString", "coordinates": [ [ -47.859049, -3.690863 ], [ -47.859049, -3.690773 ] ] } },
{ "type": "Feature", "properties": { }, "geometry": { "type": "LineString", "coordinates": [ [ -47.854827, -3.679993 ], [ -47.854827, -3.679904 ] ] } },
{ "type": "Feature", "properties": { }, "geometry": { "type": "LineString", "coordinates": [ [ -47.981669, -3.728143 ], [ -47.981759, -3.728143 ] ] } },
{ "type": "Feature", "properties": { }, "geometry": { "type": "LineString", "coordinates": [ [ -47.981669, -3.728143 ], [ -47.981393, -3.727942 ], [ -47.981214, -3.727808 ], [ -47.981019, -3.727658 ], [ -47.980823, -3.727504 ], [ -47.980502, -3.727245 ] ] } },
{ "type": "Feature", "properties": { }, "geometry": { "type": "LineString", "coordinates": [ [ -47.861654, -3.700655 ], [ -47.861593, -3.700304 ], [ -47.861547, -3.700095 ], [ -47.861488, -3.699887 ], [ -47.861415, -3.699688 ], [ -47.861323, -3.6995 ], [ -47.861212, -3.699322 ], [ -47.861084, -3.699152 ], [ -47.860941, -3.69899 ], [ -47.86079, -3.698834 ], [ -47.860636, -3.698685 ], [ -47.860487, -3.698541 ], [ -47.860349, -3.698397 ], [ -47.860224, -3.698249 ], [ -47.860117, -3.69809 ], [ -47.860029, -3.697912 ], [ -47.859958, -3.697713 ], [ -47.859903, -3.697489 ], [ -47.85986, -3.697246 ], [ -47.859825, -3.696993 ], [ -47.859795, -3.69674 ], [ -47.859766, -3.696501 ], [ -47.859737, -3.696287 ], [ -47.859711, -3.696112 ], [ -47.859678, -3.695894 ] ] } },
{ "type": "Feature", "properties": { }, "geometry": { "type": "LineString", "coordinates": [ [ -47.861654, -3.700655 ], [ -47.861422, -3.700723 ], [ -47.861268, -3.700765 ], [ -47.861096, -3.700809 ], [ -47.860912, -3.700852 ], [ -47.860719, -3.700892 ], [ -47.860524, -3.700928 ], [ -47.860331, -3.700958 ], [ -47.860147, -3.700979 ], [ -47.859974, -3.700989 ], [ -47.859816, -3.700988 ], [ -47.859671, -3.700973 ], [ -47.859539, -3.700945 ], [ -47.859414, -3.700905 ], [ -47.859292, -3.700852 ], [ -47.859169, -3.700787 ], [ -47.859042, -3.700713 ], [ -47.858911, -3.70063 ], [ -47.858776, -3.700543 ], [ -47.85864, -3.700455 ], [ -47.858505, -3.700369 ], [ -47.858374, -3.700287 ], [ -47.858249, -3.700208 ], [ -47.858129, -3.700132 ], [ -47.858015, -3.700055 ], [ -47.857908, -3.699975 ], [ -47.857809, -3.69989 ], [ -47.857718, -3.699801 ], [ -47.857639, -3.699709 ], [ -47.85758, -3.699622 ], [ -47.857522, -3.699487 ] ] } },
{ "type": "Feature", "properties": { }, "geometry": { "type": "LineString", "coordinates": [ [ -47.884472, -3.726347 ], [ -47.884472, -3.723741 ] ] } },
{ "type": "Feature", "properties": { }, "geometry": { "type": "LineString", "coordinates": [ [ -47.921999, -3.734385 ], [ -47.921954, -3.734688 ] ] } },
{ "type": "Feature", "properties": { }, "geometry": { "type": "LineString", "coordinates": [ [ -47.999187, -3.723831 ], [ -47.999276, -3.723831 ], [ -47.999366, -3.723741 ] ] } },
{ "type": "Feature", "properties": { }, "geometry": { "type": "LineString", "coordinates": [ [ -47.913397, -3.672178 ], [ -47.913487, -3.672088 ], [ -47.913847, -3.672088 ] ] } },
{ "type": "Feature", "properties": { }, "geometry": { "type": "LineString", "coordinates": [ [ -47.959657, -3.729956 ], [ -47.95971, -3.729854 ], [ -47.9598, -3.729705 ], [ -47.959903, -3.729547 ], [ -47.960023, -3.729376 ], [ -47.960158, -3.729191 ], [ -47.960306, -3.728992 ], [ -47.960463, -3.728782 ], [ -47.96062, -3.72857 ], [ -47.96077, -3.728363 ], [ -47.960906, -3.728171 ], [ -47.961023, -3.728007 ], [ -47.961188, -3.727784 ] ] } },
{ "type": "Feature", "properties": { }, "geometry": { "type": "LineString", "coordinates": [ [ -47.999815, -3.722124 ], [ -47.999905, -3.722035 ], [ -47.999815, -3.721945 ] ] } },
{ "type": "Feature", "properties": { }, "geometry": { "type": "LineString", "coordinates": [ [ -47.87998, -3.725448 ], [ -47.87998, -3.725358 ] ] } },
{ "type": "Feature", "properties": { }, "geometry": { "type": "LineString", "coordinates": [ [ -47.923818, -3.689785 ], [ -47.924143, -3.689372 ], [ -47.924349, -3.689117 ], [ -47.924567, -3.688853 ], [ -47.924784, -3.688595 ], [ -47.924992, -3.688351 ], [ -47.925186, -3.688127 ], [ -47.925363, -3.687924 ], [ -47.925524, -3.687743 ], [ -47.925669, -3.687584 ], [ -47.925795, -3.68745 ], [ -47.925974, -3.68727 ] ] } },
{ "type": "Feature", "properties": { }, "geometry": { "type": "LineString", "coordinates": [ [ -47.919057, -3.681161 ], [ -47.918967, -3.681071 ] ] } },
{ "type": "Feature", "properties": { }, "geometry": { "type": "LineString", "coordinates": [ [ -47.915284, -3.689516 ], [ -47.915301, -3.689291 ], [ -47.915319, -3.689148 ], [ -47.915347, -3.688996 ], [ -47.915386, -3.688842 ], [ -47.915434, -3.68869 ], [ -47.91549, -3.688543 ], [ -47.915551, -3.688402 ], [ -47.915616, -3.688267 ], [ -47.915683, -3.688134 ], [ -47.915748, -3.687999 ], [ -47.91581, -3.687854 ], [ -47.915867, -3.687692 ], [ -47.915915, -3.687506 ], [ -47.915954, -3.687291 ], [ -47.915982, -3.687049 ], [ -47.915999, -3.686787 ], [ -47.916007, -3.686525 ], [ -47.916003, -3.686102 ] ] } },
{ "type": "Feature", "properties": { }, "geometry": { "type": "LineString", "coordinates": [ [ -47.984185, -3.713141 ], [ -47.984274, -3.713141 ] ] } },
{ "type": "Feature", "properties": { }, "geometry": { "type": "LineString", "coordinates": [ [ -47.88025, -3.713411 ], [ -47.880339, -3.713411 ] ] } },
{ "type": "Feature", "properties": { }, "geometry": { "type": "LineString", "coordinates": [ [ -47.88025, -3.713411 ], [ -47.88025, -3.713321 ] ] } },
{ "type": "Feature", "properties": { }, "geometry": { "type": "LineString", "coordinates": [ [ -47.871626, -3.701733 ], [ -47.871626, -3.701643 ] ] } },
{ "type": "Feature", "properties": { }, "geometry": { "type": "LineString", "coordinates": [ [ -47.947533, -3.728952 ], [ -47.947429, -3.728792 ] ] } },
{ "type": "Feature", "properties": { }, "geometry": { "type": "LineString", "coordinates": [ [ -47.879711, -3.70299 ], [ -47.879488, -3.702701 ], [ -47.879327, -3.702509 ], [ -47.879134, -3.702294 ], [ -47.878916, -3.702066 ], [ -47.87868, -3.70183 ], [ -47.878439, -3.701595 ], [ -47.878201, -3.701368 ], [ -47.877974, -3.701154 ], [ -47.877761, -3.700956 ], [ -47.877561, -3.700773 ], [ -47.877368, -3.700605 ], [ -47.877178, -3.700447 ], [ -47.876986, -3.700297 ], [ -47.876791, -3.700154 ], [ -47.876598, -3.700019 ], [ -47.876414, -3.699896 ], [ -47.876252, -3.699794 ], [ -47.876027, -3.699667 ] ] } },
{ "type": "Feature", "properties": { }, "geometry": { "type": "LineString", "coordinates": [ [ -47.976549, -3.712512 ], [ -47.976639, -3.712512 ] ] } },
{ "type": "Feature", "properties": { }, "geometry": { "type": "LineString", "coordinates": [ [ -47.98158, -3.730748 ], [ -47.981192, -3.730752 ], [ -47.980968, -3.730752 ], [ -47.980591, -3.730748 ] ] } },
{ "type": "Feature", "properties": { }, "geometry": { "type": "LineString", "coordinates": [ [ -47.98158, -3.730748 ], [ -47.981626, -3.730531 ], [ -47.981655, -3.730391 ], [ -47.981686, -3.730241 ], [ -47.981714, -3.730092 ], [ -47.981739, -3.729956 ] ] } },
{ "type": "Feature", "properties": { }, "geometry": { "type": "LineString", "coordinates": [ [ -47.906121, -3.690144 ], [ -47.906121, -3.689426 ] ] } },
{ "type": "Feature", "properties": { }, "geometry": { "type": "LineString", "coordinates": [ [ -47.932082, -3.707841 ], [ -47.932029, -3.707653 ], [ -47.931994, -3.707533 ], [ -47.931956, -3.707402 ], [ -47.931916, -3.70727 ], [ -47.931876, -3.707143 ], [ -47.931813, -3.706943 ] ] } },
{ "type": "Feature", "properties": { }, "geometry": { "type": "LineString", "coordinates": [ [ -47.932082, -3.707841 ], [ -47.931871, -3.707844 ], [ -47.931749, -3.707844 ], [ -47.931543, -3.707841 ] ] } },
{ "type": "Feature", "properties": { }, "geometry": { "type": "LineString", "coordinates": [ [ -47.899474, -3.695983 ], [ -47.899474, -3.695804 ] ] } },
{ "type": "Feature", "properties": { }, "geometry": { "type": "LineString", "coordinates": [ [ -47.888334, -3.734611 ], [ -47.888334, -3.734521 ] ] } },
{ "type": "Feature", "properties": { }, "geometry": { "type": "LineString", "coordinates": [ [ -47.93316, -3.675412 ], [ -47.93307, -3.675322 ] ] } },
{ "type": "Feature", "properties": { }, "geometry": { "type": "LineString", "coordinates": [ [ -47.905941, -3.692121 ], [ -47.906031, -3.692121 ] ] } },
{ "type": "Feature", "properties": { }, "geometry": { "type": "LineString", "coordinates": [ [ -47.976639, -3.712423 ], [ -47.976639, -3.712333 ] ] } },
{ "type": "Feature", "properties": { }, "geometry": { "type": "LineString", "coordinates": [ [ -47.948252, -3.723652 ], [ -47.948342, -3.723652 ] ] } },
{ "type": "Feature", "properties": { }, "geometry": { "type": "LineString", "coordinates": [ [ -47.99721, -3.71925 ], [ -47.996869, -3.718846 ], [ -47.996633, -3.718574 ], [ -47.996361, -3.718273 ], [ -47.996078, -3.717966 ], [ -47.995593, -3.717453 ] ] } },
{ "type": "Feature", "properties": { }, "geometry": { "type": "LineString", "coordinates": [ [ -47.910972, -3.694367 ], [ -47.910882, -3.694367 ], [ -47.910792, -3.694277 ] ] } },
{ "type": "Feature", "properties": { }, "geometry": { "type": "LineString", "coordinates": [ [ -47.924716, -3.672807 ], [ -47.924896, -3.672627 ] ] } },
{ "type": "Feature", "properties": { }, "geometry": { "type": "LineString", "coordinates": [ [ -47.944749, -3.711435 ], [ -47.944786, -3.710771 ], [ -47.944803, -3.710303 ], [ -47.944813, -3.70975 ], [ -47.944813, -3.709119 ], [ -47.944803, -3.708431 ], [ -47.944786, -3.707736 ], [ -47.944749, -3.706584 ] ] } },
{ "type": "Feature", "properties": { }, "geometry": { "type": "LineString", "coordinates": [ [ -47.915553, -3.695175 ], [ -47.915902, -3.694932 ], [ -47.916107, -3.694792 ], [ -47.916307, -3.694659 ], [ -47.916492, -3.694542 ], [ -47.916657, -3.694445 ], [ -47.916796, -3.69437 ], [ -47.916991, -3.694277 ] ] } },
{ "type": "Feature", "properties": { }, "geometry": { "type": "LineString", "coordinates": [ [ -47.93864, -3.688078 ], [ -47.93872, -3.68793 ], [ -47.938779, -3.687829 ], [ -47.93885, -3.687712 ], [ -47.938935, -3.687583 ], [ -47.93903, -3.687442 ], [ -47.939132, -3.687295 ], [ -47.939237, -3.687144 ], [ -47.939341, -3.686994 ], [ -47.939439, -3.686849 ], [ -47.93953, -3.686709 ], [ -47.939614, -3.686575 ], [ -47.93969, -3.686445 ], [ -47.939761, -3.686319 ], [ -47.939826, -3.686194 ], [ -47.939887, -3.686071 ], [ -47.939944, -3.685948 ], [ -47.939998, -3.685824 ], [ -47.940049, -3.685697 ], [ -47.940097, -3.685565 ], [ -47.940144, -3.685423 ], [ -47.94019, -3.685269 ], [ -47.940233, -3.685101 ], [ -47.940274, -3.684925 ], [ -47.940307, -3.684753 ], [ -47.940347, -3.684485 ] ] } },
{ "type": "Feature", "properties": { }, "geometry": { "type": "LineString", "coordinates": [ [ -47.983376, -3.699307 ], [ -47.983436, -3.699194 ], [ -47.983471, -3.699125 ], [ -47.983504, -3.699057 ], [ -47.983556, -3.698948 ] ] } },
{ "type": "Feature", "properties": { }, "geometry": { "type": "LineString", "coordinates": [ [ -47.9814, -3.705685 ], [ -47.9814, -3.705595 ] ] } },
{ "type": "Feature", "properties": { }, "geometry": { "type": "LineString", "coordinates": [ [ -47.8692, -3.705955 ], [ -47.869141, -3.705666 ], [ -47.869098, -3.705486 ], [ -47.869046, -3.705298 ], [ -47.868983, -3.705107 ], [ -47.868908, -3.704914 ], [ -47.868822, -3.704722 ], [ -47.868727, -3.704533 ], [ -47.868626, -3.70435 ], [ -47.868524, -3.704178 ], [ -47.868426, -3.704023 ], [ -47.868339, -3.70389 ], [ -47.868212, -3.703709 ] ] } },
{ "type": "Feature", "properties": { }, "geometry": { "type": "LineString", "coordinates": [ [ -47.950498, -3.722843 ], [ -47.950491, -3.722286 ], [ -47.95049, -3.721955 ], [ -47.950491, -3.721636 ], [ -47.950498, -3.721136 ] ] } },
{ "type": "Feature", "properties": { }, "geometry": { "type": "LineString", "coordinates": [ [ -47.985712, -3.675682 ], [ -47.985712, -3.675592 ] ] } },
{ "type": "Feature", "properties": { }, "geometry": { "type": "LineString", "coordinates": [ [ -47.832998, -3.687539 ], [ -47.833088, -3.687539 ] ] } },
{ "type": "Feature", "properties": { }, "geometry": { "type": "LineString", "coordinates": [ [ -47.832998, -3.687539 ], [ -47.832819, -3.687539 ], [ -47.832729, -3.687449 ] ] } },
{ "type": "Feature", "properties": { }, "geometry": { "type": "LineString", "coordinates": [ [ -47.959211, -3.718441 ], [ -47.959301, -3.718441 ] ] } },
{ "type": "Feature", "properties": { }, "geometry": { "type": "LineString", "coordinates": [ [ -47.959211, -3.718441 ], [ -47.959211, -3.718352 ] ] } },
{ "type": "Feature", "properties": { }, "geometry": { "type": "LineString", "coordinates": [ [ -47.849797, -3.700026 ], [ -47.849624, -3.699972 ], [ -47.84952, -3.699938 ], [ -47.849418, -3.699904 ], [ -47.849258, -3.699846 ] ] } }
]
}
